priority,player_name,player_id,player_type,position,team_latest,latest_year,games_2026,birth_year
1,최지훈,50854,hitter,외야수,SSG,2026,106,
1,김호령,65653,hitter,외야수,KIA,2026,103,
1,김주원,51907,hitter,내야수,NC,2026,99,
1,홍창기,66108,hitter,외야수,LG,2026,97,
1,김형준,68912,hitter,포수,NC,2026,89,
1,전병우,65586,hitter,내야수,삼성,2026,89,
1,구자욱,62404,hitter,외야수,삼성,2026,86,
1,박승욱,62802,hitter,내야수,롯데,2026,79,
1,김민혁,64004,hitter,외야수,KT,2026,77,
1,배정대,64166,hitter,외야수,KT,2026,75,
1,오윤석,64504,hitter,내야수,KT,2026,75,
1,권희동,63963,hitter,외야수,NC,2026,61,
1,이형종,78135,hitter,외야수,키움,2026,50,
1,한유섬,62895,hitter,외야수,SSG,2026,49,
1,박상원,67703,pitcher,투수,한화,2026,47,
1,문승원,62869,pitcher,투수,SSG,2026,45,
1,박치국,67266,pitcher,투수,두산,2026,39,
1,한승혁,61666,pitcher,투수,KT,2026,35,
1,김민수,65048,pitcher,투수,KT,2026,33,
1,류진욱,65949,pitcher,투수,NC,2026,31,
1,김영규,68900,pitcher,투수,NC,2026,28,
1,나균안,67539,pitcher,투수,롯데,2026,19,
1,원태인,69446,pitcher,투수,삼성,2026,18,
1,안우진,68341,pitcher,투수,키움,2026,17,
1,서진용,61895,pitcher,투수,SSG,2026,12,
1,신민혁,68902,pitcher,투수,NC,2026,8,
1,김민수,64793,hitter,포수,LG,2026,2,
1,이창진,64560,hitter,외야수,KIA,2026,1,
1,김민혁,65269,hitter,내야수,두산,2025,0,
1,김재열,64580,pitcher,투수,NC,2025,0,
1,문상철,64007,hitter,내야수,KT,2025,0,
1,박종훈,60841,pitcher,투수,SSG,2025,0,
1,최동환,79140,pitcher,투수,KT,2025,0,
2,박성한,67893,hitter,내야수,SSG,2026,108,
2,오스틴,53123,hitter,내야수,LG,2026,106,
2,김도영,52605,hitter,내야수,KIA,2026,105,
2,디아즈,54400,hitter,내야수,삼성,2026,105,
2,레이예스,54529,hitter,외야수,롯데,2026,105,
2,정준재,54812,hitter,내야수,SSG,2026,105,
2,페라자,54730,hitter,외야수,한화,2026,104,
2,김지찬,50458,hitter,내야수,삼성,2026,102,
2,문현빈,53764,hitter,내야수,한화,2026,102,
2,신민재,65207,hitter,내야수,LG,2026,102,
2,전민재,68205,hitter,내야수,롯데,2026,102,
2,힐리어드,56034,hitter,내야수,KT,2026,102,
2,구본혁,69100,hitter,내야수,LG,2026,101,
2,김건희,53312,hitter,포수,키움,2026,101,
2,박재현,55636,hitter,외야수,KIA,2026,100,
2,손성빈,51528,hitter,포수,롯데,2026,99,
2,김민석,53554,hitter,외야수,두산,2026,98,
2,노시환,69737,hitter,내야수,한화,2026,97,
2,이도윤,65703,hitter,내야수,한화,2026,93,
2,이우성,63260,hitter,외야수,NC,2026,93,
2,허인서,52764,hitter,포수,한화,2026,93,
2,박지훈,50204,hitter,내야수,두산,2026,91,
2,정현창,55926,hitter,내야수,KIA,2026,91,
2,김태연,66704,hitter,외야수,한화,2026,90,
2,한준수,68646,hitter,포수,KIA,2026,90,
2,데이비슨,54944,hitter,내야수,키움,2026,89,
2,김규성,66614,hitter,내야수,KIA,2026,88,
2,권동진,51003,hitter,내야수,KT,2026,87,
2,김성윤,67449,hitter,외야수,삼성,2026,87,
2,황성빈,50500,hitter,외야수,롯데,2026,85,
2,에레디아,53827,hitter,외야수,SSG,2026,84,
2,송찬의,68110,hitter,외야수,LG,2026,82,
2,조형우,51865,hitter,포수,SSG,2026,81,
2,최정원,69992,hitter,내야수,NC,2026,81,
2,문보경,69102,hitter,내야수,LG,2026,79,
2,윤준호,53296,hitter,포수,두산,2026,79,
2,천성호,50054,hitter,내야수,LG,2026,79,
2,이유찬,67207,hitter,내야수,두산,2026,77,
2,권혁빈,55371,hitter,내야수,키움,2026,76,
2,박정우,67609,hitter,외야수,KIA,2026,76,
2,강승호,63123,hitter,내야수,두산,2026,75,
2,카메론,56251,hitter,외야수,두산,2026,75,
2,고승민,69517,hitter,내야수,롯데,2026,74,
2,안재석,51203,hitter,내야수,두산,2026,74,
2,박민,50657,hitter,내야수,KIA,2026,73,
2,박승규,69418,hitter,외야수,삼성,2026,73,
2,박준순,55252,hitter,내야수,두산,2026,73,
2,임병욱,64346,hitter,외야수,키움,2026,73,
2,한동희,68525,hitter,내야수,롯데,2026,70,
2,문성주,68119,hitter,외야수,LG,2026,69,
2,천재환,67905,hitter,외야수,NC,2026,69,
2,도태훈,66965,hitter,내야수,NC,2026,67,
2,박찬혁,52348,hitter,외야수,키움,2026,67,
2,장두성,68507,hitter,외야수,롯데,2026,67,
2,김웅빈,65898,hitter,내야수,키움,2026,66,
2,나승엽,51551,hitter,내야수,롯데,2026,66,
2,손호영,50150,hitter,외야수,롯데,2026,66,
2,김한별,50902,hitter,내야수,NC,2026,65,
2,윤동희,52591,hitter,외야수,롯데,2026,65,
2,이정훈,67644,hitter,외야수,KT,2026,65,
2,양우현,69403,hitter,내야수,삼성,2026,64,
2,장준원,64115,hitter,내야수,KT,2026,62,
2,홍대인,55897,hitter,내야수,SSG,2026,61,
2,안상현,66864,hitter,내야수,SSG,2026,60,
2,장승현,63202,hitter,포수,삼성,2026,60,
2,채현우,69804,hitter,외야수,SSG,2026,60,
2,카스트로,56626,hitter,외야수,KIA,2026,60,
2,한석현,64101,hitter,외야수,NC,2026,59,
2,류현인,53036,hitter,내야수,KT,2026,56,
2,이강민,56006,hitter,내야수,KT,2026,56,
2,김민,68043,pitcher,투수,SSG,2026,55,
2,이재현,52415,hitter,내야수,삼성,2026,55,
2,조동욱,54768,pitcher,투수,한화,2026,55,
2,한태양,52568,hitter,내야수,롯데,2026,55,
2,스기모토,56011,pitcher,투수,KT,2026,54,
2,이영빈,51100,hitter,내야수,LG,2026,54,
2,황영묵,54795,hitter,내야수,한화,2026,54,
2,문정빈,52121,hitter,내야수,LG,2026,53,
2,안중열,64022,hitter,포수,NC,2026,53,
2,오명진,50208,hitter,내야수,두산,2026,53,
2,이승민,50464,pitcher,투수,삼성,2026,53,
2,안현민,52001,hitter,외야수,KT,2026,52,
2,우강훈,51526,pitcher,투수,LG,2026,52,
2,이주헌,52154,hitter,포수,LG,2026,51,
2,전의산,50820,hitter,내야수,SSG,2026,51,
2,김세민,52514,hitter,내야수,롯데,2026,50,
2,서호철,69995,hitter,내야수,NC,2026,50,
2,여동욱,55393,hitter,내야수,키움,2026,50,
2,김도환,69442,hitter,포수,삼성,2026,49,
2,김범수,65769,pitcher,투수,KIA,2026,49,
2,김재윤,65062,pitcher,투수,삼성,2026,49,
2,이병헌,52204,pitcher,투수,두산,2026,49,
2,이승현,60146,pitcher,투수,삼성,2026,49,
2,임지민,52902,pitcher,투수,NC,2026,49,
2,전사민,69969,pitcher,투수,NC,2026,49,
2,전용주,69047,pitcher,투수,KT,2026,49,
2,조상우,63342,pitcher,투수,KIA,2026,48,
2,김정우,68830,pitcher,투수,두산,2026,47,
2,이진영,66657,hitter,외야수,한화,2026,47,
2,김민규,56637,hitter,외야수,KIA,2026,46,
2,김진호,67954,pitcher,투수,NC,2026,46,
2,김휘집,51344,hitter,내야수,NC,2026,46,
2,박주홍,50357,hitter,외야수,키움,2026,46,
2,손동현,69041,pitcher,투수,KT,2026,46,
2,신재인,56909,hitter,내야수,NC,2026,46,
2,이민우,65616,pitcher,투수,한화,2026,46,
2,최준용,50556,pitcher,투수,롯데,2026,46,
2,추재현,68362,hitter,외야수,키움,2026,46,
2,김진수,51154,pitcher,투수,LG,2026,45,
2,배찬승,55455,pitcher,투수,삼성,2026,45,
2,유토,56348,pitcher,투수,키움,2026,45,
2,이로운,53892,pitcher,투수,SSG,2026,45,
2,이상규,65117,pitcher,투수,한화,2026,45,
2,히우라,56305,hitter,내야수,키움,2026,45,
2,박수종,52305,hitter,외야수,키움,2026,44,
2,박정현,50709,hitter,내야수,한화,2026,44,
2,이호준,54598,hitter,내야수,롯데,2026,44,
2,김상준,55425,hitter,내야수,삼성,2026,43,
2,김인태,63257,hitter,외야수,두산,2026,43,
2,조병현,51897,pitcher,투수,SSG,2026,43,
2,한재승,51994,pitcher,투수,KIA,2026,43,
2,현도훈,68260,pitcher,투수,롯데,2026,43,
2,박정민,56536,pitcher,투수,롯데,2026,42,
2,전영준,52809,pitcher,투수,SSG,2026,42,
2,최인호,50707,hitter,외야수,한화,2026,42,
2,고명준,51868,hitter,내야수,SSG,2026,41,
2,김영우,55167,hitter,투수,LG,2026,41,
2,박영현,52060,hitter,투수,KT,2026,41,
2,브룩스,56322,hitter,야수,키움,2026,41,
2,박시원,50996,hitter,외야수,NC,2026,40,
2,성영탁,54610,pitcher,투수,KIA,2026,40,
2,최지민,52639,pitcher,투수,KIA,2026,40,
2,박정훈,55394,pitcher,투수,키움,2026,39,
2,정해영,50662,pitcher,투수,KIA,2026,39,
2,김동혁,52504,hitter,외야수,롯데,2026,38,
2,박상준,52634,hitter,내야수,KIA,2026,38,
2,하주석,62700,hitter,내야수,KIA,2026,38,
2,미야지,56415,pitcher,투수,삼성,2026,36,
2,배재환,64995,pitcher,투수,NC,2026,36,
2,심재훈,55438,hitter,내야수,삼성,2026,36,
2,정우주,55743,pitcher,투수,한화,2026,36,
2,박시후,50812,pitcher,투수,SSG,2026,35,
2,장진혁,66706,hitter,외야수,KT,2026,35,
2,데일,56632,hitter,내야수,KIA,2026,34,
2,정철원,68242,pitcher,투수,롯데,2026,34,
2,최원영,52103,hitter,외야수,LG,2026,33,
2,김성진,51301,pitcher,투수,키움,2026,32,
2,김종수,63765,pitcher,투수,한화,2026,32,
2,박준영,52731,pitcher,투수,한화,2026,32,
2,아데를린,56613,hitter,야수,KIA,2026,32,
2,김영웅,52430,hitter,내야수,삼성,2026,31,
2,김택연,54263,pitcher,투수,두산,2026,31,
2,임지열,64340,hitter,외야수,키움,2026,31,
2,한두솔,68092,pitcher,투수,SSG,2026,31,
2,손주영,67143,pitcher,투수,LG,2026,30,
2,유준규,51013,hitter,외야수,KT,2026,30,
2,이건욱,64861,pitcher,투수,SSG,2026,30,
2,조영건,69360,pitcher,투수,키움,2026,30,
2,김태훈,62360,pitcher,투수,삼성,2026,29,
2,박계범,64468,hitter,내야수,삼성,2026,29,
2,변우혁,69727,hitter,내야수,KIA,2026,29,
2,박지성,56337,hitter,투수,키움,2026,28,
2,윤도현,52667,hitter,내야수,KIA,2026,28,
2,조대현,68089,hitter,포수,KT,2026,28,
2,김기연,66112,hitter,포수,두산,2026,27,
2,김동헌,53344,hitter,포수,키움,2026,27,
2,김윤식,50157,pitcher,투수,LG,2026,27,
2,류승민,53404,hitter,외야수,두산,2026,26,
2,박진형,63512,pitcher,투수,키움,2026,26,
2,신윤후,69508,hitter,외야수,롯데,2026,26,
2,양재훈,55215,hitter,투수,두산,2026,26,
2,오영수,68904,hitter,내야수,NC,2026,26,
2,최준우,68868,hitter,외야수,SSG,2026,26,
2,고준휘,56949,hitter,외야수,NC,2026,25,
2,이상동,69054,pitcher,투수,KT,2026,25,
2,최재영,56338,hitter,내야수,키움,2026,25,
2,최지광,67421,pitcher,투수,삼성,2026,25,
2,곽도규,53609,pitcher,투수,KIA,2026,24,
2,손주환,54904,pitcher,투수,NC,2026,24,
2,어준서,55392,hitter,내야수,키움,2026,24,
2,이주형,50167,hitter,외야수,키움,2026,24,
2,장찬희,56460,pitcher,투수,삼성,2026,24,
2,김현준,51417,hitter,외야수,삼성,2026,23,
2,배재준,63145,pitcher,투수,LG,2026,23,
2,블레인,56950,hitter,내야수,NC,2026,23,
2,오선우,69636,hitter,내야수,KIA,2026,23,
2,김강현,65522,hitter,투수,롯데,2026,22,
2,네일,54640,pitcher,투수,KIA,2026,22,
2,박시원,55121,pitcher,투수,LG,2026,22,
2,왕옌청,56719,pitcher,투수,한화,2026,22,
2,윤산흠,69213,pitcher,투수,한화,2026,22,
2,이형범,62951,pitcher,투수,한화,2026,22,
2,장유호,69645,pitcher,투수,한화,2026,22,
2,전상현,66609,pitcher,투수,KIA,2026,22,
2,정다훈,56345,pitcher,투수,키움,2026,22,
2,최민준,68856,pitcher,투수,SSG,2026,22,
2,강현우,50066,hitter,포수,KT,2026,21,
2,곽빈,68220,pitcher,투수,두산,2026,21,
2,김건우,51867,pitcher,투수,SSG,2026,21,
2,로드리게스,56531,hitter,투수,롯데,2026,21,
2,이정용,69134,pitcher,투수,LG,2026,21,
2,잭로그,55239,pitcher,투수,두산,2026,21,
2,톨허스트,55130,pitcher,투수,LG,2026,21,
2,황동하,52641,pitcher,투수,KIA,2026,21,
2,고영표,64001,pitcher,투수,KT,2026,20,
2,구창모,65933,pitcher,투수,NC,2026,20,
2,김진욱,51516,pitcher,투수,롯데,2026,20,
2,비슬리,56523,pitcher,투수,롯데,2026,20,
2,올러,55633,pitcher,투수,KIA,2026,20,
2,이해승,69416,hitter,내야수,삼성,2026,20,
2,임근우,52807,hitter,외야수,SSG,2026,20,
2,최민석,55268,pitcher,투수,두산,2026,20,
2,테일러,56966,pitcher,투수,NC,2026,20,
2,토다,56911,pitcher,투수,NC,2026,20,
2,하영민,64350,pitcher,투수,키움,2026,20,
2,황준서,54729,pitcher,투수,한화,2026,20,
2,김재웅,67391,pitcher,투수,키움,2026,19,
2,류현진,76715,pitcher,투수,한화,2026,19,
2,박세웅,64021,pitcher,투수,롯데,2026,19,
2,배동현,51761,pitcher,투수,키움,2026,19,
2,알칸타라,69045,pitcher,투수,키움,2026,19,
2,양창섭,68415,pitcher,투수,삼성,2026,19,
2,오장한,51991,hitter,외야수,NC,2026,19,
2,웰스,55348,pitcher,투수,LG,2026,19,
2,이민석,52530,pitcher,투수,롯데,2026,19,
2,이준혁,52992,pitcher,투수,NC,2026,19,
2,타케다,56823,pitcher,투수,SSG,2026,19,
2,한승연,52628,hitter,외야수,KIA,2026,19,
2,김대한,69238,hitter,외야수,두산,2026,18,
2,김태형,55610,pitcher,투수,KIA,2026,18,
2,김현종,54166,hitter,외야수,LG,2026,18,
2,박신지,68249,pitcher,투수,두산,2026,18,
2,박채울,54303,hitter,외야수,키움,2026,18,
2,벤자민,52043,pitcher,투수,두산,2026,18,
2,사우어,56032,pitcher,투수,KT,2026,18,
2,신영우,53919,pitcher,투수,NC,2026,18,
2,오원석,50859,pitcher,투수,KT,2026,18,
2,오태양,51996,hitter,내야수,NC,2026,18,
2,이의리,51648,pitcher,투수,KIA,2026,18,
2,이재희,51460,pitcher,투수,삼성,2026,18,
2,임정호,63959,pitcher,투수,NC,2026,18,
2,최승용,51264,pitcher,투수,두산,2026,18,
2,김동현,55502,hitter,외야수,롯데,2026,17,
2,김민준,53893,hitter,내야수,SSG,2026,17,
2,김지석,56326,hitter,내야수,키움,2026,17,
2,오러클린,56464,pitcher,투수,삼성,2026,17,
2,이성규,66409,hitter,외야수,삼성,2026,17,
2,타무라,56218,pitcher,투수,두산,2026,17,
2,홍민규,55267,hitter,투수,KIA,2026,17,
2,후라도,53375,pitcher,투수,삼성,2026,17,
2,강재민,50705,pitcher,투수,한화,2026,16,
2,김서준,55359,pitcher,투수,키움,2026,16,
2,마드리스,56813,hitter,외야수,SSG,2026,16,
2,베니지아노,56841,pitcher,투수,SSG,2026,16,
2,에르난데스,56712,pitcher,투수,한화,2026,16,
2,원종해,54906,pitcher,투수,NC,2026,16,
2,이우찬,61145,pitcher,투수,LG,2026,16,
2,이이무라,56503,pitcher,투수,롯데,2026,16,
2,최준호,53259,pitcher,투수,두산,2026,16,
2,최지강,52206,pitcher,투수,두산,2026,16,
2,쿠싱,56760,hitter,투수,한화,2026,16,
2,허윤,56904,hitter,내야수,NC,2026,16,
2,화이트,56724,pitcher,투수,한화,2026,16,
2,박성빈,53305,hitter,포수,키움,2026,15,
2,세베리노,56236,hitter,내야수,두산,2026,15,
2,소형준,50030,pitcher,투수,KT,2026,15,
2,송승기,51111,pitcher,투수,LG,2026,15,
2,최이준,68036,pitcher,투수,롯데,2026,15,
2,김정민,53865,hitter,외야수,SSG,2026,14,
2,김태경,50992,pitcher,투수,NC,2026,14,
2,김태훈,55995,pitcher,투수,NC,2026,14,
2,라일리,55903,pitcher,투수,NC,2026,14,
2,리오스,56146,pitcher,투수,LG,2026,14,
2,박준현,56318,pitcher,투수,키움,2026,14,
2,박한결,56304,hitter,내야수,키움,2026,14,
2,오석주,67116,pitcher,투수,키움,2026,14,
2,박준영,56709,pitcher,투수,한화,2026,13,
2,박준우,54503,pitcher,투수,롯데,2026,13,
2,배제성,65516,pitcher,투수,KT,2026,13,
2,송지후,54394,hitter,내야수,키움,2026,13,
2,안치영,67006,hitter,외야수,KT,2026,13,
2,유영찬,50106,pitcher,투수,LG,2026,13,
2,윤태호,52202,pitcher,투수,두산,2026,13,
2,전준표,54362,pitcher,투수,키움,2026,13,
2,타카다,56212,pitcher,투수,두산,2026,13,
2,홍민기,50596,pitcher,투수,롯데,2026,13,
2,김동주,51230,pitcher,투수,두산,2026,12,
2,김서현,53754,hitter,투수,한화,2026,12,
2,김선기,66018,pitcher,투수,키움,2026,12,
2,박찬형,55530,hitter,내야수,롯데,2026,12,
2,송명기,69962,pitcher,투수,NC,2026,12,
2,유민,52765,hitter,외야수,한화,2026,12,
2,이승현,51454,pitcher,투수,삼성,2026,12,
2,임종성,54236,hitter,내야수,두산,2026,12,
2,장지훈,51895,pitcher,투수,SSG,2026,12,
2,정은원,68743,hitter,내야수,한화,2026,12,
2,주효상,66354,hitter,포수,KIA,2026,12,
2,권민규,55764,pitcher,투수,한화,2026,11,
2,김성민,67828,pitcher,투수,키움,2026,11,
2,김준원,54910,hitter,투수,NC,2026,11,
2,김태진,64984,hitter,내야수,키움,2026,11,
2,보쉴리,56036,pitcher,투수,KT,2026,11,
2,신범수,66662,hitter,포수,SSG,2026,11,
2,정현수,54537,pitcher,투수,롯데,2026,11,
2,정현우,55313,pitcher,투수,키움,2026,11,
2,주성원,69332,hitter,외야수,키움,2026,11,
2,함수호,55440,hitter,외야수,삼성,2026,11,
2,강건우,56769,pitcher,투수,한화,2026,10,
2,김민준,56840,pitcher,투수,SSG,2026,10,
2,김재혁,52424,hitter,외야수,삼성,2026,10,
2,시라카와,54843,pitcher,투수,KIA,2026,10,
2,원종혁,54702,pitcher,투수,한화,2026,10,
2,이진하,53562,pitcher,투수,롯데,2026,10,
2,장규현,51762,hitter,포수,한화,2026,10,
2,최용준,50650,pitcher,투수,SSG,2026,10,
2,쿄야마,56548,pitcher,투수,롯데,2026,10,
2,강민성,69064,hitter,내야수,KT,2026,9,
2,김정호,51903,hitter,포수,NC,2026,9,
2,류효승,50868,hitter,외야수,SSG,2026,9,
2,이기순,52868,pitcher,투수,SSG,2026,9,
2,이호연,68504,hitter,내야수,KIA,2026,9,
2,하준영,68639,pitcher,투수,NC,2026,9,
2,한지윤,55767,hitter,포수,한화,2026,9,
2,홍현빈,67005,hitter,외야수,삼성,2026,9,
2,김윤하,54319,pitcher,투수,키움,2026,8,
2,김재상,53400,hitter,내야수,삼성,2026,8,
2,로건,55912,pitcher,투수,KT,2026,8,
2,원성준,54307,hitter,외야수,키움,2026,8,
2,이준우,55301,pitcher,투수,키움,2026,8,
2,정보근,68518,hitter,포수,롯데,2026,8,
2,조세진,52516,hitter,외야수,롯데,2026,8,
2,최주형,56215,hitter,투수,두산,2026,8,
2,치리노스,55146,pitcher,투수,LG,2026,8,
2,한재환,50903,hitter,내야수,NC,2026,8,
2,해치,56855,pitcher,투수,SSG,2026,8,
2,김한홀,56595,hitter,외야수,롯데,2026,7,
2,로젠버그,55322,pitcher,투수,키움,2026,7,
2,박세진,66047,pitcher,투수,롯데,2026,7,
2,박정수,65639,pitcher,투수,두산,2026,7,
2,백승건,69839,pitcher,투수,SSG,2026,7,
2,윤석원,52395,pitcher,투수,키움,2026,7,
2,이용준,51948,pitcher,투수,NC,2026,7,
2,최요한,56967,pitcher,투수,NC,2026,7,
2,백승현,65109,hitter,투수,LG,2025,7,
2,김건국,76225,pitcher,투수,KIA,2026,6,
2,김도빈,54705,pitcher,투수,한화,2026,6,
2,김도현,52844,pitcher,투수,SSG,2026,6,
2,김창평,69825,hitter,외야수,SSG,2026,6,
2,문동주,52701,pitcher,투수,한화,2026,6,
2,박윤성,53301,pitcher,투수,키움,2026,6,
2,버하겐,56928,pitcher,투수,NC,2026,6,
2,이영재,55503,pitcher,투수,롯데,2026,6,
2,이정범,67807,hitter,외야수,KT,2026,6,
2,전다민,54214,hitter,외야수,두산,2026,6,
2,전태현,55397,hitter,내야수,키움,2026,6,
2,정세영,55377,pitcher,투수,키움,2026,6,
2,최우석,54903,pitcher,투수,NC,2026,6,
2,최윤석,55894,hitter,내야수,SSG,2026,6,
2,최현우,56312,pitcher,투수,키움,2026,6,
2,홍성호,66233,hitter,외야수,두산,2026,6,
2,화이트,55855,pitcher,투수,SSG,2026,6,
2,권광민,52769,hitter,외야수,한화,2026,5,
2,김기준,53540,pitcher,투수,롯데,2026,5,
2,김동규,53164,pitcher,투수,키움,2026,5,
2,김유영,64596,pitcher,투수,LG,2026,5,
2,김재현,62332,hitter,포수,키움,2026,5,
2,김정운,53029,pitcher,투수,KT,2026,5,
2,목지훈,53973,pitcher,투수,NC,2026,5,
2,박재엽,55563,hitter,포수,롯데,2026,5,
2,성동현,68159,pitcher,투수,LG,2026,5,
2,아빌라,56801,pitcher,투수,SSG,2026,5,
2,염승원,55339,hitter,내야수,키움,2026,5,
2,와일스,56334,pitcher,투수,키움,2026,5,
2,이승헌,68529,pitcher,투수,롯데,2026,5,
2,이주형,51302,hitter,외야수,키움,2026,5,
2,강민균,53103,hitter,내야수,LG,2026,4,
2,긴지로,56800,pitcher,투수,SSG,2026,4,
2,김성진,69105,hitter,내야수,LG,2026,4,
2,김태훈,65040,hitter,외야수,삼성,2026,4,
2,박성재,51298,hitter,포수,두산,2026,4,
2,윤성빈,67588,pitcher,투수,롯데,2026,4,
2,이도훈,56708,hitter,외야수,한화,2026,4,
2,이서준,56563,hitter,내야수,롯데,2026,4,
2,이재익,63492,pitcher,투수,삼성,2026,4,
2,장재혁,50641,pitcher,투수,KIA,2026,4,
2,정대선,53568,hitter,내야수,롯데,2026,4,
2,최성영,66920,pitcher,투수,NC,2026,4,
2,최유빈,56793,hitter,내야수,한화,2026,4,
2,최항,62884,hitter,야수,롯데,2026,4,
2,페덱,56459,pitcher,투수,삼성,2026,4,
2,한승주,50726,pitcher,투수,KT,2026,4,
2,김명신,67246,pitcher,투수,두산,2026,3,
2,김무신,68403,pitcher,투수,삼성,2026,3,
2,김백산,55420,pitcher,투수,삼성,2026,3,
2,김시훈,68928,pitcher,투수,KIA,2026,3,
2,김창훈,51586,pitcher,투수,롯데,2026,3,
2,김한중,55221,pitcher,투수,두산,2026,3,
2,문용익,67419,pitcher,투수,KT,2026,3,
2,박재규,53706,pitcher,투수,한화,2026,3,
2,박지한,69994,pitcher,투수,NC,2026,3,
2,보스,56402,pitcher,투수,삼성,2026,3,
2,석정우,52804,hitter,내야수,SSG,2026,3,
2,엄준현,55631,hitter,내야수,KIA,2026,3,
2,오서진,55005,hitter,내야수,KT,2026,3,
2,윤준혁,50092,hitter,내야수,NC,2026,3,
2,이교훈,69205,pitcher,투수,한화,2026,3,
2,이상영,69168,pitcher,투수,LG,2026,3,
2,이정현,67048,pitcher,투수,KT,2026,3,
2,정동윤,66858,pitcher,투수,SSG,2026,3,
2,주현상,65707,pitcher,투수,한화,2026,3,
2,지현,56633,pitcher,투수,KIA,2026,3,
2,짐머맨,56799,pitcher,투수,한화,2026,3,
2,한차현,51058,pitcher,투수,KT,2026,3,
2,황대인,65610,hitter,내야수,KIA,2026,3,
2,김기훈,69620,pitcher,투수,KIA,2026,2,
2,김연주,54368,pitcher,투수,키움,2026,2,
2,사토시,56474,pitcher,투수,삼성,2026,2,
2,손용준,54156,hitter,내야수,LG,2026,2,
2,신상연,56808,pitcher,투수,SSG,2026,2,
2,안인산,50901,hitter,내야수,KT,2026,2,
2,육선엽,54404,pitcher,투수,삼성,2026,2,
2,이종준,50904,pitcher,투수,LG,2026,2,
2,이준기,51702,pitcher,투수,SSG,2026,2,
2,이창용,51407,hitter,내야수,삼성,2026,2,
2,정민규,51764,hitter,내야수,한화,2026,2,
2,정재훈,56469,pitcher,투수,삼성,2026,2,
2,조건희,51163,pitcher,투수,LG,2026,2,
2,카라스코,56103,pitcher,투수,LG,2026,2,
2,플렉센,50234,pitcher,투수,두산,2026,2,
2,홍재문,55996,pitcher,투수,NC,2026,2,
2,홍종표,50600,hitter,내야수,NC,2026,2,
2,김대현,66145,pitcher,투수,LG,2026,1,
2,김민석,54097,hitter,포수,KT,2026,1,
2,김범준,50710,pitcher,투수,한화,2026,1,
2,김주성,66162,hitter,내야수,LG,2026,1,
2,김택형,65343,pitcher,투수,SSG,2026,1,
2,김한결,56540,pitcher,투수,롯데,2026,1,
2,대니엘,56002,pitcher,투수,KT,2026,1,
2,류현준,54219,hitter,포수,두산,2026,1,
2,박용재,56468,pitcher,투수,삼성,2026,1,
2,박지훈,56066,pitcher,투수,KT,2026,1,
2,변건우,54808,hitter,투수,SSG,2026,1,
2,신동건,56567,pitcher,투수,롯데,2026,1,
2,신성호,53989,hitter,내야수,NC,2026,1,
2,양우진,56165,pitcher,투수,LG,2026,1,
2,양현,61268,pitcher,투수,삼성,2026,1,
2,윤정빈,68463,hitter,외야수,삼성,2026,1,
2,이민호,50126,pitcher,투수,LG,2026,1,
2,이병헌,69428,hitter,포수,삼성,2026,1,
2,이준서,56554,pitcher,투수,롯데,2026,1,
2,이진용,55417,hitter,외야수,삼성,2026,1,
2,임준형,69113,pitcher,투수,KT,2026,1,
2,정준영,53058,hitter,외야수,KT,2026,1,
2,조민영,55534,hitter,외야수,롯데,2026,1,
2,조원태,52149,pitcher,투수,LG,2026,1,
2,차승준,55435,hitter,내야수,삼성,2026,1,
2,최지명,68419,pitcher,투수,LG,2026,1,
2,최충연,66451,pitcher,투수,롯데,2026,1,
2,가라비토,55460,pitcher,투수,삼성,2025,0,
2,감보아,55532,pitcher,투수,롯데,2025,0,
2,강건,53006,pitcher,투수,KT,2025,0,
2,강성우,54567,hitter,내야수,롯데,2025,0,
2,강승구,54506,hitter,포수,롯데,2025,0,
2,강진성,62925,hitter,야수,키움,2025,0,
2,강현구,51269,hitter,야수,두산,2025,0,
2,고승완,54908,hitter,외야수,NC,2025,0,
2,고영우,54344,hitter,내야수,키움,2025,0,
2,김건형,51005,hitter,야수,KT,2025,0,
2,김기중,51715,pitcher,투수,한화,2025,0,
2,김녹원,52995,pitcher,투수,NC,2025,0,
2,김대유,60337,pitcher,투수,KIA,2025,0,
2,김대호,54401,pitcher,투수,삼성,2025,0,
2,김도현,69745,pitcher,투수,KIA,2025,0,
2,김동엽,66838,hitter,야수,키움,2025,0,
2,김동준,52267,hitter,내야수,두산,2025,0,
2,김동현,55040,pitcher,투수,KT,2025,0,
2,김민규,54913,pitcher,투수,NC,2025,0,
2,김민규,68200,pitcher,투수,두산,2025,0,
2,김민재,54608,pitcher,투수,KIA,2025,0,
2,김민주,54645,pitcher,투수,KIA,2025,0,
2,김범준,69980,hitter,외야수,NC,2025,0,
2,김병준,52002,hitter,외야수,KT,2025,0,
2,김병휘,50304,hitter,내야수,키움,2025,0,
2,김석환,67610,hitter,외야수,KIA,2025,0,
2,김성민,50848,pitcher,투수,SSG,2025,0,
2,김성우,52105,hitter,포수,LG,2025,0,
2,김성재,55216,hitter,포수,두산,2025,0,
2,김수윤,67900,hitter,내야수,SSG,2025,0,
2,김승일,50711,pitcher,투수,한화,2025,0,
2,김유성,53262,pitcher,투수,두산,2025,0,
2,김인환,66715,hitter,야수,한화,2025,0,
2,김재성,65132,hitter,포수,삼성,2025,0,
2,김재원,55043,pitcher,투수,KT,2025,0,
2,김정엽,55646,pitcher,투수,KIA,2025,0,
2,김정율,67504,hitter,내야수,LG,2025,0,
2,김종운,55122,pitcher,포수,LG,2025,0,
2,김주온,65411,pitcher,투수,LG,2025,0,
2,김준상,55226,hitter,내야수,두산,2025,0,
2,김준태,62558,hitter,포수,LG,2025,0,
2,김찬형,66917,hitter,야수,SSG,2025,0,
2,김태근,69207,hitter,야수,삼성,2025,0,
2,김태윤,52803,hitter,내야수,SSG,2025,0,
2,김태혁,76430,pitcher,투수,롯데,2025,0,
2,김태현,55566,pitcher,투수,롯데,2025,0,
2,김태현,67956,pitcher,투수,NC,2025,0,
2,김호준,68269,pitcher,투수,두산,2025,0,
2,김호진,54460,hitter,내야수,삼성,2025,0,
2,데이비슨,55536,pitcher,투수,롯데,2025,0,
2,레예스,54443,pitcher,투수,삼성,2025,0,
2,로하스,67025,hitter,외야수,KT,2025,0,
2,리베라토,55703,hitter,야수,한화,2025,0,
2,맥브룸,55844,hitter,야수,SSG,2025,0,
2,메르세데스,55342,pitcher,투수,키움,2025,0,
2,박관우,55164,hitter,외야수,LG,2025,0,
2,박기호,54802,pitcher,투수,SSG,2025,0,
2,박명근,53139,hitter,투수,LG,2025,0,
2,박민석,69056,hitter,내야수,KT,2025,0,
2,박민준,53204,hitter,포수,두산,2025,0,
2,박세현,55568,pitcher,투수,롯데,2025,0,
2,박시영,60559,pitcher,투수,롯데,2025,0,
2,박영빈,50906,hitter,외야수,NC,2025,0,
2,박주성,69328,pitcher,투수,키움,2025,0,
2,박준영,66928,hitter,야수,두산,2025,0,
2,박지환,54805,hitter,내야수,SSG,2025,0,
2,박진,69594,pitcher,투수,롯데,2025,0,
2,박진우,53411,hitter,포수,삼성,2025,0,
2,박한결,53992,hitter,야수,NC,2025,0,
2,박헌,55637,hitter,외야수,KIA,2025,0,
2,반즈,52528,pitcher,투수,롯데,2025,0,
2,벨라스케즈,55526,pitcher,투수,롯데,2025,0,
2,변상권,68305,hitter,야수,키움,2025,0,
2,서유신,53309,hitter,내야수,키움,2025,0,
2,소이현,67962,pitcher,투수,NC,2025,0,
2,손현기,54363,pitcher,투수,키움,2025,0,
2,손힘찬,55300,pitcher,투수,키움,2025,0,
2,송민섭,64012,hitter,야수,KT,2025,0,
2,송성문,65357,hitter,내야수,키움,2025,0,
2,송승환,69203,hitter,야수,NC,2025,0,
2,송영진,53898,pitcher,투수,SSG,2025,0,
2,송재영,51594,pitcher,투수,롯데,2025,0,
2,스톤,55326,hitter,외야수,키움,2025,0,
2,스티븐슨,55013,hitter,야수,KT,2025,0,
2,신지환,55860,pitcher,투수,SSG,2025,0,
2,심재민,64017,pitcher,투수,롯데,2025,0,
2,안주형,66406,hitter,야수,삼성,2025,0,
2,앤더슨,54833,pitcher,투수,SSG,2025,0,
2,양도근,54408,hitter,내야수,삼성,2025,0,
2,양지율,67365,pitcher,투수,키움,2025,0,
2,에르난데스,54119,pitcher,투수,LG,2025,0,
2,여동건,54205,hitter,내야수,두산,2025,0,
2,와이스,54755,pitcher,투수,한화,2025,0,
2,원상현,54063,pitcher,투수,KT,2025,0,
2,위즈덤,55645,hitter,내야수,KIA,2025,0,
2,유로결,69766,hitter,외야수,한화,2025,0,
2,유승철,67640,pitcher,투수,KIA,2025,0,
2,유지성,50604,pitcher,투수,KIA,2025,0,
2,윤영철,53613,pitcher,투수,KIA,2025,0,
2,윤중현,68619,pitcher,투수,KIA,2025,0,
2,윤현,55396,pitcher,투수,키움,2025,0,
2,이강준,50036,pitcher,투수,키움,2025,0,
2,이도현,53615,pitcher,투수,KIA,2025,0,
2,이민재,55710,hitter,외야수,한화,2025,0,
2,이상민,63960,pitcher,투수,삼성,2025,0,
2,이상혁,52704,hitter,외야수,한화,2025,0,
2,이선우,55224,hitter,내야수,두산,2025,0,
2,이성원,55632,hitter,투수,KIA,2025,0,
2,이승민,54806,hitter,외야수,SSG,2025,0,
2,이승원,53302,hitter,내야수,키움,2025,0,
2,이승현,55712,hitter,내야수,한화,2025,0,
2,이율예,55832,hitter,포수,SSG,2025,0,
2,이인한,50608,hitter,외야수,롯데,2025,0,
2,이재상,54305,hitter,내야수,키움,2025,0,
2,이지강,69108,pitcher,투수,LG,2025,0,
2,이채호,68896,pitcher,투수,KT,2025,0,
2,이태경,55511,hitter,내야수,롯데,2025,0,
2,이호민,55663,pitcher,투수,KIA,2025,0,
2,이호성,53455,pitcher,투수,삼성,2025,0,
2,임상현,54900,pitcher,투수,NC,2025,0,
2,임종찬,50704,hitter,외야수,한화,2025,0,
2,임진묵,55382,pitcher,투수,키움,2025,0,
2,장재영,51359,hitter,투수,키움,2025,0,
2,정민성,54467,pitcher,투수,삼성,2025,0,
2,정성종,68556,pitcher,투수,롯데,2025,0,
2,정우영,69159,pitcher,투수,LG,2025,0,
2,정우준,51546,pitcher,투수,롯데,2025,0,
2,정해원,53659,hitter,외야수,KIA,2025,0,
2,정현승,54815,hitter,외야수,SSG,2025,0,
2,제환유,50211,pitcher,투수,두산,2025,0,
2,조민석,52903,pitcher,투수,NC,2025,0,
2,조이현,64768,pitcher,투수,KT,2025,0,
2,주승우,52330,pitcher,투수,키움,2025,0,
2,천현재,52208,hitter,외야수,두산,2025,0,
2,최상민,68805,hitter,야수,SSG,2025,0,
2,최성민,51007,hitter,외야수,KT,2025,0,
2,최성훈,62146,pitcher,투수,삼성,2025,0,
2,최승민,65905,hitter,야수,LG,2025,0,
2,최정용,65464,hitter,내야수,KIA,2025,0,
2,최종인,50206,pitcher,투수,두산,2025,0,
2,최현석,54803,pitcher,투수,SSG,2025,0,
2,카디네스,54444,hitter,야수,키움,2025,0,
2,케이브,55208,hitter,야수,두산,2025,0,
2,코엔 윈,55138,pitcher,투수,LG,2025,0,
2,콜어빈,55257,pitcher,투수,두산,2025,0,
2,쿠에바스,69032,pitcher,투수,KT,2025,0,
2,패트릭,55032,pitcher,투수,KT,2025,0,
2,폰세,55730,pitcher,투수,한화,2025,0,
2,푸이그,52366,hitter,야수,키움,2025,0,
2,플로리얼,55734,hitter,야수,한화,2025,0,
2,하재훈,69813,hitter,외야수,SSG,2025,0,
2,한승현,55506,hitter,외야수,롯데,2025,0,
2,함창건,50108,hitter,외야수,LG,2025,0,
2,헤이수스,54354,pitcher,투수,KT,2025,0,
2,현원회,50840,hitter,내야수,SSG,2025,0,
2,홍원빈,69643,pitcher,투수,KIA,2025,0,
2,홍원표,50430,pitcher,투수,삼성,2025,0,
2,황동재,50441,pitcher,투수,삼성,2025,0,
