player_id,player_name,player_type,position,team_latest,first_year,season_count,fa_year_expected,basis
63123,강승호,hitter,내야수,두산,2016,10,2027,데뷔 2016 · 1군 10시즌
62925,강진성,hitter,야수,키움,2013,10,2027,데뷔 2013 · 1군 10시즌
64001,고영표,pitcher,투수,KT,2015,10,2027,데뷔 2015 · 1군 10시즌
68220,곽빈,pitcher,투수,두산,2018,7,2027,데뷔 2018 · 1군 7시즌
65933,구창모,pitcher,투수,NC,2016,9,2027,데뷔 2016 · 1군 9시즌
76225,김건국,pitcher,투수,KIA,2018,8,2027,데뷔 2018 · 1군 8시즌
66112,김기연,hitter,포수,두산,2018,6,2027,데뷔 2018 · 1군 6시즌
60337,김대유,pitcher,투수,KIA,2014,9,2027,데뷔 2014 · 1군 9시즌
66145,김대현,pitcher,투수,LG,2016,9,2027,데뷔 2016 · 1군 9시즌
66838,김동엽,hitter,야수,키움,2016,10,2027,데뷔 2016 · 1군 10시즌
67246,김명신,pitcher,투수,두산,2017,8,2027,데뷔 2017 · 1군 8시즌
68043,김민,pitcher,투수,SSG,2018,8,2027,데뷔 2018 · 1군 8시즌
68200,김민규,pitcher,투수,두산,2018,7,2027,데뷔 2018 · 1군 7시즌
64793,김민수,hitter,포수,LG,2014,9,2027,데뷔 2014 · 1군 9시즌
65269,김민혁,hitter,내야수,두산,2017,7,2027,데뷔 2017 · 1군 7시즌
65769,김범수,pitcher,투수,KIA,2015,12,2027,데뷔 2015 · 1군 12시즌
67610,김석환,hitter,외야수,KIA,2018,5,2027,데뷔 2018 · 1군 5시즌
66018,김선기,pitcher,투수,키움,2018,9,2027,데뷔 2018 · 1군 9시즌
67828,김성민,pitcher,투수,키움,2017,8,2027,데뷔 2017 · 1군 8시즌
67449,김성윤,hitter,외야수,삼성,2017,9,2027,데뷔 2017 · 1군 9시즌
65898,김웅빈,hitter,내야수,키움,2016,10,2027,데뷔 2016 · 1군 10시즌
64596,김유영,pitcher,투수,LG,2014,9,2027,데뷔 2014 · 1군 9시즌
63257,김인태,hitter,외야수,두산,2016,11,2027,데뷔 2016 · 1군 11시즌
66715,김인환,hitter,야수,한화,2018,6,2027,데뷔 2018 · 1군 6시즌
65132,김재성,hitter,포수,삼성,2015,7,2027,데뷔 2015 · 1군 7시즌
65062,김재윤,pitcher,투수,삼성,2015,12,2027,데뷔 2015 · 1군 12시즌
62332,김재현,hitter,포수,키움,2015,11,2027,데뷔 2015 · 1군 11시즌
67504,김정율,hitter,내야수,LG,2017,8,2027,데뷔 2017 · 1군 8시즌
63765,김종수,pitcher,투수,한화,2018,7,2027,데뷔 2018 · 1군 7시즌
66162,김주성,hitter,내야수,LG,2017,6,2027,데뷔 2017 · 1군 6시즌
62558,김준태,hitter,포수,LG,2013,10,2027,데뷔 2013 · 1군 10시즌
66917,김찬형,hitter,야수,SSG,2017,8,2027,데뷔 2017 · 1군 8시즌
66704,김태연,hitter,외야수,한화,2017,9,2027,데뷔 2017 · 1군 9시즌
64984,김태진,hitter,내야수,키움,2015,11,2027,데뷔 2015 · 1군 11시즌
76430,김태혁,pitcher,투수,롯데,2013,12,2027,데뷔 2013 · 1군 12시즌
62360,김태훈,pitcher,투수,삼성,2014,11,2027,데뷔 2014 · 1군 11시즌
65040,김태훈,hitter,외야수,삼성,2015,8,2027,데뷔 2015 · 1군 8시즌
65343,김택형,pitcher,투수,SSG,2015,10,2027,데뷔 2015 · 1군 10시즌
66965,도태훈,hitter,내야수,NC,2016,10,2027,데뷔 2016 · 1군 10시즌
67025,로하스,hitter,외야수,KT,2017,6,2027,데뷔 2017 · 1군 6시즌
68119,문성주,hitter,외야수,LG,2018,7,2027,데뷔 2018 · 1군 7시즌
64468,박계범,hitter,내야수,삼성,2015,10,2027,데뷔 2015 · 1군 10시즌
67893,박성한,hitter,내야수,SSG,2017,9,2027,데뷔 2017 · 1군 9시즌
64021,박세웅,pitcher,투수,롯데,2015,12,2027,데뷔 2015 · 1군 12시즌
66047,박세진,pitcher,투수,롯데,2016,7,2027,데뷔 2016 · 1군 7시즌
60559,박시영,pitcher,투수,롯데,2016,9,2027,데뷔 2016 · 1군 9시즌
68249,박신지,pitcher,투수,두산,2018,8,2027,데뷔 2018 · 1군 8시즌
65639,박정수,pitcher,투수,두산,2015,10,2027,데뷔 2015 · 1군 10시즌
66928,박준영,hitter,야수,두산,2016,7,2027,데뷔 2016 · 1군 7시즌
63512,박진형,pitcher,투수,키움,2015,10,2027,데뷔 2015 · 1군 10시즌
63145,배재준,pitcher,투수,LG,2018,7,2027,데뷔 2018 · 1군 7시즌
64995,배재환,pitcher,투수,NC,2015,9,2027,데뷔 2015 · 1군 9시즌
65516,배제성,pitcher,투수,KT,2017,9,2027,데뷔 2017 · 1군 9시즌
68159,성동현,pitcher,투수,LG,2018,5,2027,데뷔 2018 · 1군 5시즌
67143,손주영,pitcher,투수,LG,2017,8,2027,데뷔 2017 · 1군 8시즌
64012,송민섭,hitter,야수,KT,2015,9,2027,데뷔 2015 · 1군 9시즌
65357,송성문,hitter,내야수,키움,2015,9,2027,데뷔 2015 · 1군 9시즌
66662,신범수,hitter,포수,SSG,2018,7,2027,데뷔 2018 · 1군 7시즌
64017,심재민,pitcher,투수,롯데,2015,8,2027,데뷔 2015 · 1군 8시즌
66864,안상현,hitter,내야수,SSG,2018,8,2027,데뷔 2018 · 1군 8시즌
66406,안주형,hitter,야수,삼성,2017,7,2027,데뷔 2017 · 1군 7시즌
64022,안중열,hitter,포수,NC,2015,10,2027,데뷔 2015 · 1군 10시즌
67006,안치영,hitter,외야수,KT,2017,6,2027,데뷔 2017 · 1군 6시즌
68415,양창섭,pitcher,투수,삼성,2018,7,2027,데뷔 2018 · 1군 7시즌
61268,양현,pitcher,투수,삼성,2015,10,2027,데뷔 2015 · 1군 10시즌
68904,오영수,hitter,내야수,NC,2018,7,2027,데뷔 2018 · 1군 7시즌
67640,유승철,pitcher,투수,KIA,2018,6,2027,데뷔 2018 · 1군 6시즌
67588,윤성빈,pitcher,투수,롯데,2018,6,2027,데뷔 2018 · 1군 6시즌
64861,이건욱,pitcher,투수,SSG,2016,8,2027,데뷔 2016 · 1군 8시즌
65703,이도윤,hitter,내야수,한화,2018,8,2027,데뷔 2018 · 1군 8시즌
65616,이민우,pitcher,투수,한화,2017,9,2027,데뷔 2017 · 1군 9시즌
63960,이상민,pitcher,투수,삼성,2013,10,2027,데뷔 2013 · 1군 10시즌
66409,이성규,hitter,외야수,삼성,2016,9,2027,데뷔 2016 · 1군 9시즌
60146,이승현,pitcher,투수,삼성,2015,12,2027,데뷔 2015 · 1군 12시즌
63260,이우성,hitter,외야수,NC,2016,11,2027,데뷔 2016 · 1군 11시즌
61145,이우찬,pitcher,투수,LG,2016,10,2027,데뷔 2016 · 1군 10시즌
67207,이유찬,hitter,내야수,두산,2018,8,2027,데뷔 2018 · 1군 8시즌
67644,이정훈,hitter,외야수,KT,2017,9,2027,데뷔 2017 · 1군 9시즌
66657,이진영,hitter,외야수,한화,2016,10,2027,데뷔 2016 · 1군 10시즌
62951,이형범,pitcher,투수,한화,2013,11,2027,데뷔 2013 · 1군 11시즌
64346,임병욱,hitter,외야수,키움,2015,10,2027,데뷔 2015 · 1군 10시즌
63959,임정호,pitcher,투수,NC,2015,11,2027,데뷔 2015 · 1군 11시즌
63202,장승현,hitter,포수,삼성,2018,9,2027,데뷔 2018 · 1군 9시즌
64115,장준원,hitter,내야수,KT,2015,10,2027,데뷔 2015 · 1군 10시즌
66706,장진혁,hitter,외야수,KT,2018,8,2027,데뷔 2018 · 1군 8시즌
68205,전민재,hitter,내야수,롯데,2018,8,2027,데뷔 2018 · 1군 8시즌
66609,전상현,pitcher,투수,KIA,2016,10,2027,데뷔 2016 · 1군 10시즌
66858,정동윤,pitcher,투수,SSG,2017,6,2027,데뷔 2017 · 1군 6시즌
68556,정성종,pitcher,투수,롯데,2018,6,2027,데뷔 2018 · 1군 6시즌
68743,정은원,hitter,내야수,한화,2018,8,2027,데뷔 2018 · 1군 8시즌
63342,조상우,pitcher,투수,KIA,2013,11,2027,데뷔 2013 · 1군 11시즌
64768,조이현,pitcher,투수,KT,2014,8,2027,데뷔 2014 · 1군 8시즌
66354,주효상,hitter,포수,KIA,2016,8,2027,데뷔 2016 · 1군 8시즌
68856,최민준,pitcher,투수,SSG,2018,7,2027,데뷔 2018 · 1군 7시즌
66920,최성영,pitcher,투수,NC,2016,9,2027,데뷔 2016 · 1군 9시즌
62146,최성훈,pitcher,투수,삼성,2013,10,2027,데뷔 2013 · 1군 10시즌
66606,최원준,hitter,외야수,KT,2016,10,2027,데뷔 2016 · 1군 10시즌
68036,최이준,pitcher,투수,롯데,2018,6,2027,데뷔 2018 · 1군 6시즌
65464,최정용,hitter,내야수,KIA,2016,9,2027,데뷔 2016 · 1군 9시즌
67421,최지광,pitcher,투수,삼성,2017,8,2027,데뷔 2017 · 1군 8시즌
68419,최지명,pitcher,투수,LG,2018,8,2027,데뷔 2018 · 1군 8시즌
66451,최충연,pitcher,투수,롯데,2016,8,2027,데뷔 2016 · 1군 8시즌
62884,최항,hitter,야수,롯데,2017,10,2027,데뷔 2017 · 1군 10시즌
64350,하영민,pitcher,투수,키움,2014,10,2027,데뷔 2014 · 1군 10시즌
62700,하주석,hitter,내야수,KIA,2013,13,2027,데뷔 2013 · 1군 13시즌
68639,하준영,pitcher,투수,NC,2018,6,2027,데뷔 2018 · 1군 6시즌
68525,한동희,hitter,내야수,롯데,2018,8,2027,데뷔 2018 · 1군 8시즌
68260,현도훈,pitcher,투수,롯데,2018,4,2027,데뷔 2018 · 1군 4시즌
67005,홍현빈,hitter,외야수,삼성,2017,9,2027,데뷔 2017 · 1군 9시즌
65610,황대인,hitter,내야수,KIA,2015,10,2027,데뷔 2015 · 1군 10시즌
69517,고승민,hitter,내야수,롯데,2019,6,2028,데뷔 2019 · 1군 6시즌
69100,구본혁,hitter,내야수,LG,2019,6,2028,데뷔 2019 · 1군 6시즌
69620,김기훈,pitcher,투수,KIA,2019,7,2028,데뷔 2019 · 1군 7시즌
69238,김대한,hitter,외야수,두산,2019,6,2028,데뷔 2019 · 1군 6시즌
69745,김도현,pitcher,투수,KIA,2019,6,2028,데뷔 2019 · 1군 6시즌
69442,김도환,hitter,포수,삼성,2019,7,2028,데뷔 2019 · 1군 7시즌
68403,김무신,pitcher,투수,삼성,2019,6,2028,데뷔 2019 · 1군 6시즌
68830,김정우,pitcher,투수,두산,2019,5,2028,데뷔 2019 · 1군 5시즌
69825,김창평,hitter,외야수,SSG,2019,6,2028,데뷔 2019 · 1군 6시즌
69207,김태근,hitter,야수,삼성,2019,5,2028,데뷔 2019 · 1군 5시즌
69516,김현수,pitcher,투수,KIA,2019,7,2028,데뷔 2019 · 1군 7시즌
69056,박민석,hitter,내야수,KT,2019,4,2028,데뷔 2019 · 1군 4시즌
69418,박승규,hitter,외야수,삼성,2019,6,2028,데뷔 2019 · 1군 6시즌
69328,박주성,pitcher,투수,키움,2019,5,2028,데뷔 2019 · 1군 5시즌
69594,박진,pitcher,투수,롯데,2019,4,2028,데뷔 2019 · 1군 4시즌
69839,백승건,pitcher,투수,SSG,2019,5,2028,데뷔 2019 · 1군 5시즌
69727,변우혁,hitter,내야수,KIA,2019,6,2028,데뷔 2019 · 1군 6시즌
67962,소이현,pitcher,투수,NC,2019,5,2028,데뷔 2019 · 1군 5시즌
69041,손동현,pitcher,투수,KT,2019,6,2028,데뷔 2019 · 1군 6시즌
69962,송명기,pitcher,투수,NC,2019,7,2028,데뷔 2019 · 1군 7시즌
69203,송승환,hitter,야수,NC,2019,5,2028,데뷔 2019 · 1군 5시즌
65207,신민재,hitter,내야수,LG,2019,8,2028,데뷔 2019 · 1군 8시즌
69508,신윤후,hitter,외야수,롯데,2019,8,2028,데뷔 2019 · 1군 8시즌
69045,알칸타라,pitcher,투수,키움,2019,6,2028,데뷔 2019 · 1군 6시즌
69403,양우현,hitter,내야수,삼성,2019,5,2028,데뷔 2019 · 1군 5시즌
67365,양지율,pitcher,투수,키움,2019,5,2028,데뷔 2019 · 1군 5시즌
67116,오석주,pitcher,투수,키움,2019,7,2028,데뷔 2019 · 1군 7시즌
69636,오선우,hitter,내야수,KIA,2019,7,2028,데뷔 2019 · 1군 7시즌
69766,유로결,hitter,외야수,한화,2019,7,2028,데뷔 2019 · 1군 7시즌
65117,이상규,pitcher,투수,한화,2019,7,2028,데뷔 2019 · 1군 7시즌
69054,이상동,pitcher,투수,KT,2019,7,2028,데뷔 2019 · 1군 7시즌
69168,이상영,pitcher,투수,LG,2019,5,2028,데뷔 2019 · 1군 5시즌
68529,이승헌,pitcher,투수,롯데,2019,5,2028,데뷔 2019 · 1군 5시즌
68700,이원석,hitter,외야수,한화,2019,7,2028,데뷔 2019 · 1군 7시즌
67048,이정현,pitcher,투수,KT,2019,5,2028,데뷔 2019 · 1군 5시즌
64340,임지열,hitter,외야수,키움,2019,8,2028,데뷔 2019 · 1군 8시즌
69645,장유호,pitcher,투수,한화,2019,6,2028,데뷔 2019 · 1군 6시즌
69969,전사민,pitcher,투수,NC,2019,6,2028,데뷔 2019 · 1군 6시즌
69047,전용주,pitcher,투수,KT,2019,5,2028,데뷔 2019 · 1군 5시즌
68518,정보근,hitter,포수,롯데,2019,8,2028,데뷔 2019 · 1군 8시즌
69159,정우영,pitcher,투수,LG,2019,7,2028,데뷔 2019 · 1군 7시즌
69360,조영건,pitcher,투수,키움,2019,7,2028,데뷔 2019 · 1군 7시즌
69804,채현우,hitter,외야수,SSG,2019,6,2028,데뷔 2019 · 1군 6시즌
65905,최승민,hitter,야수,LG,2019,6,2028,데뷔 2019 · 1군 6시즌
68868,최준우,hitter,외야수,SSG,2019,7,2028,데뷔 2019 · 1군 7시즌
68362,추재현,hitter,외야수,키움,2019,7,2028,데뷔 2019 · 1군 7시즌
69032,쿠에바스,pitcher,투수,KT,2019,7,2028,데뷔 2019 · 1군 7시즌
68646,한준수,hitter,포수,KIA,2019,5,2028,데뷔 2019 · 1군 5시즌
50705,강재민,pitcher,투수,한화,2020,6,2029,데뷔 2020 · 1군 6시즌
50066,강현우,hitter,포수,KT,2020,5,2029,데뷔 2020 · 1군 5시즌
66614,김규성,hitter,내야수,KIA,2020,7,2029,데뷔 2020 · 1군 7시즌
50304,김병휘,hitter,내야수,키움,2020,5,2029,데뷔 2020 · 1군 5시즌
50157,김윤식,pitcher,투수,LG,2020,6,2029,데뷔 2020 · 1군 6시즌
67391,김재웅,pitcher,투수,키움,2020,6,2029,데뷔 2020 · 1군 6시즌
65411,김주온,pitcher,투수,LG,2020,6,2029,데뷔 2020 · 1군 6시즌
50458,김지찬,hitter,내야수,삼성,2020,7,2029,데뷔 2020 · 1군 7시즌
67954,김진호,pitcher,투수,NC,2020,7,2029,데뷔 2020 · 1군 7시즌
50992,김태경,pitcher,투수,NC,2020,5,2029,데뷔 2020 · 1군 5시즌
67956,김태현,pitcher,투수,NC,2020,5,2029,데뷔 2020 · 1군 5시즌
50868,류효승,hitter,외야수,SSG,2020,5,2029,데뷔 2020 · 1군 5시즌
50657,박민,hitter,내야수,KIA,2020,6,2029,데뷔 2020 · 1군 6시즌
50996,박시원,hitter,외야수,NC,2020,5,2029,데뷔 2020 · 1군 5시즌
50709,박정현,hitter,내야수,한화,2020,6,2029,데뷔 2020 · 1군 6시즌
50357,박주홍,hitter,외야수,키움,2020,7,2029,데뷔 2020 · 1군 7시즌
50204,박지훈,hitter,내야수,두산,2020,5,2029,데뷔 2020 · 1군 5시즌
68305,변상권,hitter,야수,키움,2020,4,2029,데뷔 2020 · 1군 4시즌
69995,서호철,hitter,내야수,NC,2020,6,2029,데뷔 2020 · 1군 6시즌
50030,소형준,pitcher,투수,KT,2020,7,2029,데뷔 2020 · 1군 7시즌
50150,손호영,hitter,외야수,롯데,2020,7,2029,데뷔 2020 · 1군 7시즌
50208,오명진,hitter,내야수,두산,2020,5,2029,데뷔 2020 · 1군 5시즌
50859,오원석,pitcher,투수,KT,2020,7,2029,데뷔 2020 · 1군 7시즌
50036,이강준,pitcher,투수,키움,2020,4,2029,데뷔 2020 · 1군 4시즌
69205,이교훈,pitcher,투수,한화,2020,5,2029,데뷔 2020 · 1군 5시즌
50126,이민호,pitcher,투수,LG,2020,5,2029,데뷔 2020 · 1군 5시즌
50464,이승민,pitcher,투수,삼성,2020,6,2029,데뷔 2020 · 1군 6시즌
68106,이재원,hitter,외야수,LG,2020,5,2029,데뷔 2020 · 1군 5시즌
63492,이재익,pitcher,투수,삼성,2020,7,2029,데뷔 2020 · 1군 7시즌
69134,이정용,pitcher,투수,LG,2020,6,2029,데뷔 2020 · 1군 6시즌
68504,이호연,hitter,내야수,KIA,2020,7,2029,데뷔 2020 · 1군 7시즌
50704,임종찬,hitter,외야수,한화,2020,5,2029,데뷔 2020 · 1군 5시즌
50662,정해영,pitcher,투수,KIA,2020,7,2029,데뷔 2020 · 1군 7시즌
50054,천성호,hitter,내야수,LG,2020,5,2029,데뷔 2020 · 1군 5시즌
50707,최인호,hitter,외야수,한화,2020,6,2029,데뷔 2020 · 1군 6시즌
69992,최정원,hitter,내야수,NC,2020,6,2029,데뷔 2020 · 1군 6시즌
50556,최준용,pitcher,투수,롯데,2020,7,2029,데뷔 2020 · 1군 7시즌
50234,플렉센,pitcher,투수,두산,2020,2,2029,데뷔 2020 · 1군 2시즌
69813,하재훈,hitter,외야수,SSG,2020,6,2029,데뷔 2020 · 1군 6시즌
64101,한석현,hitter,외야수,NC,2020,7,2029,데뷔 2020 · 1군 7시즌
50726,한승주,pitcher,투수,KT,2020,5,2029,데뷔 2020 · 1군 5시즌
50840,현원회,hitter,내야수,SSG,2020,3,2029,데뷔 2020 · 1군 3시즌
50430,홍원표,pitcher,투수,삼성,2020,4,2029,데뷔 2020 · 1군 4시즌
50600,홍종표,hitter,내야수,NC,2020,5,2029,데뷔 2020 · 1군 5시즌
50441,황동재,pitcher,투수,삼성,2020,5,2029,데뷔 2020 · 1군 5시즌
51868,고명준,hitter,내야수,SSG,2021,5,2030,데뷔 2021 · 1군 5시즌
51003,권동진,hitter,내야수,KT,2021,5,2030,데뷔 2021 · 1군 5시즌
51867,김건우,pitcher,투수,SSG,2021,4,2030,데뷔 2021 · 1군 4시즌
51005,김건형,hitter,야수,KT,2021,3,2030,데뷔 2021 · 1군 3시즌
51715,김기중,pitcher,투수,한화,2021,5,2030,데뷔 2021 · 1군 5시즌
51301,김성진,pitcher,투수,키움,2021,4,2030,데뷔 2021 · 1군 4시즌
67900,김수윤,hitter,내야수,SSG,2021,5,2030,데뷔 2021 · 1군 5시즌
51154,김진수,pitcher,투수,LG,2021,4,2030,데뷔 2021 · 1군 4시즌
51516,김진욱,pitcher,투수,롯데,2021,6,2030,데뷔 2021 · 1군 6시즌
51586,김창훈,pitcher,투수,롯데,2021,4,2030,데뷔 2021 · 1군 4시즌
51417,김현준,hitter,외야수,삼성,2021,5,2030,데뷔 2021 · 1군 5시즌
51344,김휘집,hitter,내야수,NC,2021,6,2030,데뷔 2021 · 1군 6시즌
51551,나승엽,hitter,내야수,롯데,2021,4,2030,데뷔 2021 · 1군 4시즌
69102,문보경,hitter,내야수,LG,2021,6,2030,데뷔 2021 · 1군 6시즌
67419,문용익,pitcher,투수,KT,2021,6,2030,데뷔 2021 · 1군 6시즌
51298,박성재,hitter,포수,두산,2021,3,2030,데뷔 2021 · 1군 3시즌
67609,박정우,hitter,외야수,KIA,2021,6,2030,데뷔 2021 · 1군 6시즌
51761,배동현,pitcher,투수,키움,2021,2,2030,데뷔 2021 · 1군 2시즌
65109,백승현,pitcher,투수,LG,2021,6,2030,데뷔 2021 · 1군 6시즌
51528,손성빈,hitter,포수,롯데,2021,5,2030,데뷔 2021 · 1군 5시즌
51594,송재영,pitcher,투수,롯데,2021,3,2030,데뷔 2021 · 1군 3시즌
50901,안인산,hitter,내야수,KT,2021,3,2030,데뷔 2021 · 1군 3시즌
51203,안재석,hitter,내야수,두산,2021,5,2030,데뷔 2021 · 1군 5시즌
51991,오장한,hitter,외야수,NC,2021,3,2030,데뷔 2021 · 1군 3시즌
51996,오태양,hitter,내야수,NC,2021,5,2030,데뷔 2021 · 1군 5시즌
69213,윤산흠,pitcher,투수,한화,2021,5,2030,데뷔 2021 · 1군 5시즌
68619,윤중현,pitcher,투수,KIA,2021,5,2030,데뷔 2021 · 1군 5시즌
51454,이승현,pitcher,투수,삼성,2021,6,2030,데뷔 2021 · 1군 6시즌
51100,이영빈,hitter,내야수,LG,2021,5,2030,데뷔 2021 · 1군 5시즌
51948,이용준,pitcher,투수,NC,2021,5,2030,데뷔 2021 · 1군 5시즌
51648,이의리,pitcher,투수,KIA,2021,6,2030,데뷔 2021 · 1군 6시즌
51460,이재희,pitcher,투수,삼성,2021,4,2030,데뷔 2021 · 1군 4시즌
67807,이정범,hitter,외야수,KT,2021,5,2030,데뷔 2021 · 1군 5시즌
50167,이주형,hitter,외야수,키움,2021,5,2030,데뷔 2021 · 1군 5시즌
51302,이주형,hitter,외야수,키움,2021,4,2030,데뷔 2021 · 1군 4시즌
68896,이채호,pitcher,투수,KT,2021,5,2030,데뷔 2021 · 1군 5시즌
69113,임준형,pitcher,투수,KT,2021,5,2030,데뷔 2021 · 1군 5시즌
51762,장규현,hitter,포수,한화,2021,4,2030,데뷔 2021 · 1군 4시즌
68507,장두성,hitter,외야수,롯데,2021,6,2030,데뷔 2021 · 1군 6시즌
51895,장지훈,pitcher,투수,SSG,2021,4,2030,데뷔 2021 · 1군 4시즌
51764,정민규,hitter,내야수,한화,2021,3,2030,데뷔 2021 · 1군 3시즌
51546,정우준,pitcher,투수,롯데,2021,3,2030,데뷔 2021 · 1군 3시즌
51897,조병현,pitcher,투수,SSG,2021,4,2030,데뷔 2021 · 1군 4시즌
65707,주현상,pitcher,투수,한화,2021,6,2030,데뷔 2021 · 1군 6시즌
51264,최승용,pitcher,투수,두산,2021,6,2030,데뷔 2021 · 1군 6시즌
50650,최용준,pitcher,투수,SSG,2021,3,2030,데뷔 2021 · 1군 3시즌
51058,한차현,pitcher,투수,KT,2021,4,2030,데뷔 2021 · 1군 4시즌
50596,홍민기,pitcher,투수,롯데,2021,4,2030,데뷔 2021 · 1군 4시즌
51269,강현구,hitter,야수,두산,2022,2,2031,데뷔 2022 · 1군 2시즌
52769,권광민,hitter,외야수,한화,2022,5,2031,데뷔 2022 · 1군 5시즌
52605,김도영,hitter,내야수,KIA,2022,5,2031,데뷔 2022 · 1군 5시즌
51230,김동주,pitcher,투수,두산,2022,4,2031,데뷔 2022 · 1군 4시즌
52514,김세민,hitter,내야수,롯데,2022,2,2031,데뷔 2022 · 1군 2시즌
68928,김시훈,pitcher,투수,KIA,2022,5,2031,데뷔 2022 · 1군 5시즌
52430,김영웅,hitter,내야수,삼성,2022,5,2031,데뷔 2022 · 1군 5시즌
52424,김재혁,hitter,외야수,삼성,2022,4,2031,데뷔 2022 · 1군 4시즌
50902,김한별,hitter,내야수,NC,2022,5,2031,데뷔 2022 · 1군 5시즌
52701,문동주,pitcher,투수,한화,2022,5,2031,데뷔 2022 · 1군 5시즌
50812,박시후,pitcher,투수,SSG,2022,4,2031,데뷔 2022 · 1군 4시즌
52060,박영현,pitcher,투수,KT,2022,5,2031,데뷔 2022 · 1군 5시즌
52731,박준영,pitcher,투수,한화,2022,4,2031,데뷔 2022 · 1군 4시즌
52348,박찬혁,hitter,외야수,키움,2022,3,2031,데뷔 2022 · 1군 3시즌
52528,반즈,pitcher,투수,롯데,2022,4,2031,데뷔 2022 · 1군 4시즌
52043,벤자민,pitcher,투수,두산,2022,4,2031,데뷔 2022 · 1군 4시즌
52804,석정우,hitter,내야수,SSG,2022,3,2031,데뷔 2022 · 1군 3시즌
51111,송승기,pitcher,투수,LG,2022,4,2031,데뷔 2022 · 1군 4시즌
68110,송찬의,hitter,외야수,LG,2022,5,2031,데뷔 2022 · 1군 5시즌
51013,유준규,hitter,외야수,KT,2022,3,2031,데뷔 2022 · 1군 3시즌
52591,윤동희,hitter,외야수,롯데,2022,5,2031,데뷔 2022 · 1군 5시즌
68463,윤정빈,hitter,외야수,삼성,2022,5,2031,데뷔 2022 · 1군 5시즌
52530,이민석,pitcher,투수,롯데,2022,5,2031,데뷔 2022 · 1군 5시즌
52204,이병헌,pitcher,투수,두산,2022,5,2031,데뷔 2022 · 1군 5시즌
69428,이병헌,hitter,포수,삼성,2022,5,2031,데뷔 2022 · 1군 5시즌
52415,이재현,hitter,내야수,삼성,2022,5,2031,데뷔 2022 · 1군 5시즌
69108,이지강,pitcher,투수,LG,2022,4,2031,데뷔 2022 · 1군 4시즌
69416,이해승,hitter,내야수,삼성,2022,4,2031,데뷔 2022 · 1군 4시즌
50641,장재혁,pitcher,투수,KIA,2022,4,2031,데뷔 2022 · 1군 4시즌
52809,전영준,pitcher,투수,SSG,2022,3,2031,데뷔 2022 · 1군 3시즌
50820,전의산,hitter,내야수,SSG,2022,4,2031,데뷔 2022 · 1군 4시즌
68242,정철원,pitcher,투수,롯데,2022,5,2031,데뷔 2022 · 1군 5시즌
68089,조대현,hitter,포수,KT,2022,4,2031,데뷔 2022 · 1군 4시즌
52903,조민석,pitcher,투수,NC,2022,3,2031,데뷔 2022 · 1군 3시즌
52516,조세진,hitter,외야수,롯데,2022,3,2031,데뷔 2022 · 1군 3시즌
52149,조원태,pitcher,투수,LG,2022,2,2031,데뷔 2022 · 1군 2시즌
51865,조형우,hitter,포수,SSG,2022,5,2031,데뷔 2022 · 1군 5시즌
52330,주승우,pitcher,투수,키움,2022,4,2031,데뷔 2022 · 1군 4시즌
67905,천재환,hitter,외야수,NC,2022,5,2031,데뷔 2022 · 1군 5시즌
68805,최상민,hitter,야수,SSG,2022,4,2031,데뷔 2022 · 1군 4시즌
52206,최지강,pitcher,투수,두산,2022,5,2031,데뷔 2022 · 1군 5시즌
52639,최지민,pitcher,투수,KIA,2022,5,2031,데뷔 2022 · 1군 5시즌
52366,푸이그,hitter,야수,키움,2022,2,2031,데뷔 2022 · 1군 2시즌
68092,한두솔,pitcher,투수,SSG,2022,5,2031,데뷔 2022 · 1군 5시즌
51994,한재승,pitcher,투수,KIA,2022,5,2031,데뷔 2022 · 1군 5시즌
52568,한태양,hitter,내야수,롯데,2022,3,2031,데뷔 2022 · 1군 3시즌
52764,허인서,hitter,포수,한화,2022,3,2031,데뷔 2022 · 1군 3시즌
66233,홍성호,hitter,외야수,두산,2022,5,2031,데뷔 2022 · 1군 5시즌
50500,황성빈,hitter,외야수,롯데,2022,5,2031,데뷔 2022 · 1군 5시즌
53006,강건,pitcher,투수,KT,2023,3,2032,데뷔 2023 · 1군 3시즌
69064,강민성,hitter,내야수,KT,2023,4,2032,데뷔 2023 · 1군 4시즌
53609,곽도규,pitcher,투수,KIA,2023,4,2032,데뷔 2023 · 1군 4시즌
65522,김강현,pitcher,투수,롯데,2023,4,2032,데뷔 2023 · 1군 4시즌
53312,김건희,hitter,포수,키움,2023,4,2032,데뷔 2023 · 1군 4시즌
53164,김동규,pitcher,투수,키움,2023,4,2032,데뷔 2023 · 1군 4시즌
53344,김동헌,hitter,포수,키움,2023,4,2032,데뷔 2023 · 1군 4시즌
52504,김동혁,hitter,외야수,롯데,2023,4,2032,데뷔 2023 · 1군 4시즌
53554,김민석,hitter,외야수,두산,2023,4,2032,데뷔 2023 · 1군 4시즌
52002,김병준,hitter,외야수,KT,2023,3,2032,데뷔 2023 · 1군 3시즌
53754,김서현,pitcher,투수,한화,2023,4,2032,데뷔 2023 · 1군 4시즌
53262,김유성,pitcher,투수,두산,2023,3,2032,데뷔 2023 · 1군 3시즌
53400,김재상,hitter,내야수,삼성,2023,3,2032,데뷔 2023 · 1군 3시즌
53865,김정민,hitter,외야수,SSG,2023,2,2032,데뷔 2023 · 1군 2시즌
53029,김정운,pitcher,투수,KT,2023,2,2032,데뷔 2023 · 1군 2시즌
68269,김호준,pitcher,투수,두산,2023,3,2032,데뷔 2023 · 1군 3시즌
53404,류승민,hitter,외야수,두산,2023,3,2032,데뷔 2023 · 1군 3시즌
53036,류현인,hitter,내야수,KT,2023,2,2032,데뷔 2023 · 1군 2시즌
53764,문현빈,hitter,내야수,한화,2023,4,2032,데뷔 2023 · 1군 4시즌
53139,박명근,pitcher,투수,LG,2023,3,2032,데뷔 2023 · 1군 3시즌
52305,박수종,hitter,외야수,키움,2023,4,2032,데뷔 2023 · 1군 4시즌
50906,박영빈,hitter,외야수,NC,2023,3,2032,데뷔 2023 · 1군 3시즌
53992,박한결,hitter,야수,NC,2023,3,2032,데뷔 2023 · 1군 3시즌
53898,송영진,pitcher,투수,SSG,2023,3,2032,데뷔 2023 · 1군 3시즌
53827,에레디아,hitter,외야수,SSG,2023,4,2032,데뷔 2023 · 1군 4시즌
53123,오스틴,hitter,내야수,LG,2023,4,2032,데뷔 2023 · 1군 4시즌
51526,우강훈,pitcher,투수,LG,2023,4,2032,데뷔 2023 · 1군 4시즌
50106,유영찬,pitcher,투수,LG,2023,4,2032,데뷔 2023 · 1군 4시즌
52667,윤도현,hitter,내야수,KIA,2023,4,2032,데뷔 2023 · 1군 4시즌
52395,윤석원,pitcher,투수,키움,2023,4,2032,데뷔 2023 · 1군 4시즌
53613,윤영철,pitcher,투수,KIA,2023,3,2032,데뷔 2023 · 1군 3시즌
52868,이기순,pitcher,투수,SSG,2023,3,2032,데뷔 2023 · 1군 3시즌
53892,이로운,pitcher,투수,SSG,2023,4,2032,데뷔 2023 · 1군 4시즌
52704,이상혁,hitter,외야수,한화,2023,3,2032,데뷔 2023 · 1군 3시즌
53302,이승원,hitter,내야수,키움,2023,3,2032,데뷔 2023 · 1군 3시즌
53562,이진하,pitcher,투수,롯데,2023,2,2032,데뷔 2023 · 1군 2시즌
53455,이호성,pitcher,투수,삼성,2023,3,2032,데뷔 2023 · 1군 3시즌
52902,임지민,pitcher,투수,NC,2023,3,2032,데뷔 2023 · 1군 3시즌
53568,정대선,hitter,내야수,롯데,2023,3,2032,데뷔 2023 · 1군 3시즌
53058,정준영,hitter,외야수,KT,2023,3,2032,데뷔 2023 · 1군 3시즌
50211,제환유,pitcher,투수,두산,2023,2,2032,데뷔 2023 · 1군 2시즌
69332,주성원,hitter,외야수,키움,2023,4,2032,데뷔 2023 · 1군 4시즌
52641,황동하,pitcher,투수,KIA,2023,4,2032,데뷔 2023 · 1군 4시즌
53375,후라도,pitcher,투수,삼성,2023,4,2032,데뷔 2023 · 1군 4시즌
54567,강성우,hitter,내야수,롯데,2024,2,2033,데뷔 2024 · 1군 2시즌
54506,강승구,hitter,포수,롯데,2024,2,2033,데뷔 2024 · 1군 2시즌
54344,고영우,hitter,내야수,키움,2024,2,2033,데뷔 2024 · 1군 2시즌
54401,김대호,pitcher,투수,삼성,2024,2,2033,데뷔 2024 · 1군 2시즌
54705,김도빈,pitcher,투수,한화,2024,2,2033,데뷔 2024 · 1군 2시즌
54913,김민규,pitcher,투수,NC,2024,2,2033,데뷔 2024 · 1군 2시즌
54608,김민재,pitcher,투수,KIA,2024,2,2033,데뷔 2024 · 1군 2시즌
54645,김민주,pitcher,투수,KIA,2024,2,2033,데뷔 2024 · 1군 2시즌
69980,김범준,hitter,외야수,NC,2024,2,2033,데뷔 2024 · 1군 2시즌
52105,김성우,hitter,포수,LG,2024,2,2033,데뷔 2024 · 1군 2시즌
69105,김성진,hitter,내야수,LG,2024,2,2033,데뷔 2024 · 1군 2시즌
50711,김승일,pitcher,투수,한화,2024,2,2033,데뷔 2024 · 1군 2시즌
54368,김연주,pitcher,투수,키움,2024,3,2033,데뷔 2024 · 1군 3시즌
54319,김윤하,pitcher,투수,키움,2024,3,2033,데뷔 2024 · 1군 3시즌
54263,김택연,pitcher,투수,두산,2024,3,2033,데뷔 2024 · 1군 3시즌
54166,김현종,hitter,외야수,LG,2024,3,2033,데뷔 2024 · 1군 3시즌
54460,김호진,hitter,내야수,삼성,2024,2,2033,데뷔 2024 · 1군 2시즌
54640,네일,pitcher,투수,KIA,2024,3,2033,데뷔 2024 · 1군 3시즌
54944,데이비슨,hitter,내야수,키움,2024,3,2033,데뷔 2024 · 1군 3시즌
54400,디아즈,hitter,내야수,삼성,2024,3,2033,데뷔 2024 · 1군 3시즌
54443,레예스,pitcher,투수,삼성,2024,2,2033,데뷔 2024 · 1군 2시즌
54529,레이예스,hitter,외야수,롯데,2024,3,2033,데뷔 2024 · 1군 3시즌
54219,류현준,hitter,포수,두산,2024,3,2033,데뷔 2024 · 1군 3시즌
76715,류현진,pitcher,투수,한화,2024,3,2033,데뷔 2024 · 1군 3시즌
53973,목지훈,pitcher,투수,NC,2024,3,2033,데뷔 2024 · 1군 3시즌
53204,박민준,hitter,포수,두산,2024,2,2033,데뷔 2024 · 1군 2시즌
53305,박성빈,hitter,포수,키움,2024,2,2033,데뷔 2024 · 1군 2시즌
53301,박윤성,pitcher,투수,키움,2024,3,2033,데뷔 2024 · 1군 3시즌
54503,박준우,pitcher,투수,롯데,2024,3,2033,데뷔 2024 · 1군 3시즌
54805,박지환,hitter,내야수,SSG,2024,2,2033,데뷔 2024 · 1군 2시즌
54904,손주환,pitcher,투수,NC,2024,3,2033,데뷔 2024 · 1군 3시즌
54363,손현기,pitcher,투수,키움,2024,2,2033,데뷔 2024 · 1군 2시즌
54394,송지후,hitter,내야수,키움,2024,3,2033,데뷔 2024 · 1군 3시즌
54843,시라카와,pitcher,투수,KIA,2024,2,2033,데뷔 2024 · 1군 2시즌
53919,신영우,pitcher,투수,NC,2024,3,2033,데뷔 2024 · 1군 3시즌
52001,안현민,hitter,외야수,KT,2024,3,2033,데뷔 2024 · 1군 3시즌
54833,앤더슨,pitcher,투수,SSG,2024,2,2033,데뷔 2024 · 1군 2시즌
54408,양도근,hitter,내야수,삼성,2024,2,2033,데뷔 2024 · 1군 2시즌
54119,에르난데스,pitcher,투수,LG,2024,2,2033,데뷔 2024 · 1군 2시즌
54205,여동건,hitter,내야수,두산,2024,2,2033,데뷔 2024 · 1군 2시즌
54755,와이스,pitcher,투수,한화,2024,2,2033,데뷔 2024 · 1군 2시즌
54063,원상현,pitcher,투수,KT,2024,2,2033,데뷔 2024 · 1군 2시즌
54307,원성준,hitter,외야수,키움,2024,3,2033,데뷔 2024 · 1군 3시즌
50604,유지성,pitcher,투수,KIA,2024,2,2033,데뷔 2024 · 1군 2시즌
54404,육선엽,pitcher,투수,삼성,2024,3,2033,데뷔 2024 · 1군 3시즌
50092,윤준혁,hitter,내야수,NC,2024,3,2033,데뷔 2024 · 1군 3시즌
53296,윤준호,hitter,포수,두산,2024,2,2033,데뷔 2024 · 1군 2시즌
50608,이인한,hitter,외야수,롯데,2024,2,2033,데뷔 2024 · 1군 2시즌
54305,이재상,hitter,내야수,키움,2024,2,2033,데뷔 2024 · 1군 2시즌
50904,이종준,pitcher,투수,LG,2024,3,2033,데뷔 2024 · 1군 3시즌
52154,이주헌,hitter,포수,LG,2024,3,2033,데뷔 2024 · 1군 3시즌
51407,이창용,hitter,내야수,삼성,2024,3,2033,데뷔 2024 · 1군 3시즌
54598,이호준,hitter,내야수,롯데,2024,3,2033,데뷔 2024 · 1군 3시즌
54900,임상현,pitcher,투수,NC,2024,2,2033,데뷔 2024 · 1군 2시즌
54236,임종성,hitter,내야수,두산,2024,3,2033,데뷔 2024 · 1군 3시즌
54214,전다민,hitter,외야수,두산,2024,3,2033,데뷔 2024 · 1군 3시즌
54362,전준표,pitcher,투수,키움,2024,3,2033,데뷔 2024 · 1군 3시즌
54812,정준재,hitter,내야수,SSG,2024,3,2033,데뷔 2024 · 1군 3시즌
54537,정현수,pitcher,투수,롯데,2024,3,2033,데뷔 2024 · 1군 3시즌
54815,정현승,hitter,외야수,SSG,2024,2,2033,데뷔 2024 · 1군 2시즌
54768,조동욱,pitcher,투수,한화,2024,3,2033,데뷔 2024 · 1군 3시즌
54903,최우석,pitcher,투수,NC,2024,3,2033,데뷔 2024 · 1군 3시즌
52103,최원영,hitter,외야수,LG,2024,3,2033,데뷔 2024 · 1군 3시즌
50206,최종인,pitcher,투수,두산,2024,2,2033,데뷔 2024 · 1군 2시즌
53259,최준호,pitcher,투수,두산,2024,3,2033,데뷔 2024 · 1군 3시즌
54803,최현석,pitcher,투수,SSG,2024,2,2033,데뷔 2024 · 1군 2시즌
54444,카디네스,hitter,야수,키움,2024,2,2033,데뷔 2024 · 1군 2시즌
54730,페라자,hitter,외야수,한화,2024,2,2033,데뷔 2024 · 1군 2시즌
50903,한재환,hitter,내야수,NC,2024,3,2033,데뷔 2024 · 1군 3시즌
50108,함창건,hitter,외야수,LG,2024,2,2033,데뷔 2024 · 1군 2시즌
54354,헤이수스,pitcher,투수,KT,2024,2,2033,데뷔 2024 · 1군 2시즌
54795,황영묵,hitter,내야수,한화,2024,3,2033,데뷔 2024 · 1군 3시즌
54729,황준서,pitcher,투수,한화,2024,3,2033,데뷔 2024 · 1군 3시즌
55460,가라비토,pitcher,투수,삼성,2025,1,2034,데뷔 2025 · 1군 1시즌
55532,감보아,pitcher,투수,롯데,2025,1,2034,데뷔 2025 · 1군 1시즌
54908,고승완,hitter,외야수,NC,2025,1,2034,데뷔 2025 · 1군 1시즌
55764,권민규,pitcher,투수,한화,2025,2,2034,데뷔 2025 · 1군 2시즌
55371,권혁빈,hitter,내야수,키움,2025,2,2034,데뷔 2025 · 1군 2시즌
52995,김녹원,pitcher,투수,NC,2025,1,2034,데뷔 2025 · 1군 1시즌
52267,김동준,hitter,내야수,두산,2025,1,2034,데뷔 2025 · 1군 1시즌
55040,김동현,pitcher,투수,KT,2025,1,2034,데뷔 2025 · 1군 1시즌
54097,김민석,hitter,포수,KT,2025,2,2034,데뷔 2025 · 1군 2시즌
55359,김서준,pitcher,투수,키움,2025,2,2034,데뷔 2025 · 1군 2시즌
50848,김성민,pitcher,투수,SSG,2025,1,2034,데뷔 2025 · 1군 1시즌
55216,김성재,hitter,포수,두산,2025,1,2034,데뷔 2025 · 1군 1시즌
55167,김영우,pitcher,투수,LG,2025,2,2034,데뷔 2025 · 1군 2시즌
55043,김재원,pitcher,투수,KT,2025,1,2034,데뷔 2025 · 1군 1시즌
55646,김정엽,pitcher,투수,KIA,2025,1,2034,데뷔 2025 · 1군 1시즌
51903,김정호,hitter,포수,NC,2025,2,2034,데뷔 2025 · 1군 2시즌
55122,김종운,pitcher,포수,LG,2025,1,2034,데뷔 2025 · 1군 1시즌
55226,김준상,hitter,내야수,두산,2025,1,2034,데뷔 2025 · 1군 1시즌
52803,김태윤,hitter,내야수,SSG,2025,1,2034,데뷔 2025 · 1군 1시즌
55566,김태현,pitcher,투수,롯데,2025,1,2034,데뷔 2025 · 1군 1시즌
55610,김태형,pitcher,투수,KIA,2025,2,2034,데뷔 2025 · 1군 2시즌
55995,김태훈,pitcher,투수,NC,2025,2,2034,데뷔 2025 · 1군 2시즌
55221,김한중,pitcher,투수,두산,2025,2,2034,데뷔 2025 · 1군 2시즌
55536,데이비슨,pitcher,투수,롯데,2025,1,2034,데뷔 2025 · 1군 1시즌
55903,라일리,pitcher,투수,NC,2025,2,2034,데뷔 2025 · 1군 2시즌
55912,로건,pitcher,투수,KT,2025,2,2034,데뷔 2025 · 1군 2시즌
55322,로젠버그,pitcher,투수,키움,2025,2,2034,데뷔 2025 · 1군 2시즌
55703,리베라토,hitter,야수,한화,2025,1,2034,데뷔 2025 · 1군 1시즌
55844,맥브룸,hitter,야수,SSG,2025,1,2034,데뷔 2025 · 1군 1시즌
55342,메르세데스,pitcher,투수,키움,2025,1,2034,데뷔 2025 · 1군 1시즌
52121,문정빈,hitter,내야수,LG,2025,2,2034,데뷔 2025 · 1군 2시즌
55509,박건우,hitter,포수,롯데,2025,2,2034,데뷔 2025 · 1군 2시즌
55046,박건우,pitcher,투수,KT,2025,1,2034,데뷔 2025 · 1군 1시즌
55164,박관우,hitter,외야수,LG,2025,1,2034,데뷔 2025 · 1군 1시즌
54802,박기호,pitcher,투수,SSG,2025,1,2034,데뷔 2025 · 1군 1시즌
55568,박세현,pitcher,투수,롯데,2025,1,2034,데뷔 2025 · 1군 1시즌
55121,박시원,pitcher,투수,LG,2025,2,2034,데뷔 2025 · 1군 2시즌
55563,박재엽,hitter,포수,롯데,2025,2,2034,데뷔 2025 · 1군 2시즌
55636,박재현,hitter,외야수,KIA,2025,2,2034,데뷔 2025 · 1군 2시즌
55394,박정훈,pitcher,투수,키움,2025,2,2034,데뷔 2025 · 1군 2시즌
55252,박준순,hitter,내야수,두산,2025,2,2034,데뷔 2025 · 1군 2시즌
53411,박진우,hitter,포수,삼성,2025,1,2034,데뷔 2025 · 1군 1시즌
55530,박찬형,hitter,내야수,롯데,2025,2,2034,데뷔 2025 · 1군 2시즌
55637,박헌,hitter,외야수,KIA,2025,1,2034,데뷔 2025 · 1군 1시즌
55455,배찬승,pitcher,투수,삼성,2025,2,2034,데뷔 2025 · 1군 2시즌
55526,벨라스케즈,pitcher,투수,롯데,2025,1,2034,데뷔 2025 · 1군 1시즌
53309,서유신,hitter,내야수,키움,2025,1,2034,데뷔 2025 · 1군 1시즌
54610,성영탁,pitcher,투수,KIA,2025,2,2034,데뷔 2025 · 1군 2시즌
54156,손용준,hitter,내야수,LG,2025,2,2034,데뷔 2025 · 1군 2시즌
55300,손힘찬,pitcher,투수,키움,2025,1,2034,데뷔 2025 · 1군 1시즌
55326,스톤,hitter,외야수,키움,2025,1,2034,데뷔 2025 · 1군 1시즌
55013,스티븐슨,hitter,야수,KT,2025,1,2034,데뷔 2025 · 1군 1시즌
55860,신지환,pitcher,투수,SSG,2025,1,2034,데뷔 2025 · 1군 1시즌
55438,심재훈,hitter,내야수,삼성,2025,2,2034,데뷔 2025 · 1군 2시즌
55215,양재훈,pitcher,투수,두산,2025,2,2034,데뷔 2025 · 1군 2시즌
55370,양현종,hitter,내야수,키움,2025,2,2034,데뷔 2025 · 1군 2시즌
55392,어준서,hitter,내야수,키움,2025,2,2034,데뷔 2025 · 1군 2시즌
55393,여동욱,hitter,내야수,키움,2025,2,2034,데뷔 2025 · 1군 2시즌
55339,염승원,hitter,내야수,키움,2025,2,2034,데뷔 2025 · 1군 2시즌
55005,오서진,hitter,내야수,KT,2025,2,2034,데뷔 2025 · 1군 2시즌
55633,올러,pitcher,투수,KIA,2025,2,2034,데뷔 2025 · 1군 2시즌
54702,원종혁,pitcher,투수,한화,2025,2,2034,데뷔 2025 · 1군 2시즌
55348,웰스,pitcher,투수,LG,2025,2,2034,데뷔 2025 · 1군 2시즌
55645,위즈덤,hitter,내야수,KIA,2025,1,2034,데뷔 2025 · 1군 1시즌
52202,윤태호,pitcher,투수,두산,2025,2,2034,데뷔 2025 · 1군 2시즌
55396,윤현,pitcher,투수,키움,2025,1,2034,데뷔 2025 · 1군 1시즌
53615,이도현,pitcher,투수,KIA,2025,1,2034,데뷔 2025 · 1군 1시즌
55710,이민재,hitter,외야수,한화,2025,1,2034,데뷔 2025 · 1군 1시즌
55224,이선우,hitter,내야수,두산,2025,1,2034,데뷔 2025 · 1군 1시즌
55632,이성원,pitcher,투수,KIA,2025,1,2034,데뷔 2025 · 1군 1시즌
54806,이승민,hitter,외야수,SSG,2025,1,2034,데뷔 2025 · 1군 1시즌
55712,이승현,hitter,내야수,한화,2025,1,2034,데뷔 2025 · 1군 1시즌
55503,이영재,pitcher,투수,롯데,2025,2,2034,데뷔 2025 · 1군 2시즌
55832,이율예,hitter,포수,SSG,2025,1,2034,데뷔 2025 · 1군 1시즌
55301,이준우,pitcher,투수,키움,2025,2,2034,데뷔 2025 · 1군 2시즌
52992,이준혁,pitcher,투수,NC,2025,2,2034,데뷔 2025 · 1군 2시즌
55511,이태경,hitter,내야수,롯데,2025,1,2034,데뷔 2025 · 1군 1시즌
55663,이호민,pitcher,투수,KIA,2025,1,2034,데뷔 2025 · 1군 1시즌
52807,임근우,hitter,외야수,SSG,2025,2,2034,데뷔 2025 · 1군 2시즌
55382,임진묵,pitcher,투수,키움,2025,1,2034,데뷔 2025 · 1군 1시즌
55239,잭로그,pitcher,투수,두산,2025,2,2034,데뷔 2025 · 1군 2시즌
55397,전태현,hitter,내야수,키움,2025,2,2034,데뷔 2025 · 1군 2시즌
54467,정민성,pitcher,투수,삼성,2025,1,2034,데뷔 2025 · 1군 1시즌
55377,정세영,pitcher,투수,키움,2025,2,2034,데뷔 2025 · 1군 2시즌
55743,정우주,pitcher,투수,한화,2025,2,2034,데뷔 2025 · 1군 2시즌
53659,정해원,hitter,외야수,KIA,2025,1,2034,데뷔 2025 · 1군 1시즌
55313,정현우,pitcher,투수,키움,2025,2,2034,데뷔 2025 · 1군 2시즌
55926,정현창,hitter,내야수,KIA,2025,2,2034,데뷔 2025 · 1군 2시즌
55435,차승준,hitter,내야수,삼성,2025,2,2034,데뷔 2025 · 1군 2시즌
52208,천현재,hitter,외야수,두산,2025,1,2034,데뷔 2025 · 1군 1시즌
55268,최민석,pitcher,투수,두산,2025,2,2034,데뷔 2025 · 1군 2시즌
51007,최성민,hitter,외야수,KT,2025,1,2034,데뷔 2025 · 1군 1시즌
55146,치리노스,pitcher,투수,LG,2025,2,2034,데뷔 2025 · 1군 2시즌
55208,케이브,hitter,야수,두산,2025,1,2034,데뷔 2025 · 1군 1시즌
55138,코엔 윈,pitcher,투수,LG,2025,1,2034,데뷔 2025 · 1군 1시즌
55257,콜어빈,pitcher,투수,두산,2025,1,2034,데뷔 2025 · 1군 1시즌
55130,톨허스트,pitcher,투수,LG,2025,2,2034,데뷔 2025 · 1군 2시즌
55032,패트릭,pitcher,투수,KT,2025,1,2034,데뷔 2025 · 1군 1시즌
55730,폰세,pitcher,투수,한화,2025,1,2034,데뷔 2025 · 1군 1시즌
55734,플로리얼,hitter,야수,한화,2025,1,2034,데뷔 2025 · 1군 1시즌
55506,한승현,hitter,외야수,롯데,2025,1,2034,데뷔 2025 · 1군 1시즌
55440,함수호,hitter,외야수,삼성,2025,2,2034,데뷔 2025 · 1군 2시즌
55897,홍대인,hitter,내야수,SSG,2025,2,2034,데뷔 2025 · 1군 2시즌
55267,홍민규,pitcher,투수,KIA,2025,2,2034,데뷔 2025 · 1군 2시즌
69643,홍원빈,pitcher,투수,KIA,2025,1,2034,데뷔 2025 · 1군 1시즌
55855,화이트,pitcher,투수,SSG,2025,2,2034,데뷔 2025 · 1군 2시즌
56769,강건우,pitcher,투수,한화,2026,1,2035,데뷔 2026 · 1군 1시즌
53103,강민균,hitter,내야수,LG,2026,1,2035,데뷔 2026 · 1군 1시즌
56949,고준휘,hitter,외야수,NC,2026,1,2035,데뷔 2026 · 1군 1시즌
56800,긴지로,pitcher,투수,SSG,2026,1,2035,데뷔 2026 · 1군 1시즌
53540,김기준,pitcher,투수,롯데,2026,1,2035,데뷔 2026 · 1군 1시즌
52844,김도현,pitcher,투수,SSG,2026,1,2035,데뷔 2026 · 1군 1시즌
55502,김동현,hitter,외야수,롯데,2026,1,2035,데뷔 2026 · 1군 1시즌
56637,김민규,hitter,외야수,KIA,2026,1,2035,데뷔 2026 · 1군 1시즌
53893,김민준,hitter,내야수,SSG,2026,1,2035,데뷔 2026 · 1군 1시즌
56840,김민준,pitcher,투수,SSG,2026,1,2035,데뷔 2026 · 1군 1시즌
55420,김백산,pitcher,투수,삼성,2026,1,2035,데뷔 2026 · 1군 1시즌
50710,김범준,pitcher,투수,한화,2026,1,2035,데뷔 2026 · 1군 1시즌
55425,김상준,hitter,내야수,삼성,2026,1,2035,데뷔 2026 · 1군 1시즌
54910,김준원,pitcher,투수,NC,2026,1,2035,데뷔 2026 · 1군 1시즌
56326,김지석,hitter,내야수,키움,2026,1,2035,데뷔 2026 · 1군 1시즌
56540,김한결,pitcher,투수,롯데,2026,1,2035,데뷔 2026 · 1군 1시즌
56595,김한홀,hitter,외야수,롯데,2026,1,2035,데뷔 2026 · 1군 1시즌
56002,대니엘,pitcher,투수,KT,2026,1,2035,데뷔 2026 · 1군 1시즌
56632,데일,hitter,내야수,KIA,2026,1,2035,데뷔 2026 · 1군 1시즌
56531,로드리게스,pitcher,투수,롯데,2026,1,2035,데뷔 2026 · 1군 1시즌
56146,리오스,pitcher,투수,LG,2026,1,2035,데뷔 2026 · 1군 1시즌
56813,마드리스,hitter,외야수,SSG,2026,1,2035,데뷔 2026 · 1군 1시즌
56415,미야지,pitcher,투수,삼성,2026,1,2035,데뷔 2026 · 1군 1시즌
52634,박상준,hitter,내야수,KIA,2026,1,2035,데뷔 2026 · 1군 1시즌
56468,박용재,pitcher,투수,삼성,2026,1,2035,데뷔 2026 · 1군 1시즌
53706,박재규,pitcher,투수,한화,2026,1,2035,데뷔 2026 · 1군 1시즌
56536,박정민,pitcher,투수,롯데,2026,1,2035,데뷔 2026 · 1군 1시즌
56709,박준영,pitcher,투수,한화,2026,1,2035,데뷔 2026 · 1군 1시즌
56318,박준현,pitcher,투수,키움,2026,1,2035,데뷔 2026 · 1군 1시즌
56337,박지성,pitcher,투수,키움,2026,1,2035,데뷔 2026 · 1군 1시즌
69994,박지한,pitcher,투수,NC,2026,1,2035,데뷔 2026 · 1군 1시즌
56066,박지훈,pitcher,투수,KT,2026,1,2035,데뷔 2026 · 1군 1시즌
54303,박채울,hitter,외야수,키움,2026,1,2035,데뷔 2026 · 1군 1시즌
56304,박한결,hitter,내야수,키움,2026,1,2035,데뷔 2026 · 1군 1시즌
56928,버하겐,pitcher,투수,NC,2026,1,2035,데뷔 2026 · 1군 1시즌
56841,베니지아노,pitcher,투수,SSG,2026,1,2035,데뷔 2026 · 1군 1시즌
54808,변건우,pitcher,투수,SSG,2026,1,2035,데뷔 2026 · 1군 1시즌
56036,보쉴리,pitcher,투수,KT,2026,1,2035,데뷔 2026 · 1군 1시즌
56402,보스,pitcher,투수,삼성,2026,1,2035,데뷔 2026 · 1군 1시즌
56322,브룩스,hitter,야수,키움,2026,1,2035,데뷔 2026 · 1군 1시즌
56950,블레인,hitter,내야수,NC,2026,1,2035,데뷔 2026 · 1군 1시즌
56523,비슬리,pitcher,투수,롯데,2026,1,2035,데뷔 2026 · 1군 1시즌
56032,사우어,pitcher,투수,KT,2026,1,2035,데뷔 2026 · 1군 1시즌
56474,사토시,pitcher,투수,삼성,2026,1,2035,데뷔 2026 · 1군 1시즌
56236,세베리노,hitter,내야수,두산,2026,1,2035,데뷔 2026 · 1군 1시즌
56011,스기모토,pitcher,투수,KT,2026,1,2035,데뷔 2026 · 1군 1시즌
56567,신동건,pitcher,투수,롯데,2026,1,2035,데뷔 2026 · 1군 1시즌
56808,신상연,pitcher,투수,SSG,2026,1,2035,데뷔 2026 · 1군 1시즌
53989,신성호,hitter,내야수,NC,2026,1,2035,데뷔 2026 · 1군 1시즌
56909,신재인,hitter,내야수,NC,2026,1,2035,데뷔 2026 · 1군 1시즌
56613,아데를린,hitter,야수,KIA,2026,1,2035,데뷔 2026 · 1군 1시즌
56801,아빌라,pitcher,투수,SSG,2026,1,2035,데뷔 2026 · 1군 1시즌
56165,양우진,pitcher,투수,LG,2026,1,2035,데뷔 2026 · 1군 1시즌
55631,엄준현,hitter,내야수,KIA,2026,1,2035,데뷔 2026 · 1군 1시즌
56712,에르난데스,pitcher,투수,한화,2026,1,2035,데뷔 2026 · 1군 1시즌
56464,오러클린,pitcher,투수,삼성,2026,1,2035,데뷔 2026 · 1군 1시즌
56754,오재원,hitter,외야수,한화,2026,1,2035,데뷔 2026 · 1군 1시즌
56334,와일스,pitcher,투수,키움,2026,1,2035,데뷔 2026 · 1군 1시즌
56719,왕옌청,pitcher,투수,한화,2026,1,2035,데뷔 2026 · 1군 1시즌
54906,원종해,pitcher,투수,NC,2026,1,2035,데뷔 2026 · 1군 1시즌
52765,유민,hitter,외야수,한화,2026,1,2035,데뷔 2026 · 1군 1시즌
56348,유토,pitcher,투수,키움,2026,1,2035,데뷔 2026 · 1군 1시즌
56006,이강민,hitter,내야수,KT,2026,1,2035,데뷔 2026 · 1군 1시즌
56708,이도훈,hitter,외야수,한화,2026,1,2035,데뷔 2026 · 1군 1시즌
56563,이서준,hitter,내야수,롯데,2026,1,2035,데뷔 2026 · 1군 1시즌
56503,이이무라,pitcher,투수,롯데,2026,1,2035,데뷔 2026 · 1군 1시즌
56005,이재원,hitter,외야수,KT,2026,1,2035,데뷔 2026 · 1군 1시즌
51702,이준기,pitcher,투수,SSG,2026,1,2035,데뷔 2026 · 1군 1시즌
56554,이준서,pitcher,투수,롯데,2026,1,2035,데뷔 2026 · 1군 1시즌
55417,이진용,hitter,외야수,삼성,2026,1,2035,데뷔 2026 · 1군 1시즌
56366,이태양,pitcher,투수,키움,2026,1,2035,데뷔 2026 · 1군 1시즌
56460,장찬희,pitcher,투수,삼성,2026,1,2035,데뷔 2026 · 1군 1시즌
56345,정다훈,pitcher,투수,키움,2026,1,2035,데뷔 2026 · 1군 1시즌
56469,정재훈,pitcher,투수,삼성,2026,1,2035,데뷔 2026 · 1군 1시즌
51163,조건희,pitcher,투수,LG,2026,1,2035,데뷔 2026 · 1군 1시즌
55534,조민영,hitter,외야수,롯데,2026,1,2035,데뷔 2026 · 1군 1시즌
56633,지현,pitcher,투수,KIA,2026,1,2035,데뷔 2026 · 1군 1시즌
56799,짐머맨,pitcher,투수,한화,2026,1,2035,데뷔 2026 · 1군 1시즌
56967,최요한,pitcher,투수,NC,2026,1,2035,데뷔 2026 · 1군 1시즌
56793,최유빈,hitter,내야수,한화,2026,1,2035,데뷔 2026 · 1군 1시즌
55894,최윤석,hitter,내야수,SSG,2026,1,2035,데뷔 2026 · 1군 1시즌
56338,최재영,hitter,내야수,키움,2026,1,2035,데뷔 2026 · 1군 1시즌
56215,최주형,pitcher,투수,두산,2026,1,2035,데뷔 2026 · 1군 1시즌
56312,최현우,pitcher,투수,키움,2026,1,2035,데뷔 2026 · 1군 1시즌
56103,카라스코,pitcher,투수,LG,2026,1,2035,데뷔 2026 · 1군 1시즌
56251,카메론,hitter,외야수,두산,2026,1,2035,데뷔 2026 · 1군 1시즌
56626,카스트로,hitter,외야수,KIA,2026,1,2035,데뷔 2026 · 1군 1시즌
56548,쿄야마,pitcher,투수,롯데,2026,1,2035,데뷔 2026 · 1군 1시즌
56760,쿠싱,pitcher,투수,한화,2026,1,2035,데뷔 2026 · 1군 1시즌
56218,타무라,pitcher,투수,두산,2026,1,2035,데뷔 2026 · 1군 1시즌
56212,타카다,pitcher,투수,두산,2026,1,2035,데뷔 2026 · 1군 1시즌
56823,타케다,pitcher,투수,SSG,2026,1,2035,데뷔 2026 · 1군 1시즌
56966,테일러,pitcher,투수,NC,2026,1,2035,데뷔 2026 · 1군 1시즌
56911,토다,pitcher,투수,NC,2026,1,2035,데뷔 2026 · 1군 1시즌
56459,페덱,pitcher,투수,삼성,2026,1,2035,데뷔 2026 · 1군 1시즌
52628,한승연,hitter,외야수,KIA,2026,1,2035,데뷔 2026 · 1군 1시즌
55767,한지윤,hitter,포수,한화,2026,1,2035,데뷔 2026 · 1군 1시즌
56855,해치,pitcher,투수,SSG,2026,1,2035,데뷔 2026 · 1군 1시즌
56904,허윤,hitter,내야수,NC,2026,1,2035,데뷔 2026 · 1군 1시즌
55996,홍재문,pitcher,투수,NC,2026,1,2035,데뷔 2026 · 1군 1시즌
56724,화이트,pitcher,투수,한화,2026,1,2035,데뷔 2026 · 1군 1시즌
56305,히우라,hitter,내야수,키움,2026,1,2035,데뷔 2026 · 1군 1시즌
56034,힐리어드,hitter,내야수,KT,2026,1,2035,데뷔 2026 · 1군 1시즌
