player_name,fa_year,age_at_fa,team,annual_avg_salary,games_3yr_avg,ab_3yr_avg,hr_3yr_avg,rbi_3yr_avg,run_3yr_avg,hit_3yr_avg,double_3yr_avg,triple_3yr_avg,bb_3yr_avg,hp_3yr_avg,kk_3yr_avg,sb_3yr_avg,wpa_3yr_avg,war_3yr_avg,war_3yr_sum,war_seasons_valid,avg_3yr_avg,obp_3yr_avg,slg_3yr_avg,ops_3yr_avg,isop_3yr_avg,babip_3yr_avg,woba_3yr_avg,wrc_plus_3yr_avg,active_seasons,war_last_year,ops_last_year,wrc_plus_last_year,position,mvp_count,golden_glove_count,national_team,star_score,age_squared,prime_years_left,market_level,star_x_war,star_x_ops,war_sum_sq,position_enc,player_id,seasons_used
강민호,2014,29,롯데,18.75,116.0,392.3333333333333,16.333333333333332,63.0,50.666666666666664,105.33333333333333,19.666666666666668,0.6666666666666666,50.333333333333336,9.0,88.33333333333333,2.6666666666666665,0.0,0.0,0.0,0,0.2686491079014443,0.36226168224299066,0.4470280373831776,0.8092897196261681,0.17846813933729824,0.30593627867459644,0.36183857264231095,0.0,3,0.0,0.742,0.0,C,0,4,1,14,841,6,,0.0,11.330056074766354,0.0,0,74540,"2011,2012,2013"
정근우,2014,32,한화,17.5,109.66666666666667,400.0,7.666666666666667,40.333333333333336,59.0,112.66666666666667,17.0,2.3333333333333335,45.0,5.666666666666667,39.333333333333336,23.333333333333332,0.0,0.0,0.0,0,0.2816666666666667,0.36106083333333333,0.3933583333333333,0.7544191666666666,0.11147166666666657,0.296525,0.3330741666666666,0.0,3,0.0,0.776,0.0,2B,0,3,1,11,1024,3,,0.0,8.298610833333333,0.0,2,75808,"2011,2012,2013"
이용규,2014,29,한화,16.75,112.0,434.0,2.3333333333333335,30.666666666666668,81.33333333333333,131.33333333333334,16.666666666666668,1.6666666666666667,57.666666666666664,8.666666666666666,36.0,31.666666666666668,0.0,0.0,0.0,0,0.30261136712749614,0.39256835637480797,0.364794930875576,0.757363287250384,0.06203302611367127,0.32388248847926265,0.3522288786482335,0.0,3,0.0,0.742,0.0,OF,0,3,1,11,841,6,,0.0,8.330996159754225,0.0,5,74163,"2011,2012,2013"
이종욱,2014,34,NC,12.5,117.33333333333333,424.6666666666667,3.6666666666666665,45.0,66.0,120.0,17.0,4.0,43.333333333333336,3.6666666666666665,50.333333333333336,23.666666666666668,0.0,0.0,0.0,0,0.28257456828885397,0.35115698587127153,0.3673524332810047,0.7185094191522764,0.08470329670329667,0.3117668759811617,0.3231106750392465,0.0,3,0.0,0.808,0.0,OF,0,3,0,9,1156,1,,0.0,6.466584772370488,0.0,5,73339,"2011,2012,2013"
최준석,2014,31,롯데,8.75,104.33333333333333,297.0,9.333333333333334,47.0,28.666666666666668,78.66666666666667,12.333333333333334,0.3333333333333333,40.0,1.0,66.0,0.3333333333333333,0.0,0.0,0.0,0,0.2648709315375982,0.3505746352413019,0.4028114478114478,0.7533860830527498,0.13790572390572386,0.30948821548821553,0.3408821548821549,0.0,3,0.0,0.777,0.0,1B,0,1,0,3,961,4,,0.0,2.2601582491582493,0.0,1,71552,"2011,2012,2013"
이병규,2014,31,LG,8.5,114.33333333333333,426.3333333333333,8.666666666666666,63.333333333333336,51.666666666666664,140.0,22.666666666666668,1.3333333333333333,24.0,2.0,48.333333333333336,3.0,0.0,0.0,0.0,0,0.3283815480844409,0.36383971853010166,0.4490734949179046,0.8129132134480062,0.12062783424550427,0.35193354182955433,0.36283033620015637,0.0,3,0.0,0.839,0.0,OF,0,0,0,0,961,4,,0.0,0.0,0.0,5,97109,"2011,2012,2013"
손시헌,2014,34,NC,7.5,90.33333333333333,268.0,3.3333333333333335,28.333333333333332,32.666666666666664,70.0,11.666666666666666,1.0,26.333333333333332,6.333333333333333,40.666666666666664,3.0,0.0,0.0,0.0,0,0.2611940298507462,0.33908955223880605,0.34916169154228854,0.6882512437810946,0.08807213930348255,0.2954228855721393,0.314092039800995,0.0,3,0.0,0.661,0.0,SS,0,2,1,8,1156,1,,0.0,5.506009950248757,0.0,4,73213,"2011,2012,2013"
박한이,2014,35,삼성,7.0,114.66666666666667,403.6666666666667,3.6666666666666665,45.333333333333336,64.66666666666667,113.33333333333333,16.666666666666668,3.0,56.333333333333336,2.3333333333333335,78.0,5.333333333333333,0.0,0.0,0.0,0,0.2807597027250206,0.37004541701073496,0.3641403798513625,0.7341857968620975,0.08365152766308835,0.33777952105697767,0.3261717588769612,0.0,3,0.0,0.742,0.0,OF,0,2,0,6,1225,0,,0.0,4.4051147811725855,0.0,5,71432,"2011,2012,2013"
이대형,2014,31,KIA,6.0,102.33333333333333,263.0,1.0,17.666666666666668,41.333333333333336,58.666666666666664,6.666666666666667,3.3333333333333335,24.666666666666668,1.3333333333333333,58.666666666666664,24.0,0.0,0.0,0.0,0,0.2230671736375158,0.29180988593155893,0.28490494296577945,0.5767148288973384,0.0618136882129277,0.28236501901140687,0.26317490494296575,0.0,3,0.0,0.606,0.0,OF,0,1,0,3,961,4,,0.0,1.7301444866920153,0.0,5,73153,"2011,2012,2013"
이대수,2014,33,한화,5.0,120.66666666666667,377.3333333333333,5.333333333333333,46.666666666666664,45.333333333333336,105.0,20.666666666666668,3.0,32.0,4.666666666666667,69.66666666666667,8.0,0.0,0.0,0.0,0,0.27826855123674904,0.3390353356890459,0.3912544169611308,0.7302897526501766,0.11306537102473492,0.3254399293286219,0.32096819787985864,0.0,3,0.0,0.686,0.0,SS,0,1,0,3,1089,2,,0.0,2.1908692579505296,0.0,4,72860,"2011,2012,2013"
한상훈,2014,34,한화,4.33,114.66666666666667,310.0,2.0,31.0,45.0,78.66666666666667,12.0,2.6666666666666665,47.333333333333336,5.666666666666667,54.666666666666664,9.333333333333334,0.0,0.0,0.0,0,0.253763440860215,0.3606666666666667,0.3290387096774193,0.6897053763440859,0.07515698924731182,0.29978494623655916,0.31475913978494624,0.0,3,0.0,0.725,0.0,2B,0,0,0,0,1156,1,,0.0,0.0,0.0,2,73703,"2011,2012,2013"
권용관,2014,38,LG,1.0,33.0,55.333333333333336,1.6666666666666667,7.666666666666667,9.333333333333334,12.333333333333334,3.0,0.3333333333333333,6.0,0.6666666666666666,17.666666666666668,0.3333333333333333,0.0,0.0,0.0,0,0.22289156626506015,0.3059819277108433,0.3796566265060241,0.6856385542168675,0.15645783132530114,0.2985481927710843,0.2956024096385542,0.0,3,0.0,0.72,0.0,IF,0,0,0,0,1444,0,,0.0,0.0,0.0,6,95158,"2011,2012,2013"
최정,2015,28,SK,21.5,110.66666666666667,405.3333333333333,22.666666666666668,81.0,75.0,124.33333333333333,23.666666666666668,0.3333333333333333,50.0,19.0,92.0,17.0,1.22,0.0,0.0,0,0.3067434210526316,0.40374342105263156,0.5345345394736842,0.9382779605263157,0.22755756578947367,0.34625164473684206,0.4081743421052632,0.0,3,0.0,0.903,0.0,3B,0,3,1,11,784,7,8.0,0.0,10.321057565789474,0.0,3,75847,"2012,2013,2014"
김강민,2015,33,SK,14.0,113.66666666666667,403.0,10.333333333333334,56.0,58.0,117.33333333333333,23.666666666666668,2.0,36.0,4.0,72.33333333333333,17.666666666666668,1.0743333333333334,0.0,0.0,0,0.29114971050454924,0.35233581472291153,0.4367576509511993,0.7890934656741109,0.14564433416046318,0.331106699751861,0.35102233250620346,0.0,3,0.0,0.863,0.0,OF,0,1,0,3,1089,2,8.0,0.0,2.3672803970223324,0.0,5,71837,"2012,2013,2014"
박용택,2015,36,LG,12.5,125.33333333333333,479.6666666666667,9.0,72.0,77.33333333333333,155.66666666666666,26.666666666666668,3.0,56.333333333333336,4.0,67.33333333333333,18.0,0.7306666666666667,0.0,0.0,0,0.32453092425295343,0.394180681028492,0.4489318971507992,0.8431125781792911,0.12407088255733145,0.3577004864489229,0.373230020847811,0.0,3,0.0,0.891,0.0,OF,0,3,0,9,1296,0,8.0,0.0,7.588013203613619,0.0,5,72133,"2012,2013,2014"
조동찬,2015,32,삼성,7.0,66.33333333333333,188.33333333333334,4.666666666666667,23.333333333333332,28.0,50.0,11.333333333333334,0.6666666666666666,21.0,3.6666666666666665,47.666666666666664,8.0,-0.09899999999999999,0.0,0.0,0,0.26548672566371684,0.3485256637168141,0.40710265486725666,0.7556283185840708,0.14166902654867258,0.33031504424778757,0.33433982300884957,0.0,3,0.0,0.725,0.0,3B,0,0,0,0,1024,3,8.0,0.0,0.0,0.0,3,72466,"2012,2013,2014"
조동화,2015,34,SK,5.5,84.66666666666667,279.0,0.6666666666666666,24.666666666666668,44.0,72.0,8.333333333333334,2.6666666666666665,32.0,4.0,54.666666666666664,21.333333333333332,-0.19433333333333333,0.0,0.0,0,0.25806451612903225,0.3395244922341697,0.31408243727598567,0.6536069295101554,0.05594384707287929,0.315689366786141,0.29457467144563915,0.0,3,0.0,0.655,0.0,OF,0,0,0,0,1156,1,8.0,0.0,0.0,0.0,5,71848,"2012,2013,2014"
박경수,2015,31,KT,4.55,92.66666666666667,236.66666666666666,3.0,22.0,34.0,56.333333333333336,12.666666666666666,0.6666666666666666,34.333333333333336,9.333333333333334,50.333333333333336,9.0,-0.21666666666666667,0.0,0.0,0,0.23802816901408444,0.3533591549295775,0.3353830985915493,0.6887422535211267,0.0974183098591549,0.2871366197183099,0.3155056338028169,0.0,3,0.0,0.659,0.0,2B,0,0,0,0,961,4,8.0,0.0,0.0,0.0,2,73113,"2010,2011,2014"
박기혁,2015,34,KT,2.85,33.666666666666664,88.0,0.0,8.0,7.333333333333333,17.666666666666668,2.3333333333333335,0.0,8.333333333333334,0.3333333333333333,13.333333333333334,1.0,-0.14466666666666667,0.0,0.0,0,0.20075757575757575,0.2698068181818182,0.22701136363636362,0.4968181818181818,0.02604545454545449,0.23514772727272729,0.23613636363636364,0.0,3,0.0,0.491,0.0,SS,0,1,0,3,1156,1,8.0,0.0,1.4904545454545455,0.0,4,70553,"2010,2013,2014"
김경언,2015,33,한화,2.83,89.66666666666667,260.6666666666667,4.333333333333333,35.666666666666664,30.666666666666668,72.66666666666667,14.666666666666666,2.0,35.0,2.6666666666666665,56.0,3.3333333333333335,0.7666666666666666,0.0,0.0,0,0.278772378516624,0.36597186700767265,0.40008695652173915,0.7660588235294118,0.12120204603580557,0.3353606138107417,0.35123273657289,0.0,3,0.0,0.864,0.0,OF,0,0,0,0,1089,2,8.0,0.0,0.0,0.0,5,71610,"2012,2013,2014"
나주환,2015,31,SK,2.75,80.66666666666667,250.0,4.666666666666667,31.0,37.666666666666664,66.33333333333333,12.666666666666666,0.6666666666666666,20.333333333333332,2.6666666666666665,61.0,8.0,0.08566666666666667,0.0,0.0,0,0.2653333333333333,0.3244866666666667,0.37742666666666674,0.7019133333333333,0.11175733333333328,0.33096133333333333,0.30717199999999995,0.0,3,0.0,0.714,0.0,SS,0,0,0,0,961,4,8.0,0.0,0.0,0.0,4,73209,"2010,2013,2014"
이성열,2015,31,한화,2.5,97.33333333333333,268.3333333333333,13.0,40.666666666666664,37.333333333333336,63.666666666666664,11.333333333333334,0.0,24.0,10.666666666666666,93.33333333333333,2.6666666666666665,-0.19699999999999998,0.0,0.0,0,0.23726708074534159,0.32291677018633536,0.4246248447204969,0.7475416149068324,0.1872248447204969,0.31079378881987574,0.3329913043478261,0.0,3,0.0,0.802,0.0,OF,0,0,0,0,961,4,8.0,0.0,0.0,0.0,5,73136,"2012,2013,2014"
차일목,2015,34,KIA,2.25,93.33333333333333,202.33333333333334,0.6666666666666666,19.333333333333332,21.666666666666668,47.666666666666664,6.666666666666667,0.3333333333333333,28.666666666666668,2.6666666666666665,33.0,0.6666666666666666,-0.7176666666666667,0.0,0.0,0,0.2355848434925865,0.333996705107084,0.2816392092257002,0.6156359143327842,0.04605930807248761,0.2743014827018122,0.2884514003294893,0.0,3,0.0,0.54,0.0,C,0,0,0,0,1156,1,8.0,0.0,0.0,0.0,0,73602,"2012,2013,2014"
박석민,2016,31,NC,24.0,120.66666666666667,400.0,23.666666666666668,88.0,76.0,127.33333333333333,23.333333333333332,0.0,63.666666666666664,17.333333333333332,77.33333333333333,2.3333333333333335,2.2253333333333334,0.0,0.0,0,0.31833333333333336,0.42919333333333326,0.5539533333333333,0.9831466666666667,0.23572333333333334,0.34176999999999996,0.4311933333333334,0.0,3,0.0,0.992,0.0,3B,0,2,0,6,961,4,7.0,0.0,5.89888,0.0,3,74465,"2013,2014,2015"
김태균,2016,34,한화,21.0,117.33333333333333,391.6666666666667,16.333333333333332,80.0,56.0,131.0,27.333333333333332,0.0,80.33333333333333,10.333333333333334,73.33333333333333,1.0,3.3523333333333336,0.0,0.0,0,0.334468085106383,0.4553378723404255,0.5291872340425532,0.9845251063829787,0.19470808510638288,0.37364936170212765,0.43100510638297873,0.0,3,0.0,0.996,0.0,1B,0,2,1,8,1156,1,7.0,0.0,7.87620085106383,0.0,1,71752,"2013,2014,2015"
이승엽,2016,40,삼성,18.0,120.0,473.0,23.666666666666668,86.66666666666667,77.33333333333333,141.33333333333334,27.333333333333332,0.3333333333333333,36.666666666666664,2.6666666666666665,80.66666666666667,3.3333333333333335,1.6166666666666665,0.0,0.0,0,0.2988019732205779,0.34887385482734323,0.5080810429880198,0.8569548978153629,0.20930232558139536,0.3144186046511628,0.37074418604651166,0.0,3,0.0,0.949,0.0,1B,0,8,1,26,1600,0,7.0,0.0,22.280827343199437,0.0,1,95436,"2013,2014,2015"
유한준,2016,35,KT,15.0,119.33333333333333,407.6666666666667,16.666666666666668,82.33333333333333,70.33333333333333,132.33333333333334,28.666666666666668,0.3333333333333333,50.0,3.0,57.333333333333336,3.0,1.829,0.0,0.0,0,0.32461161079313167,0.3972232215862633,0.5193892068683564,0.9166124284546197,0.19455192150449704,0.3407939493049877,0.3991120196238757,0.0,3,0.0,1.009,0.0,OF,0,1,0,3,1225,0,7.0,0.0,2.749837285363859,0.0,5,74339,"2013,2014,2015"
오재원,2016,31,두산,9.5,114.33333333333333,359.3333333333333,7.666666666666667,47.666666666666664,58.0,103.0,18.333333333333332,5.0,48.666666666666664,4.0,72.33333333333333,32.333333333333336,0.12100000000000001,0.0,0.0,0,0.2866419294990723,0.3751280148423005,0.42927551020408167,0.8044035250463821,0.1423348794063079,0.33703617810760667,0.3599452690166976,0.0,3,0.0,0.774,0.0,2B,0,0,2,4,961,4,7.0,0.0,3.2176141001855285,0.0,2,77248,"2013,2014,2015"
이범호,2016,35,KIA,9.0,121.66666666666667,407.6666666666667,23.666666666666668,78.0,54.333333333333336,106.66666666666667,21.666666666666668,0.0,53.333333333333336,12.0,86.33333333333333,1.6666666666666667,1.2203333333333333,0.0,0.0,0,0.2616516762060507,0.3607228127555192,0.4888184791496321,0.8495412919051513,0.22694766966475877,0.27610302534750614,0.36887489779231397,0.0,3,0.0,0.891,0.0,3B,0,2,0,6,1225,0,7.0,0.0,5.097247751430908,0.0,3,70756,"2013,2014,2015"
이택근,2016,36,넥센,8.75,116.66666666666667,421.6666666666667,13.333333333333334,67.0,73.66666666666667,128.33333333333334,26.333333333333332,1.0,44.666666666666664,7.666666666666667,51.333333333333336,17.0,1.2990000000000002,0.0,0.0,0,0.3043478260869565,0.3749288537549407,0.4663833992094862,0.8413122529644269,0.1620616600790514,0.31680632411067194,0.3704553359683795,0.0,3,0.0,0.866,0.0,OF,0,2,0,6,1296,0,7.0,0.0,5.047873517786561,0.0,5,73342,"2013,2014,2015"
정상호,2016,34,LG,8.0,98.33333333333333,238.33333333333334,9.0,38.0,32.0,61.666666666666664,11.666666666666666,0.6666666666666666,20.0,8.0,64.66666666666667,0.6666666666666666,-0.10866666666666668,0.0,0.0,0,0.2587412587412587,0.33489930069930074,0.42657062937062934,0.7614699300699301,0.1679902097902098,0.3166405594405594,0.32881398601398604,0.0,3,0.0,0.772,0.0,C,0,0,0,0,1156,1,7.0,0.0,0.0,0.0,0,71842,"2013,2014,2015"
박정권,2016,35,SK,7.5,118.0,417.6666666666667,22.0,83.0,67.66666666666667,123.0,25.333333333333332,1.0,50.333333333333336,2.3333333333333335,101.33333333333333,4.666666666666667,0.5776666666666667,0.0,0.0,0,0.2944932162809258,0.36992817238627296,0.5178619313647247,0.8877901037509974,0.22321388667198716,0.33897206703910615,0.3819784517158819,0.0,3,0.0,0.83,0.0,1B,0,0,0,0,1225,0,7.0,0.0,0.0,0.0,1,74846,"2013,2014,2015"
조인성,2016,41,한화,5.0,89.66666666666667,215.66666666666666,8.333333333333334,35.666666666666664,21.666666666666668,48.333333333333336,9.333333333333334,0.0,12.333333333333334,3.3333333333333335,64.66666666666667,0.0,0.06966666666666665,0.0,0.0,0,0.22411128284389487,0.2744296754250386,0.38298918083462136,0.65741885625966,0.15858887171561054,0.2779412673879444,0.2918825347758887,0.0,3,0.0,0.679,0.0,C,0,1,0,3,1681,0,7.0,0.0,1.9722565687789801,0.0,0,98144,"2013,2014,2015"
김상현,2016,36,KT,4.25,96.33333333333333,292.3333333333333,13.0,48.333333333333336,39.333333333333336,76.66666666666667,13.333333333333334,0.3333333333333333,28.0,4.333333333333333,73.66666666666667,4.333333333333333,0.05499999999999999,0.0,0.0,0,0.26230330672748003,0.3316282782212086,0.44378905359179016,0.7754173318129988,0.18149486887115157,0.3044732041049031,0.3389144811858608,0.0,3,0.0,0.847,0.0,OF,1,1,0,8,1296,0,7.0,0.0,6.20333865450399,0.0,5,70646,"2013,2014,2015"
박재상,2016,34,SK,2.75,83.0,191.66666666666666,5.333333333333333,26.333333333333332,26.666666666666668,47.666666666666664,7.666666666666667,1.6666666666666667,22.0,2.6666666666666665,38.666666666666664,6.666666666666667,-0.26699999999999996,0.0,0.0,0,0.24869565217391304,0.3322869565217391,0.3898017391304348,0.7220886956521739,0.14132173913043478,0.2841773913043478,0.3223947826086957,0.0,3,0.0,0.735,0.0,OF,0,0,0,0,1156,1,7.0,0.0,0.0,0.0,5,71857,"2013,2014,2015"
고영민,2016,32,두산,2.5,34.333333333333336,58.333333333333336,1.6666666666666667,6.333333333333333,11.333333333333334,17.666666666666668,1.3333333333333333,0.0,6.666666666666667,1.0,15.0,2.0,-0.20066666666666666,0.0,0.0,0,0.3028571428571429,0.37793714285714286,0.41131428571428563,0.7892514285714286,0.10869714285714281,0.3807771428571428,0.36333714285714286,0.0,3,0.0,0.881,0.0,2B,0,1,0,3,1024,3,7.0,0.0,2.3677542857142857,0.0,2,72214,"2013,2014,2015"
최형우,2017,34,KIA,25.0,131.66666666666666,498.6666666666667,31.666666666666668,122.33333333333333,95.0,174.0,37.333333333333336,1.0,68.66666666666667,8.333333333333334,82.0,2.6666666666666665,3.6999999999999997,0.0,0.0,0,0.34893048128342247,0.43040775401069525,0.6182486631016042,1.0486564171122994,0.2692045454545455,0.36289237967914434,0.44576871657754014,0.0,3,0.0,1.115,0.0,OF,0,4,0,12,1156,1,7.5,0.0,12.583877005347592,0.0,5,72443,"2014,2015,2016"
김재호,2017,32,두산,12.5,130.66666666666666,389.0,4.333333333333333,60.666666666666664,60.666666666666664,113.66666666666667,21.666666666666668,2.3333333333333335,55.0,3.3333333333333335,51.0,5.666666666666667,-0.002666666666666743,0.0,0.0,0,0.2922022279348757,0.3759657240788346,0.3933384747215081,0.7693041988003427,0.1013401885175664,0.31749443016281065,0.34050042844901457,0.0,3,0.0,0.829,0.0,SS,0,2,1,8,1024,3,7.5,0.0,6.154433590402742,0.0,4,74206,"2014,2015,2016"
나지완,2017,32,KIA,10.0,117.33333333333333,360.6666666666667,17.0,66.66666666666667,60.666666666666664,106.0,19.666666666666668,0.6666666666666666,61.666666666666664,15.0,88.66666666666667,4.0,1.4260000000000002,0.0,0.0,0,0.29390018484288355,0.41320147874306845,0.4934935304990758,0.9066950092421443,0.19947504621072085,0.3437171903881701,0.40223105360443623,0.0,3,0.0,1.022,0.0,OF,0,0,1,2,1024,3,7.5,0.0,1.8133900184842886,0.0,5,78629,"2014,2015,2016"
이진영,2017,37,KT,7.5,112.33333333333333,361.3333333333333,8.333333333333334,58.666666666666664,44.666666666666664,111.33333333333333,15.666666666666666,1.3333333333333333,44.0,2.0,49.0,2.6666666666666665,1.0076666666666667,0.0,0.0,0,0.3081180811808118,0.3813394833948339,0.42827398523985244,0.8096134686346864,0.12003782287822869,0.3319132841328413,0.36375645756457564,0.0,3,0.0,0.883,0.0,OF,0,0,1,2,1369,0,7.5,0.0,1.6192269372693728,0.0,5,99810,"2014,2015,2016"
정성훈,2017,37,LG,7.0,118.33333333333333,372.0,9.333333333333334,56.0,58.666666666666664,116.0,21.0,1.0,48.666666666666664,8.333333333333334,60.0,9.0,1.1853333333333333,0.0,0.0,0,0.3118279569892473,0.39900358422939064,0.4488682795698925,0.8478718637992833,0.13682616487455196,0.3472562724014337,0.37953405017921144,0.0,3,0.0,0.815,0.0,3B,0,0,0,0,1369,0,7.5,0.0,0.0,0.0,3,99606,"2014,2015,2016"
이원석,2017,31,삼성,6.75,57.0,171.33333333333334,5.666666666666667,23.666666666666668,24.0,49.0,7.666666666666667,0.6666666666666666,16.666666666666668,1.3333333333333333,34.666666666666664,2.0,-0.21633333333333335,0.0,0.0,0,0.28599221789883267,0.3496186770428016,0.43749221789883264,0.7871108949416343,0.15173151750972752,0.32569455252918283,0.3432782101167315,0.0,3,0.0,1.153,0.0,3B,0,0,0,0,961,4,7.5,0.0,0.0,0.0,3,75566,"2013,2014,2016"
조영훈,2017,35,NC,2.25,101.33333333333333,138.0,6.333333333333333,30.666666666666668,21.333333333333332,41.333333333333336,8.666666666666666,0.0,16.666666666666668,1.3333333333333333,35.0,2.3333333333333335,0.05133333333333334,0.0,0.0,0,0.29951690821256033,0.37496376811594206,0.4996908212560387,0.8746545893719807,0.20040579710144926,0.3530289855072464,0.38433574879227056,0.0,3,0.0,0.905,0.0,1B,0,0,0,0,1225,0,7.5,0.0,0.0,0.0,1,75441,"2014,2015,2016"
김현수,2018,30,LG,28.75,129.33333333333334,469.6666666666667,20.333333333333332,100.33333333333333,80.33333333333333,149.0,25.0,0.3333333333333333,72.0,5.666666666666667,59.666666666666664,5.0,2.7113333333333336,0.0,0.0,0,0.31724627395315824,0.40694960965223564,0.5017146912704046,0.9086643009226402,0.18442157558552158,0.3227331440738112,0.3987267565649397,0.0,3,0.0,0.979,0.0,OF,0,4,3,18,900,5,7.5,0.0,16.355957416607524,0.0,5,76290,"2013,2014,2015"
손아섭,2018,32,롯데,24.5,134.66666666666666,532.0,16.333333333333332,71.66666666666667,105.66666666666667,173.33333333333334,32.0,2.0,81.0,2.6666666666666665,98.66666666666667,26.0,3.2413333333333334,6.28,18.84,1,0.3258145363408521,0.4153759398496241,0.4857167919799498,0.901092731829574,0.16005889724310773,0.3743947368421053,0.4064962406015038,44.6796992481203,3,6.28,0.934,123.8,OF,0,5,4,23,1024,3,7.5,433.32,20.725132832080202,354.9456,5,77532,"2015,2016,2017"
황재균,2018,31,KT,22.0,133.0,506.0,21.666666666666668,95.33333333333333,86.0,159.33333333333334,33.333333333333336,3.3333333333333335,50.0,3.6666666666666665,91.33333333333333,17.666666666666668,1.3823333333333332,0.0,0.0,0,0.31488801054018445,0.37660079051383394,0.5223478260869565,0.8989486166007904,0.20766007905138334,0.34444664031620553,0.3919881422924901,0.0,3,0.0,0.964,0.0,3B,0,0,2,4,961,4,7.5,0.0,3.5957944664031616,0.0,3,76313,"2014,2015,2016"
민병헌,2018,31,롯데,20.0,128.66666666666666,483.0,14.0,77.66666666666667,83.66666666666667,150.33333333333334,24.0,2.0,48.333333333333336,14.0,79.66666666666667,6.333333333333333,1.4113333333333333,3.14,9.42,1,0.3112491373360939,0.38604692891649417,0.45619461697722574,0.8422415458937197,0.145127674258109,0.3456514837819186,0.37233678398895786,39.45569358178054,3,3.14,0.834,127.9,OF,0,0,3,6,961,4,7.5,56.519999999999996,5.053449275362318,88.7364,5,76249,"2015,2016,2017"
강민호,2018,33,삼성,20.0,123.0,405.6666666666667,25.666666666666668,75.33333333333333,63.333333333333336,123.66666666666667,22.0,0.6666666666666666,55.666666666666664,13.0,102.33333333333333,1.3333333333333333,2.8393333333333337,2.36,7.08,1,0.30484798685291703,0.40227526705012323,0.5519975349219391,0.9542728019720623,0.24698274445357438,0.3496474938373048,0.4110131470829909,33.34757600657354,3,2.36,0.843,89.0,C,0,5,3,21,1089,2,7.5,148.68,20.039728841413307,50.126400000000004,0,74540,"2015,2016,2017"
정근우,2018,36,한화,11.67,123.0,478.0,13.666666666666666,66.66666666666667,97.66666666666667,151.66666666666666,27.666666666666668,1.3333333333333333,51.0,9.0,57.333333333333336,16.333333333333332,2.326333333333333,3.05,9.149999999999999,1,0.3172942817294282,0.3911792189679219,0.4665613668061367,0.8577405857740585,0.149149930264993,0.33633403068340306,0.38059414225941424,31.001882845188288,3,3.05,0.863,113.7,2B,0,3,3,15,1296,0,7.5,137.24999999999997,12.866108786610878,83.72249999999997,2,75808,"2015,2016,2017"
김주찬,2018,37,KIA,9.0,116.66666666666667,428.0,17.666666666666668,77.66666666666667,80.33333333333333,140.66666666666666,33.0,2.3333333333333335,28.0,7.666666666666667,61.666666666666664,8.666666666666666,1.845,2.81,8.43,1,0.32866043613707163,0.3759696261682243,0.5409104361370717,0.9168800623052958,0.21251713395638622,0.3478200934579439,0.3942001557632399,37.86604361370716,3,2.81,0.848,110.5,OF,0,1,0,3,1369,0,7.5,25.29,2.7506401869158874,71.0649,5,70410,"2015,2016,2017"
손시헌,2018,38,NC,7.5,124.66666666666667,376.6666666666667,7.666666666666667,47.333333333333336,41.333333333333336,111.33333333333333,20.666666666666668,1.6666666666666667,30.0,11.666666666666666,52.666666666666664,1.6666666666666667,0.0043333333333333,2.7,8.100000000000001,1,0.29557522123893804,0.3623256637168142,0.42037610619469024,0.7827017699115044,0.12484070796460174,0.3233442477876106,0.34424247787610623,35.36327433628318,3,2.7,0.833,114.5,SS,0,2,1,8,1444,0,7.5,64.80000000000001,6.261614159292035,65.61000000000003,4,73213,"2015,2016,2017"
정의윤,2018,32,SK,7.25,115.66666666666667,394.6666666666667,18.666666666666668,65.33333333333333,50.0,124.66666666666667,20.666666666666668,0.3333333333333333,23.333333333333332,9.333333333333334,61.0,2.3333333333333335,1.2903333333333336,2.2,6.6000000000000005,1,0.3158783783783784,0.3638327702702703,0.5117795608108108,0.875612331081081,0.19586317567567568,0.3326824324324324,0.38528209459459456,35.25371621621622,3,2.2,0.863,119.6,OF,0,0,0,0,1024,3,7.5,0.0,0.0,43.56000000000001,5,75151,"2015,2016,2017"
이종욱,2018,38,NC,5.0,122.0,403.6666666666667,5.0,47.666666666666664,62.666666666666664,118.0,21.333333333333332,2.0,45.333333333333336,3.0,60.333333333333336,13.666666666666666,0.2936666666666667,1.8,5.4,1,0.29232039636663915,0.36524029727497936,0.39215359207266715,0.7573938893476465,0.09980924855491323,0.330617671345995,0.3434343517753922,29.883071841453347,3,1.8,0.774,113.8,OF,0,3,0,9,1444,0,7.5,48.6,6.816545004128819,29.160000000000004,5,73339,"2015,2016,2017"
채태인,2018,36,롯데,5.0,112.33333333333333,348.3333333333333,9.0,61.0,36.666666666666664,110.66666666666667,18.666666666666668,1.3333333333333333,34.333333333333336,3.3333333333333335,92.66666666666667,0.0,0.8119999999999999,1.94,5.82,1,0.31770334928229665,0.37914832535885173,0.4562019138755981,0.8353502392344498,0.13866315789473682,0.4048306220095694,0.37142105263157893,35.93454545454545,3,1.94,0.888,109.8,1B,0,0,0,0,1296,0,7.5,0.0,0.0,33.872400000000006,1,77463,"2015,2016,2017"
문규현,2018,35,롯데,3.33,111.66666666666667,295.0,4.0,35.666666666666664,33.333333333333336,77.66666666666667,12.333333333333334,1.0,17.666666666666668,1.3333333333333333,40.0,2.6666666666666665,-1.7236666666666667,-0.04,-0.12,1,0.2632768361581921,0.3049751412429379,0.35254350282485875,0.6575186440677966,0.08931525423728813,0.2902937853107344,0.2830847457627118,15.629378531073446,3,-0.04,0.686,45.5,SS,0,0,0,0,1225,0,7.5,-0.0,0.0,0.0144,4,72546,"2015,2016,2017"
지석훈,2018,34,NC,3.0,133.0,344.6666666666667,8.666666666666666,41.333333333333336,38.666666666666664,84.0,15.0,0.0,22.333333333333332,11.666666666666666,81.0,1.6666666666666667,-1.0413333333333334,0.56,1.6800000000000002,1,0.24371373307543517,0.30843520309477757,0.36263926499032884,0.6710744680851064,0.1191905222437137,0.29097872340425535,0.3048781431334623,22.860348162475823,3,0.56,0.684,88.2,OF,0,0,0,0,1156,1,7.5,0.0,0.0,2.8224000000000005,5,73306,"2015,2016,2017"
이대형,2018,35,KT,2.0,127.66666666666667,494.3333333333333,0.3333333333333333,34.333333333333336,75.33333333333333,149.0,15.0,3.0,40.333333333333336,2.6666666666666665,78.66666666666667,34.666666666666664,-0.26266666666666666,-0.33,-0.99,1,0.301416048550236,0.3566925151719488,0.3457606203641267,0.7024531355360754,0.04443155765340516,0.35740188806473366,0.32939649359406614,13.089143627781525,3,-0.33,0.624,57.6,OF,0,1,0,3,1225,0,7.5,-2.9699999999999998,2.107359406608226,0.9801,5,73153,"2015,2016,2017"
최준석,2018,35,NC,0.55,128.33333333333334,413.6666666666667,21.333333333333332,87.0,56.666666666666664,119.66666666666667,14.333333333333334,0.3333333333333333,73.66666666666667,1.6666666666666667,108.33333333333333,0.0,1.8170000000000002,1.69,5.07,1,0.2892828364222401,0.3953843674456084,0.4803972602739726,0.8757816277195808,0.19086381950040293,0.34230539887187755,0.3899443996776793,30.45253827558421,3,1.69,0.794,92.4,1B,0,1,0,3,1225,0,7.5,15.21,2.6273448831587425,25.704900000000002,1,71552,"2015,2016,2017"
양의지,2019,32,NC,31.25,117.33333333333333,372.6666666666667,19.666666666666668,70.0,65.66666666666667,119.66666666666667,20.333333333333332,0.3333333333333333,42.666666666666664,12.333333333333334,40.666666666666664,3.0,1.243,4.529999999999999,13.589999999999998,2,0.3211091234347048,0.4034096601073346,0.5355545617173524,0.9389642218246869,0.21427638640429325,0.314546511627907,0.40873703041144904,104.51788908765653,3,6.01,1.012,165.0,C,0,4,3,18,1024,3,8.375,244.61999999999998,16.901355992844362,184.68809999999993,0,76232,"2016,2017,2018"
최정,2019,32,SK,17.67,128.66666666666666,445.3333333333333,40.333333333333336,97.66666666666667,96.66666666666667,126.33333333333333,19.333333333333332,1.0,68.33333333333333,21.666666666666668,120.66666666666667,3.6666666666666665,2.766,3.87,11.61,2,0.2836826347305389,0.4000883233532934,0.6034446107784431,1.0035329341317365,0.3198038922155689,0.29584730538922155,0.42498353293413177,82.1747005988024,3,2.54,0.915,114.4,3B,0,5,1,17,1024,3,8.375,197.37,17.06005988023952,134.79209999999998,3,75847,"2016,2017,2018"
이재원,2019,31,SK,17.25,124.66666666666667,377.3333333333333,13.666666666666666,54.333333333333336,48.0,109.66666666666667,18.0,0.0,34.0,9.666666666666666,65.33333333333333,0.3333333333333333,0.14500000000000002,1.6099999999999999,4.83,2,0.2906360424028268,0.35876943462897526,0.4474010600706714,0.8061704946996466,0.1566934628975265,0.3163242049469964,0.35644346289752654,64.53303886925796,3,3.03,0.919,128.8,C,0,0,2,4,961,4,8.375,19.32,3.2246819787985865,23.3289,0,76812,"2016,2017,2018"
박용택,2019,42,LG,12.5,136.66666666666666,514.0,13.333333333333334,85.33333333333333,85.33333333333333,170.0,28.333333333333332,1.0,59.0,5.0,88.66666666666667,4.333333333333333,2.879,4.3,12.899999999999999,2,0.33073929961089493,0.398970168612192,0.4676504539559014,0.8666206225680934,0.13692282749675747,0.372795719844358,0.3851355382619974,99.05505836575875,3,3.33,0.828,135.2,OF,0,4,0,12,1764,0,8.375,154.79999999999998,10.39944747081712,166.40999999999997,5,72133,"2016,2017,2018"
이용규,2019,34,한화,8.67,101.33333333333333,374.0,1.3333333333333333,29.666666666666668,70.33333333333333,116.66666666666667,14.0,2.0,46.333333333333336,7.0,37.0,20.333333333333332,-0.15866666666666665,0.6799999999999999,2.04,2,0.3119429590017825,0.3952700534759358,0.3708573975044563,0.7661274509803921,0.05887522281639928,0.34077361853832444,0.3577326203208556,46.1482174688057,3,1.4,0.711,80.3,OF,0,3,3,15,1156,1,8.375,30.6,11.491911764705883,4.1616,5,74163,"2016,2017,2018"
박경수,2019,35,KT,8.67,129.0,434.0,20.0,73.33333333333333,63.666666666666664,120.66666666666667,23.333333333333332,0.6666666666666666,60.0,6.666666666666667,109.0,2.6666666666666665,0.503,2.64,7.92,2,0.27803379416282636,0.3712288786482335,0.4731797235023041,0.8444086021505377,0.19543317972350224,0.3255161290322581,0.3718878648233487,60.160829493087554,3,3.08,0.826,91.6,IF,0,0,0,0,1225,0,8.375,0.0,0.0,62.7264,6,73113,"2016,2017,2018"
송광민,2019,36,한화,8.0,115.33333333333333,440.0,16.0,79.0,71.33333333333333,139.33333333333334,25.666666666666668,0.6666666666666666,22.333333333333332,3.6666666666666665,89.0,3.0,0.24166666666666667,1.7599999999999998,5.279999999999999,2,0.3166666666666666,0.35019545454545453,0.48721363636363635,0.8374090909090908,0.17075757575757572,0.36109545454545455,0.3697825757575757,65.77060606060606,3,1.24,0.805,92.3,IF,0,0,0,0,1296,0,8.375,0.0,0.0,27.878399999999992,6,76753,"2016,2017,2018"
모창민,2019,34,NC,6.67,93.33333333333333,298.0,13.0,57.333333333333336,39.333333333333336,90.66666666666667,14.333333333333334,1.3333333333333333,23.0,1.6666666666666667,52.0,4.666666666666667,0.9163333333333333,1.87,5.61,2,0.3042505592841163,0.351744966442953,0.49199999999999994,0.8437449664429529,0.1877673378076062,0.3252718120805369,0.3714440715883669,99.9447427293065,3,1.12,0.826,110.0,IF,0,0,0,0,1156,1,8.375,0.0,0.0,31.472100000000005,6,78813,"2016,2017,2018"
김상수,2019,29,삼성,6.0,89.66666666666667,318.3333333333333,5.333333333333333,33.666666666666664,45.333333333333336,84.66666666666667,11.0,0.3333333333333333,18.333333333333332,5.666666666666667,52.0,6.333333333333333,-1.8793333333333333,-0.19,-0.5700000000000001,2,0.26596858638743454,0.3150303664921466,0.35271413612565444,0.667744502617801,0.0865643979057591,0.3013727748691099,0.3034052356020942,39.18628272251309,3,-0.46,0.676,60.9,SS,0,0,2,4,841,6,8.375,-2.2800000000000002,2.670978010471204,0.3249000000000001,4,79402,"2016,2017,2018"
김민성,2019,31,LG,6.0,134.0,465.0,14.0,71.0,60.333333333333336,135.33333333333334,29.666666666666668,2.0,45.333333333333336,5.333333333333333,87.33333333333333,2.3333333333333335,0.0776666666666667,1.22,3.66,2,0.2910394265232975,0.35481935483870963,0.45361577060931896,0.8084351254480288,0.16254551971326164,0.3258795698924731,0.35451756272401436,53.383369175627244,3,0.66,0.765,81.0,IF,0,0,1,2,961,4,8.375,7.32,1.6168702508960575,13.395600000000002,6,77564,"2016,2017,2018"
최진행,2019,34,한화,2.5,58.0,154.66666666666666,7.0,24.0,15.666666666666666,43.666666666666664,8.666666666666666,0.0,15.0,5.0,48.666666666666664,0.0,0.1703333333333333,1.0150000000000001,3.0450000000000004,2,0.2823275862068966,0.36338362068965513,0.4743577586206897,0.8377413793103448,0.19214655172413794,0.3647241379310344,0.3767629310344828,93.2353448275862,3,-0.07,0.695,71.1,OF,0,0,0,0,1156,1,8.375,0.0,0.0,9.272025000000003,5,74729,"2016,2017,2018"
안치홍,2020,30,롯데,14.0,122.33333333333333,447.6666666666667,16.333333333333332,86.66666666666667,76.0,145.66666666666666,28.333333333333332,1.3333333333333333,39.666666666666664,5.0,54.666666666666664,5.333333333333333,1.7163333333333333,4.373333333333334,13.120000000000001,3,0.32539091586001484,0.3818756515264333,0.5041675353685778,0.886043186895011,0.17887341772151893,0.337590469099032,0.38900521221146683,128.33723008190617,3,2.81,0.792,123.6,2B,0,3,1,11,900,5,8.335,144.32000000000002,9.74647505584512,172.13440000000003,2,79608,"2017,2018,2019"
박석민,2020,35,NC,11.33,105.33333333333333,332.3333333333333,16.333333333333332,61.666666666666664,44.0,85.0,15.333333333333334,0.6666666666666666,51.333333333333336,13.333333333333334,80.33333333333333,1.0,-0.307,1.9633333333333332,5.89,3,0.2557673019057171,0.3747953861584754,0.4533851554663992,0.8281805416248746,0.19725175526579736,0.28926980942828484,0.37110932798395185,122.3211634904714,3,3.22,0.871,144.2,3B,0,2,1,8,1225,0,8.335,47.12,6.625444332998997,34.692099999999996,3,74465,"2017,2018,2019"
김태균,2020,38,한화,10.0,98.0,347.6666666666667,11.0,57.333333333333336,41.0,111.0,18.0,0.0,36.666666666666664,4.333333333333333,68.66666666666667,1.0,0.4346666666666667,2.3266666666666667,6.98,3,0.3192713326941514,0.38673633748801534,0.4659242569511025,0.852660594439118,0.14654266538830293,0.36775647171620324,0.37728187919463085,113.91629913710452,3,3.02,0.777,115.7,1B,0,3,2,13,1444,0,8.335,90.74000000000001,11.084587727708534,48.720400000000005,1,71752,"2017,2018,2019"
김선빈,2020,31,KIA,10.0,128.33333333333334,431.3333333333333,4.0,51.0,70.66666666666667,138.66666666666666,24.333333333333332,1.0,43.333333333333336,5.0,36.0,4.333333333333333,0.21733333333333335,2.9633333333333334,8.89,3,0.321483771251932,0.38665842349304486,0.41064760432766617,0.7973060278207109,0.08897217928902625,0.3406707882534776,0.3625363214837713,111.86862442040186,3,2.69,0.731,116.0,2B,0,1,0,3,961,4,8.335,26.67,2.3919180834621327,79.03210000000001,2,78603,"2017,2018,2019"
유한준,2020,39,KT,10.0,131.0,458.0,15.666666666666666,79.0,57.333333333333336,146.66666666666666,19.666666666666668,0.6666666666666666,48.0,2.6666666666666665,57.666666666666664,1.3333333333333333,1.5296666666666665,3.2833333333333337,9.850000000000001,3,0.32023289665211063,0.38595414847161574,0.4687678311499272,0.8547219796215428,0.14847743813682676,0.33775764192139734,0.380844250363901,112.52802037845706,3,4.43,0.826,125.4,OF,0,1,0,3,1521,0,8.335,29.550000000000004,2.5641659388646287,97.02250000000002,5,74339,"2017,2018,2019"
오지환,2020,30,LG,10.0,128.33333333333334,446.6666666666667,9.333333333333334,54.333333333333336,67.66666666666667,119.33333333333333,20.666666666666668,3.6666666666666665,53.666666666666664,6.333333333333333,121.33333333333333,15.666666666666666,-0.5223333333333333,2.5233333333333334,7.57,3,0.2671641791044776,0.3506992537313433,0.3923880597014925,0.7430873134328358,0.12506119402985072,0.3440507462686567,0.340094776119403,120.8270895522388,3,3.98,0.717,128.9,SS,0,0,1,2,900,5,8.335,15.14,1.4861746268656717,57.3049,4,79109,"2017,2018,2019"
전준우,2020,34,롯데,8.5,131.66666666666666,518.6666666666666,24.333333333333332,80.66666666666667,93.0,166.66666666666666,31.0,1.3333333333333333,41.333333333333336,7.0,74.33333333333333,5.666666666666667,1.0503333333333333,4.456666666666666,13.369999999999997,3,0.3213367609254498,0.37686696658097685,0.5270964010282777,0.9039633676092546,0.2055976863753213,0.3361915167095116,0.39453341902313627,118.71934447300771,3,4.7,0.84,118.6,OF,0,1,1,5,1156,1,8.335,66.85,4.519816838046273,178.75689999999994,5,78513,"2017,2018,2019"
이성열,2020,36,한화,7.0,113.66666666666667,393.0,25.333333333333332,84.0,59.0,111.66666666666667,19.333333333333332,1.0,34.0,7.666666666666667,112.33333333333333,6.666666666666667,1.2223333333333333,3.0033333333333334,9.01,3,0.28413910093299405,0.34963273960983887,0.5319601357082273,0.8815928753180661,0.24780491942324007,0.33397794741306186,0.3824300254452926,115.4908396946565,3,3.01,0.807,115.3,OF,0,0,0,0,1296,0,8.335,0.0,0.0,81.1801,5,73136,"2017,2018,2019"
오재원,2020,35,두산,6.33,119.0,328.0,8.333333333333334,46.333333333333336,50.333333333333336,85.33333333333333,16.0,1.0,37.666666666666664,1.3333333333333333,84.66666666666667,9.333333333333334,-0.07666666666666655,1.3933333333333333,4.18,3,0.2601626016260163,0.3380934959349593,0.3911260162601626,0.7292195121951219,0.13072459349593493,0.32503658536585367,0.3296260162601626,102.02256097560975,3,0.12,0.538,71.2,2B,0,0,3,6,1225,0,8.335,25.08,4.375317073170732,17.472399999999997,2,77248,"2017,2018,2019"
이지영,2020,34,키움,6.0,100.33333333333333,262.6666666666667,1.0,28.0,34.0,73.33333333333333,8.333333333333334,1.0,16.666666666666668,3.3333333333333335,31.666666666666668,3.0,-1.7853333333333332,0.006666666666666672,0.020000000000000018,3,0.27918781725888325,0.32828934010152283,0.33015736040609134,0.6584467005076142,0.05124111675126898,0.3136903553299492,0.3008299492385787,67.45025380710659,3,-0.03,0.632,70.9,C,0,0,0,0,1156,1,8.335,0.0,0.0,0.0004000000000000007,0,79456,"2017,2018,2019"
김강민,2020,38,SK,5.0,98.33333333333333,280.0,9.0,38.0,41.666666666666664,74.66666666666667,11.0,1.0,22.666666666666668,4.666666666666667,70.0,11.666666666666666,-0.8086666666666665,1.0733333333333333,3.2199999999999998,3,0.26666666666666666,0.33076904761904763,0.40968690476190484,0.7404559523809524,0.14296428571428565,0.3246785714285714,0.3275440476190476,86.69059523809524,3,1.73,0.694,79.2,OF,0,1,0,3,1444,0,8.335,9.66,2.221367857142857,10.368399999999998,5,71837,"2017,2018,2019"
김태군,2020,31,NC,3.25,94.66666666666667,241.33333333333334,1.3333333333333333,21.666666666666668,23.333333333333332,59.666666666666664,11.333333333333334,0.0,14.0,11.0,31.666666666666668,0.0,-1.6943333333333335,0.43,1.29,2,0.24723756906077343,0.31494475138121547,0.31087016574585635,0.6258149171270718,0.0638895027624309,0.27725966850828726,0.28335359116022096,43.02790055248619,3,0.15,0.539,98.0,C,0,0,1,2,961,4,8.335,2.58,1.2516298342541436,1.6641000000000001,0,78122,"2016,2017,2019"
최형우,2021,38,KIA,15.67,139.66666666666666,502.0,23.333333333333332,101.33333333333333,83.33333333333333,167.0,34.0,1.0,73.66666666666667,6.333333333333333,88.33333333333333,1.0,3.7126666666666672,5.796666666666667,17.39,3,0.33266932270916333,0.4202828685258964,0.5438326693227091,0.9641155378486055,0.21144223107569723,0.3629322709163347,0.41880079681274895,150.006374501992,3,7.06,1.023,164.8,OF,0,6,1,20,1444,0,8.585,347.8,19.28231075697211,302.4121,5,72443,"2018,2019,2020"
이대호,2021,39,롯데,13.0,141.0,523.3333333333334,24.333333333333332,107.66666666666667,65.33333333333333,159.0,26.666666666666668,0.3333333333333333,47.666666666666664,9.666666666666666,69.33333333333333,0.3333333333333333,1.127,3.5566666666666666,10.67,3,0.3038216560509554,0.3681433121019108,0.49551464968152864,0.8636579617834397,0.19149681528662418,0.3087592356687898,0.37939363057324843,107.63299363057324,3,2.69,0.806,93.8,1B,1,6,2,27,1521,0,8.585,288.09,23.31876496815287,113.8489,1,71564,"2018,2019,2020"
오재일,2021,35,삼성,12.5,126.66666666666667,446.3333333333333,21.333333333333332,90.33333333333333,69.0,132.0,26.666666666666668,1.0,58.666666666666664,3.0,104.0,1.6666666666666667,1.0563333333333336,5.75,17.25,3,0.2957430918595967,0.3775847647498133,0.5036041822255415,0.8811889469753548,0.20811351755041071,0.3381045556385362,0.3859051530993278,154.82793129200894,3,5.73,0.872,155.5,1B,0,0,0,0,1225,0,8.585,0.0,0.0,297.5625,1,75334,"2018,2019,2020"
허경민,2021,31,두산,12.14,127.66666666666667,476.0,7.0,65.66666666666667,75.33333333333333,149.66666666666666,26.666666666666668,2.3333333333333335,33.666666666666664,12.666666666666666,38.666666666666664,15.0,-0.244,2.716666666666667,8.15,3,0.31442577030812324,0.369187675070028,0.4245259103641457,0.7937135854341735,0.11005252100840335,0.32511134453781515,0.3541645658263305,122.9763305322129,3,2.96,0.824,134.6,3B,0,1,3,9,961,4,8.585,73.35000000000001,7.143422268907561,66.4225,3,79240,"2018,2019,2020"
최주환,2021,33,SK,10.5,121.66666666666667,437.6666666666667,15.333333333333334,81.0,59.0,136.0,27.0,3.3333333333333335,42.0,6.0,63.333333333333336,1.0,0.48233333333333334,4.146666666666667,12.440000000000001,3,0.3107387661843107,0.37087357197258186,0.4926428027418126,0.8635163747143946,0.18226504188880416,0.32775704493526275,0.3786237623762376,141.16252856054837,3,4.41,0.839,139.4,2B,0,0,0,0,1089,2,8.585,0.0,0.0,154.75360000000003,2,76267,"2018,2019,2020"
정수빈,2021,31,두산,9.33,96.66666666666667,343.0,2.3333333333333335,41.0,59.666666666666664,99.66666666666667,12.666666666666666,4.666666666666667,41.0,3.0,43.0,15.333333333333334,-0.551,2.2600000000000002,6.780000000000001,3,0.29057337220602525,0.3678095238095238,0.3750952380952381,0.742904761904762,0.08466666666666667,0.3227142857142857,0.3450952380952381,118.98095238095237,3,3.52,0.764,122.4,OF,0,0,0,0,961,4,8.585,0.0,0.0,45.96840000000002,5,79231,"2018,2019,2020"
김재호,2021,36,두산,8.33,127.0,393.6666666666667,7.333333333333333,54.0,59.0,114.0,19.0,0.3333333333333333,54.666666666666664,5.0,60.0,5.0,-0.4876666666666667,2.63,7.89,3,0.28958509737510585,0.3769576629974598,0.3954428450465707,0.7724005080440304,0.10565791701947493,0.3208060965283658,0.3502751905165114,121.0571549534293,3,1.85,0.708,113.3,SS,0,2,2,10,1296,0,8.585,78.89999999999999,7.724005080440303,62.25209999999999,4,74206,"2018,2019,2020"
이원석,2021,35,삼성,6.67,120.0,425.6666666666667,17.333333333333332,81.0,54.666666666666664,116.33333333333333,22.333333333333332,0.3333333333333333,48.0,5.666666666666667,86.0,1.3333333333333333,0.5013333333333334,1.63,4.89,3,0.2732967893500391,0.3490477682067345,0.44977525450274086,0.7988230227094754,0.17620203602192638,0.30033516053249804,0.35464839467501963,91.80352388410337,3,1.2,0.748,79.1,3B,0,0,0,0,1225,0,8.585,0.0,0.0,23.912099999999995,3,75566,"2018,2019,2020"
김성현,2021,34,SK,3.67,137.33333333333334,394.6666666666667,2.3333333333333335,38.0,43.333333333333336,104.33333333333333,14.666666666666666,1.3333333333333333,30.666666666666668,5.333333333333333,37.333333333333336,4.333333333333333,-2.421666666666667,0.5599999999999999,1.6799999999999997,3,0.264358108108108,0.3237668918918919,0.3260625,0.6498293918918918,0.061954391891891794,0.2847390202702703,0.30186064189189193,72.87559121621621,3,0.89,0.657,71.9,IF,0,0,0,0,1156,1,8.585,0.0,0.0,2.822399999999999,6,76802,"2018,2019,2020"
김용의,2021,36,LG,2.0,109.66666666666667,136.0,0.3333333333333333,14.0,30.333333333333332,31.666666666666668,2.6666666666666665,1.3333333333333333,14.333333333333334,0.6666666666666666,28.333333333333332,8.333333333333334,-0.6,0.003333333333333336,0.010000000000000009,3,0.23284313725490188,0.3057254901960784,0.27913235294117644,0.584857843137255,0.04619362745098034,0.2878186274509804,0.27620343137254905,71.15122549019608,3,0.2,0.654,77.1,OF,0,0,0,0,1296,0,8.585,0.0,0.0,0.00010000000000000018,5,78217,"2018,2019,2020"
김재환,2022,34,두산,28.75,137.66666666666666,495.3333333333333,24.0,102.0,81.33333333333333,135.66666666666666,23.0,2.6666666666666665,78.33333333333333,3.6666666666666665,131.33333333333334,3.6666666666666665,0.9169999999999999,5.1066666666666665,15.32,3,0.27388963660834453,0.3722126514131897,0.4762510094212652,0.8484636608344549,0.20203095558546427,0.3213438761776582,0.3741063257065949,146.27301480484522,3,5.18,0.883,154.5,OF,1,2,2,15,1156,1,8.67,229.8,12.726954912516824,234.7024,5,78224,"2019,2020,2021"
나성범,2022,33,KIA,25.0,99.0,396.0,23.666666666666668,75.66666666666667,76.66666666666667,121.33333333333333,26.0,1.3333333333333333,33.0,7.0,109.66666666666667,2.0,1.391333333333333,3.77,11.31,3,0.3063973063973064,0.36776010101010104,0.5580934343434343,0.9258535353535353,0.2514368686868686,0.3696742424242424,0.3996262626262626,137.54419191919192,3,3.48,0.844,118.8,OF,0,2,2,10,1089,2,8.67,113.10000000000001,9.258535353535354,127.91610000000001,5,62947,"2019,2020,2021"
김현수,2022,34,LG,19.17,140.66666666666666,526.3333333333334,16.666666666666668,99.0,81.0,161.66666666666666,31.666666666666668,1.0,64.66666666666667,3.6666666666666665,49.0,2.0,2.077,5.036666666666666,15.11,3,0.3071564281190627,0.38127612412919576,0.4661513616212793,0.847427485750475,0.15888663711209625,0.3096858771374288,0.3737935402153262,141.95072830905636,3,3.73,0.811,128.5,OF,0,5,6,27,1156,1,8.67,407.96999999999997,22.880542115262823,228.3121,5,76290,"2019,2020,2021"
박건우,2022,32,NC,16.67,127.33333333333333,467.6666666666667,10.0,65.66666666666667,89.33333333333333,147.66666666666666,32.666666666666664,2.3333333333333335,50.666666666666664,10.0,64.66666666666667,11.0,-0.0043333333333333375,5.036666666666666,15.11,3,0.3157519600855309,0.3882601568068425,0.4595951532430506,0.847855310049893,0.14384319315751953,0.3432394868139701,0.3808759800427655,149.50121168923735,3,4.96,0.841,146.9,OF,0,0,3,6,1024,3,8.67,90.66,5.087131860299358,228.3121,5,79215,"2019,2020,2021"
손아섭,2022,36,NC,16.0,138.0,531.3333333333334,8.0,68.66666666666667,88.0,171.33333333333334,31.333333333333332,1.0,58.0,2.0,71.66666666666667,9.666666666666666,0.9986666666666667,4.196666666666666,12.59,3,0.3224592220828105,0.38883312421580923,0.4304855708908406,0.81931869510665,0.10801505646173148,0.35828230865746546,0.37505646173149304,119.61016311166874,3,3.5,0.787,119.9,OF,0,5,5,25,1296,0,8.67,314.75,20.48296737766625,158.50809999999998,5,77532,"2019,2020,2021"
박해민,2022,32,LG,15.0,134.33333333333334,483.0,7.0,51.0,75.33333333333333,131.66666666666666,18.666666666666668,4.333333333333333,55.333333333333336,2.6666666666666665,80.33333333333333,31.333333333333332,-1.6623333333333334,2.2733333333333334,6.82,3,0.2726017943409248,0.3474775707384403,0.37271290545203584,0.7201904761904763,0.10020910973084886,0.31190200138026225,0.32677915804002755,84.1657004830918,3,2.93,0.76,109.4,OF,0,0,2,4,1024,3,8.67,27.28,2.880761904761905,46.51240000000001,5,62415,"2019,2020,2021"
황재균,2022,35,KT,15.0,125.0,480.6666666666667,17.0,73.33333333333333,86.66666666666667,142.66666666666666,22.333333333333332,3.3333333333333335,48.333333333333336,3.3333333333333335,87.0,10.666666666666666,0.8753333333333333,2.9766666666666666,8.93,3,0.29680998613037446,0.3621914008321775,0.4634632454923718,0.8256546463245493,0.16707004160887656,0.3302128987517337,0.36597780859916784,118.11893203883496,3,1.97,0.76,107.3,3B,0,1,5,13,1225,0,8.67,116.09,10.73351040221914,79.7449,3,76313,"2019,2020,2021"
최재훈,2022,33,한화,10.8,125.66666666666667,362.3333333333333,4.333333333333333,37.0,48.333333333333336,104.33333333333333,19.333333333333332,0.0,52.333333333333336,14.0,57.666666666666664,2.0,-0.868,2.7300000000000004,8.190000000000001,3,0.28794848206071755,0.39573689052437905,0.37717387304507816,0.7729107635694572,0.08891812327506897,0.33003771849126035,0.35879484820607177,119.22042318307268,3,3.87,0.792,124.9,C,0,0,0,0,1089,2,8.67,0.0,0.0,67.07610000000003,0,78288,"2019,2020,2021"
장성우,2022,32,KT,10.5,128.0,383.6666666666667,11.333333333333334,61.0,36.666666666666664,98.66666666666667,11.666666666666666,0.0,44.333333333333336,2.0,73.0,0.3333333333333333,-1.0416666666666667,0.7999999999999999,2.4,3,0.2573414422241529,0.3331841876629018,0.37642397914856646,0.7096081668114683,0.11923284100781924,0.28728410078192873,0.3187089487402259,84.04952215464813,3,1.27,0.711,88.4,C,0,0,0,0,1024,3,8.67,0.0,0.0,5.76,0,78548,"2019,2020,2021"
박병호,2022,36,KT,10.0,111.0,383.3333333333333,24.666666666666668,80.0,65.33333333333333,94.33333333333333,17.333333333333332,0.0,60.666666666666664,12.0,124.0,0.0,0.026000000000000023,3.9233333333333333,11.77,3,0.24608695652173912,0.35896608695652177,0.48420869565217395,0.8431747826086956,0.23837391304347827,0.28609913043478263,0.37083739130434784,130.93417391304348,3,1.81,0.753,98.5,1B,2,5,4,33,1296,0,8.67,388.40999999999997,27.824767826086955,138.53289999999998,1,75125,"2019,2020,2021"
강민호,2022,37,삼성,9.0,118.0,369.0,16.666666666666668,57.666666666666664,45.666666666666664,100.33333333333333,18.666666666666668,0.0,36.333333333333336,5.666666666666667,61.0,0.0,-0.373,1.7966666666666669,5.390000000000001,3,0.27190605239385723,0.34277416440831077,0.45806955736224025,0.8008437217705511,0.1861680216802168,0.2823026196928636,0.355059620596206,96.73514001806684,3,3.15,0.839,117.3,C,0,6,4,26,1369,0,8.67,140.14000000000001,20.821936766034327,29.052100000000006,0,74540,"2019,2020,2021"
정훈,2022,37,롯데,6.0,111.33333333333333,362.0,9.0,51.333333333333336,56.0,102.0,16.666666666666668,1.0,49.0,4.0,73.66666666666667,7.666666666666667,-0.6026666666666666,2.33,6.99,3,0.281767955801105,0.37095764272559856,0.40777900552486185,0.7787366482504605,0.12619337016574583,0.32976243093922647,0.353255985267035,102.81307550644567,3,3.41,0.818,113.0,1B,0,0,0,0,1369,0,8.67,0.0,0.0,48.8601,1,60523,"2019,2020,2021"
허도환,2022,38,LG,2.0,56.666666666666664,79.0,1.0,10.666666666666666,4.333333333333333,17.666666666666668,3.3333333333333335,0.0,6.333333333333333,2.3333333333333335,20.333333333333332,0.0,-0.2503333333333333,-0.22,-0.66,3,0.22362869198312235,0.29825316455696205,0.3037383966244726,0.6019915611814346,0.08008860759493662,0.2901223628691983,0.27131645569620255,53.08987341772151,3,0.42,0.729,85.7,C,0,0,0,0,1444,0,8.67,-0.0,0.0,0.43560000000000004,0,77243,"2019,2020,2021"
양의지,2023,36,두산,25.33,133.66666666666666,456.0,27.666666666666668,109.66666666666667,76.0,142.66666666666666,26.333333333333332,1.0,58.333333333333336,12.666666666666666,51.666666666666664,3.3333333333333335,1.774,5.27,15.809999999999999,3,0.3128654970760234,0.39866959064327484,0.5568881578947368,0.9555577485380117,0.2439868421052631,0.2988326023391813,0.4089539473684211,143.3440058479532,3,4.55,0.86,132.3,C,0,8,5,34,1296,0,10.0,537.54,32.488963450292395,249.95609999999996,0,76232,"2020,2021,2022"
유강남,2023,31,롯데,20.0,135.33333333333334,414.0,11.666666666666666,60.333333333333336,48.0,106.0,16.666666666666668,0.0,30.333333333333332,12.666666666666666,85.66666666666667,1.0,-0.9213333333333332,1.97,5.91,3,0.2560386473429952,0.3245048309178744,0.3807777777777777,0.7052826086956522,0.12466425120772939,0.2961207729468599,0.32314573268921093,105.72375201288247,3,1.8,0.677,98.4,C,0,0,0,0,961,4,10.0,0.0,0.0,34.9281,0,61102,"2020,2021,2022"
박민우,2023,30,NC,17.5,93.33333333333333,345.6666666666667,4.333333333333333,39.666666666666664,57.666666666666664,104.0,18.0,3.0,33.333333333333336,10.666666666666666,42.0,15.333333333333334,-0.5686666666666667,2.4966666666666666,7.49,3,0.30086788813886206,0.37552941176470583,0.4077675988428158,0.7832970106075217,0.10668273866923815,0.3264329797492767,0.3519083895853423,109.28592092574735,3,1.98,0.71,92.5,2B,0,2,3,12,900,5,10.0,89.88,9.39956412729026,56.100100000000005,2,62907,"2020,2021,2022"
박동원,2023,33,LG,16.25,122.0,374.0,17.333333333333332,63.333333333333336,52.666666666666664,92.33333333333333,21.0,0.0,45.333333333333336,7.333333333333333,92.33333333333333,1.0,-0.8656666666666667,2.586666666666667,7.760000000000001,3,0.24688057040998213,0.3380998217468806,0.4419465240641712,0.7800463458110517,0.19505971479500891,0.2815971479500891,0.34836631016042785,115.63484848484848,3,3.02,0.77,113.4,C,0,0,0,0,1089,2,10.0,0.0,0.0,60.21760000000001,0,79365,"2020,2021,2022"
채은성,2023,33,한화,15.0,115.0,423.3333333333333,14.333333333333334,84.33333333333333,55.333333333333336,122.33333333333333,21.0,1.3333333333333333,32.333333333333336,15.333333333333334,79.0,3.3333333333333335,-0.7093333333333333,3.0566666666666666,9.17,3,0.2889763779527559,0.3545409448818897,0.446484251968504,0.8010251968503938,0.15756141732283466,0.3188992125984252,0.3558692913385827,128.34251968503938,3,2.86,0.791,122.7,1B,0,0,0,0,1089,2,10.0,0.0,0.0,84.0889,1,79192,"2020,2021,2022"
노진혁,2023,34,롯데,12.5,118.0,384.3333333333333,14.333333333333334,71.66666666666667,53.666666666666664,107.66666666666667,22.666666666666668,1.0,45.333333333333336,4.0,100.33333333333333,1.0,0.19333333333333333,2.51,7.529999999999999,3,0.28013876843018215,0.3601214223764093,0.45624457935819596,0.8163660017346054,0.17617692974848218,0.3426071118820469,0.3579557675628794,112.93217692974848,3,2.32,0.808,114.4,SS,0,0,0,0,1156,1,10.0,0.0,0.0,56.70089999999999,4,62931,"2020,2021,2022"
박세혁,2023,33,NC,11.5,116.0,316.0,2.3333333333333335,40.666666666666664,35.0,78.66666666666667,14.333333333333334,1.0,30.0,7.666666666666667,53.0,3.6666666666666665,-1.5193333333333336,0.47333333333333333,1.42,3,0.24894514767932482,0.3246329113924051,0.32272784810126587,0.6473607594936709,0.074003164556962,0.28759177215189874,0.29687341772151904,86.16645569620253,3,0.9,0.636,81.9,C,0,0,1,2,1089,2,10.0,2.84,1.2947215189873418,2.0164,0,62244,"2020,2021,2022"
김상수,2023,34,KT,7.25,108.0,356.0,3.3333333333333335,39.333333333333336,49.0,94.33333333333333,15.333333333333334,1.3333333333333333,41.666666666666664,4.0,50.0,5.333333333333333,-1.547,1.6900000000000002,5.07,3,0.2649812734082396,0.34582677902621717,0.3436685393258427,0.68949531835206,0.07904681647940075,0.29860018726591764,0.32279213483146063,84.55318352059925,3,0.36,0.628,70.0,SS,0,0,3,6,1156,1,10.0,30.42,4.13697191011236,25.704900000000002,4,79402,"2020,2021,2022"
오태곤,2023,32,SSG,4.75,115.33333333333333,244.0,6.0,31.0,43.666666666666664,62.666666666666664,12.0,0.6666666666666666,14.0,6.0,55.666666666666664,11.666666666666666,-0.836,0.9366666666666666,2.81,3,0.2568306010928961,0.311568306010929,0.38511202185792354,0.6966803278688525,0.12812841530054642,0.308405737704918,0.31335792349726777,83.85546448087432,3,1.05,0.631,73.3,OF,0,0,0,0,1024,3,10.0,0.0,0.0,7.896100000000001,5,60558,"2020,2021,2022"
오선진,2023,35,한화,2.0,72.0,169.0,1.6666666666666667,14.333333333333334,17.333333333333332,43.0,4.0,0.0,12.333333333333334,2.3333333333333335,32.666666666666664,0.6666666666666666,-1.0083333333333335,-0.09666666666666668,-0.29000000000000004,3,0.25443786982248523,0.31378106508875736,0.30780276134122286,0.6215838264299802,0.05325838264299799,0.3059644970414201,0.2803984220907298,64.76410256410257,3,0.3,0.668,76.7,IF,0,0,0,0,1225,0,10.0,-0.0,0.0,0.08410000000000002,6,78756,"2020,2021,2022"
신본기,2023,34,KT,1.5,83.66666666666667,133.66666666666666,1.3333333333333333,13.0,17.333333333333332,28.666666666666668,4.0,0.0,15.333333333333334,2.3333333333333335,31.666666666666668,0.6666666666666666,-1.1196666666666666,-0.13333333333333333,-0.4,3,0.21446384039900246,0.30334663341645884,0.2742518703241895,0.5775985037406484,0.05956857855361593,0.2695860349127182,0.26708229426433916,50.9216957605985,3,-0.45,0.485,23.4,IF,0,0,0,0,1156,1,10.0,-0.0,0.0,0.16000000000000003,6,62556,"2020,2021,2022"
이명기,2023,35,한화,1.0,95.33333333333333,322.6666666666667,1.3333333333333333,27.333333333333332,49.333333333333336,93.33333333333333,14.333333333333334,1.6666666666666667,39.0,2.6666666666666665,53.666666666666664,7.666666666666667,-1.036,1.7033333333333331,5.109999999999999,3,0.2892561983471074,0.36777685950413225,0.3564359504132231,0.7242128099173554,0.06725723140495865,0.340853305785124,0.3381828512396694,103.163326446281,3,0.14,0.648,80.9,OF,0,0,0,0,1225,0,10.0,0.0,0.0,26.112099999999995,5,76849,"2020,2021,2022"
오지환,2024,34,LG,20.67,134.0,460.0,13.666666666666666,68.66666666666667,67.33333333333333,121.33333333333333,19.666666666666668,3.0,60.0,6.666666666666667,90.33333333333333,16.0,-0.47900000000000004,3.9266666666666663,11.78,3,0.263768115942029,0.3538840579710145,0.4090405797101449,0.7629246376811595,0.1453898550724637,0.29918115942028983,0.34305942028985503,119.65623188405796,3,3.63,0.767,122.2,SS,0,2,3,12,1156,1,11.5,141.35999999999999,9.155095652173914,138.76839999999999,4,79109,"2021,2022,2023"
양석환,2024,33,두산,13.0,126.66666666666667,472.3333333333333,23.0,78.66666666666667,65.66666666666667,126.33333333333333,21.333333333333332,0.3333333333333333,38.333333333333336,7.333333333333333,123.33333333333333,2.3333333333333335,-0.2976666666666667,2.7699999999999996,8.309999999999999,3,0.26746647847565275,0.3275179957657022,0.4601100917431193,0.7876280875088214,0.19244036697247702,0.3104587155963303,0.34222300635144676,121.44149611856034,3,3.09,0.787,122.1,1B,0,0,0,0,1089,2,11.5,0.0,0.0,69.05609999999997,1,64153,"2021,2022,2023"
김선빈,2024,35,KIA,10.0,129.66666666666666,475.0,2.6666666666666665,58.666666666666664,49.0,144.33333333333334,23.666666666666668,0.0,53.0,4.0,37.333333333333336,5.333333333333333,0.22466666666666665,3.813333333333333,11.44,3,0.303859649122807,0.37605543859649126,0.37028280701754385,0.7463382456140352,0.06654807017543857,0.3228035087719298,0.34491438596491225,114.5919298245614,3,3.54,0.739,117.6,2B,0,1,0,3,1225,0,11.5,34.32,2.2390147368421056,130.87359999999998,2,78603,"2021,2022,2023"
김민식,2024,35,SSG,2.5,108.66666666666667,246.0,3.3333333333333335,29.333333333333332,29.333333333333332,54.0,8.666666666666666,0.6666666666666666,34.666666666666664,2.6666666666666665,50.333333333333336,0.0,-1.5970000000000002,0.52,1.56,3,0.2195121951219512,0.31893224932249326,0.30079945799457997,0.6197317073170732,0.08121951219512188,0.25978319783197834,0.28828726287262874,72.13414634146342,3,0.5,0.618,65.4,C,0,0,0,0,1225,0,11.5,0.0,0.0,2.4336,0,62864,"2021,2022,2023"
고종욱,2024,35,KIA,2.5,88.0,185.33333333333334,2.3333333333333335,23.666666666666668,24.333333333333332,52.666666666666664,9.666666666666666,0.3333333333333333,12.333333333333334,0.0,36.333333333333336,1.6666666666666667,-0.47400000000000003,0.7233333333333333,2.17,3,0.2841726618705036,0.3266762589928058,0.3780575539568345,0.7047338129496403,0.09392446043165467,0.3408848920863309,0.3275251798561151,102.39604316546762,3,1.48,0.722,111.4,OF,0,0,0,0,1225,0,11.5,0.0,0.0,4.7089,5,61353,"2021,2022,2023"
강한울,2024,33,삼성,1.5,96.66666666666667,220.33333333333334,0.3333333333333333,21.0,28.666666666666668,59.0,8.0,1.0,23.0,0.0,53.333333333333336,2.3333333333333335,-1.6876666666666669,0.20333333333333337,0.6100000000000001,3,0.26777609682299547,0.3337019667170953,0.3178290468986384,0.6515310136157337,0.05008018154311645,0.34620726172465965,0.29916187594553706,78.59304084720121,3,-0.7,0.551,50.1,IF,0,0,0,0,1089,2,11.5,0.0,0.0,0.3721000000000001,6,64610,"2021,2022,2023"
최정,2025,38,SSG,27.5,126.0,451.0,30.666666666666668,93.66666666666667,89.0,128.66666666666666,26.333333333333332,0.6666666666666666,60.0,18.0,99.0,8.0,2.093,4.489999999999999,13.469999999999999,3,0.2852919438285292,0.38600443458980044,0.5507538802660753,0.936758314855876,0.2653148558758315,0.2990044345898004,0.4032727272727272,143.69556541019955,3,4.47,0.978,137.7,3B,0,8,3,30,1444,0,11.5,404.09999999999997,28.10274944567628,181.44089999999997,3,75847,"2022,2023,2024"
심우준,2025,30,한화,12.5,108.0,321.3333333333333,4.333333333333333,36.666666666666664,50.666666666666664,82.33333333333333,10.666666666666666,1.3333333333333333,30.666666666666668,2.3333333333333335,56.333333333333336,15.333333333333334,-1.562,1.3166666666666667,3.95,3,0.25622406639004147,0.322636929460581,0.3383195020746888,0.6609564315352697,0.08193983402489621,0.29520954356846474,0.3064315352697095,81.23205394190872,3,0.61,0.68,83.2,SS,0,0,0,0,900,5,11.5,0.0,0.0,15.602500000000001,4,64006,"2021,2022,2024"
허경민,2025,35,KT,10.0,122.0,426.0,7.333333333333333,56.333333333333336,57.333333333333336,123.0,24.666666666666668,0.3333333333333333,35.666666666666664,13.333333333333334,30.333333333333332,8.0,-0.28833333333333333,2.5,7.5,3,0.2887323943661972,0.3570892018779343,0.39974178403755867,0.756830985915493,0.11126525821596239,0.2931713615023474,0.34405164319248827,115.24436619718311,3,3.3,0.811,126.8,3B,0,1,4,11,1225,0,11.5,82.5,8.325140845070424,56.25,3,79240,"2022,2023,2024"
류지혁,2025,31,삼성,6.5,119.66666666666667,387.3333333333333,2.3333333333333335,43.0,53.666666666666664,103.66666666666667,13.0,1.3333333333333333,45.0,6.0,75.33333333333333,15.0,-1.5006666666666666,1.3,3.9000000000000004,3,0.2676419965576592,0.35036746987951806,0.32644578313253014,0.6768132530120482,0.05895352839931145,0.32478915662650604,0.3193571428571429,92.61523235800344,3,0.49,0.666,80.2,IF,0,0,1,2,961,4,11.5,7.800000000000001,1.3536265060240964,15.210000000000003,6,62234,"2022,2023,2024"
김헌곤,2025,37,삼성,3.0,67.66666666666667,169.66666666666666,3.3333333333333335,18.0,20.333333333333332,42.666666666666664,5.333333333333333,0.3333333333333333,10.333333333333334,1.3333333333333333,24.333333333333332,2.3333333333333335,-0.9576666666666666,0.16333333333333333,0.49,3,0.25147347740667975,0.2962161100196464,0.34565422396856577,0.6418703339882122,0.09443614931237716,0.278909626719057,0.30568172888015716,73.15736738703339,3,0.97,0.792,104.3,OF,0,0,0,0,1369,0,11.5,0.0,0.0,0.24009999999999998,5,61404,"2022,2023,2024"
서건창,2025,36,KIA,2.5,71.66666666666667,177.33333333333334,1.0,18.666666666666668,31.0,44.666666666666664,9.666666666666666,1.3333333333333333,22.0,2.3333333333333335,29.666666666666668,4.666666666666667,-1.0090000000000001,0.5833333333333334,1.75,3,0.2518796992481203,0.3355808270676692,0.33843233082706764,0.6740131578947368,0.086578947368421,0.29289097744360904,0.31620112781954884,90.47669172932332,3,1.58,0.82,121.0,2B,1,3,1,16,1296,0,11.5,28.0,10.784210526315789,3.0625,2,78168,"2022,2023,2024"
김성욱,2025,32,NC,1.5,108.66666666666667,244.0,10.333333333333334,34.0,38.333333333333336,52.0,7.333333333333333,1.0,21.333333333333332,8.0,60.666666666666664,9.333333333333334,-0.931,0.5166666666666667,1.5500000000000003,3,0.2131147540983606,0.29473360655737707,0.3784016393442623,0.6731352459016393,0.16522677595628416,0.24013524590163934,0.304025956284153,75.0792349726776,3,0.66,0.671,71.1,OF,0,0,1,2,1024,3,11.5,3.1000000000000005,1.3462704918032786,2.4025000000000007,5,62934,"2020,2023,2024"
강백호,2026,27,한화,25.0,103.33333333333333,369.6666666666667,16.333333333333332,65.33333333333333,55.0,102.33333333333333,18.333333333333332,0.6666666666666666,44.666666666666664,2.0,82.0,3.6666666666666665,-0.17666666666666672,2.026666666666667,6.08,3,0.27682596934174925,0.3566311992786294,0.462502254283138,0.8191334535617675,0.18559963931469792,0.31525338142470694,0.36144454463480613,112.2082957619477,3,1.82,0.825,117.6,1B,0,2,4,14,729,8,10.0,85.12,11.467868349864744,36.9664,1,68050,"2023,2024,2025"
박찬호,2026,31,두산,20.0,132.66666666666666,494.3333333333333,4.333333333333333,51.666666666666664,78.0,147.33333333333334,20.0,2.3333333333333335,50.0,2.0,56.333333333333336,25.666666666666668,-0.902,3.2533333333333334,9.76,3,0.2980445043830074,0.3608664868509777,0.3741672285906945,0.7350337154416723,0.07595482130815913,0.32500337154416725,0.34099595414699935,107.6888064733648,3,3.81,0.722,107.5,SS,0,1,0,3,961,4,10.0,29.28,2.205101146325017,95.2576,4,64646,"2023,2024,2025"
김현수,2026,38,KT,16.67,136.66666666666666,496.0,8.666666666666666,82.33333333333333,60.0,146.33333333333334,27.333333333333332,1.3333333333333333,56.333333333333336,4.666666666666667,67.33333333333333,4.0,0.020000000000000018,2.94,8.82,3,0.2950268817204301,0.368059811827957,0.4078198924731183,0.7758797043010752,0.1128494623655914,0.3236875,0.3491606182795699,115.99395161290323,3,3.86,0.806,131.4,OF,0,5,7,29,1444,0,10.0,255.78,22.500511424731183,77.7924,5,76290,"2023,2024,2025"
최형우,2026,43,KIA,13.0,123.33333333333333,441.6666666666667,21.0,92.0,68.33333333333333,131.0,26.666666666666668,1.3333333333333333,61.333333333333336,7.0,89.0,0.6666666666666666,2.2576666666666667,4.116666666666667,12.350000000000001,3,0.29660377358490564,0.38713660377358494,0.5057154716981132,0.8928520754716981,0.20900226415094336,0.326868679245283,0.3912837735849057,140.00664150943396,3,4.87,0.928,146.1,OF,0,8,1,26,1849,0,10.0,321.1,23.21415396226415,152.52250000000004,5,72443,"2023,2024,2025"
강민호,2026,41,삼성,10.0,129.33333333333334,416.3333333333333,15.666666666666666,75.0,48.333333333333336,119.66666666666667,20.333333333333332,0.6666666666666666,40.666666666666664,7.0,62.0,3.6666666666666665,-0.23900000000000002,2.9333333333333336,8.8,3,0.28742994395516414,0.35578142514011213,0.4522193755004003,0.8080008006405125,0.16495196156925537,0.3017365892714171,0.3605620496397118,109.90656525220176,3,2.28,0.753,102.2,C,0,7,4,29,1681,0,10.0,255.20000000000002,23.432023218574862,77.44000000000001,0,74540,"2023,2024,2025"
조수행,2026,33,두산,4.0,121.33333333333333,222.0,0.3333333333333333,18.666666666666668,43.666666666666664,54.666666666666664,3.6666666666666665,1.0,23.333333333333332,1.6666666666666667,40.0,40.0,-0.669,0.26333333333333336,0.79,3,0.24624624624624625,0.3201966966966967,0.27633033033033033,0.596527027027027,0.030208708708708662,0.29668768768768766,0.28510060060060055,69.6018018018018,3,0.27,0.6,70.9,OF,0,0,0,0,1089,2,10.0,0.0,0.0,0.6241000000000001,5,66209,"2023,2024,2025"
한승택,2026,32,KT,2.5,28.0,39.0,0.0,1.6666666666666667,3.6666666666666665,6.333333333333333,1.0,0.0,5.333333333333333,1.0,13.333333333333334,0.0,-0.589,-0.10999999999999999,-0.32999999999999996,3,0.16239316239316234,0.2764615384615385,0.18815384615384614,0.4646153846153846,0.02605128205128196,0.2433931623931624,0.24389743589743587,40.358119658119655,3,0.09,0.59,92.3,C,0,0,1,2,1024,3,10.0,-0.6599999999999999,0.9292307692307692,0.10889999999999997,0,63722,"2023,2024,2025"
