player_name,year,team,award,source
-,1982,,GG,KBO 골든글러브
김성관,1982,롯데,GG,KBO 골든글러브
김용달,1982,MBC,GG,KBO 골든글러브
김용운,1982,MBC,GG,KBO 골든글러브
김용희,1982,롯데,GG,KBO 골든글러브
김준환,1982,해태,GG,KBO 골든글러브
양승관,1982,삼미,GG,KBO 골든글러브
오대석,1982,삼성,GG,KBO 골든글러브
차영화,1982,해태,GG,KBO 골든글러브
황태환,1982,OB,GG,KBO 골든글러브
-,1983,,GG,KBO 골든글러브
김용희,1983,롯데,GG,KBO 골든글러브
김재박,1983,MBC,GG,KBO 골든글러브
김종모,1983,해태,GG,KBO 골든글러브
박종훈,1983,OB,GG,KBO 골든글러브
신경식,1983,OB,GG,KBO 골든글러브
이만수,1983,삼성,GG,KBO 골든글러브
장명부,1983,삼미,GG,KBO 골든글러브
장효조,1983,삼성,GG,KBO 골든글러브
정구선,1983,삼미,GG,KBO 골든글러브
김용철,1984,롯데,GG,KBO 골든글러브
김재박,1984,MBC,GG,KBO 골든글러브
김종모,1984,해태,GG,KBO 골든글러브
양세종,1984,OB,GG,KBO 골든글러브
이광은,1984,MBC,GG,KBO 골든글러브
이만수,1984,삼성,GG,KBO 골든글러브
장효조,1984,삼성,GG,KBO 골든글러브
정구선,1984,삼미,GG,KBO 골든글러브
최동원,1984,롯데,GG,KBO 골든글러브
홍문종,1984,롯데,GG,KBO 골든글러브
김성한,1985,해태,GG,KBO 골든글러브
김시진,1985,삼성,GG,KBO 골든글러브
김용희,1985,롯데,GG,KBO 골든글러브
김재박,1985,MBC,GG,KBO 골든글러브
박종훈,1985,OB,GG,KBO 골든글러브
이광은,1985,MBC,GG,KBO 골든글러브
이만수,1985,삼성,GG,KBO 골든글러브
이순철,1985,해태,GG,KBO 골든글러브
장효조,1985,삼성,GG,KBO 골든글러브
정구선,1985,청보,GG,KBO 골든글러브
김봉연,1986,해태,GG,KBO 골든글러브
김성래,1986,삼성,GG,KBO 골든글러브
김성한,1986,해태,GG,KBO 골든글러브
김재박,1986,MBC,GG,KBO 골든글러브
김종모,1986,해태,GG,KBO 골든글러브
선동열,1986,해태,GG,KBO 골든글러브
이광은,1986,MBC,GG,KBO 골든글러브
이만수,1986,삼성,GG,KBO 골든글러브
장효조,1986,삼성,GG,KBO 골든글러브
한대화,1986,해태,GG,KBO 골든글러브
김성래,1987,삼성,GG,KBO 골든글러브
김성한,1987,해태,GG,KBO 골든글러브
김시진,1987,삼성,GG,KBO 골든글러브
김종모,1987,해태,GG,KBO 골든글러브
류중일,1987,삼성,GG,KBO 골든글러브
유승안,1987,빙그레,GG,KBO 골든글러브
이광은,1987,MBC,GG,KBO 골든글러브
이만수,1987,삼성,GG,KBO 골든글러브
장효조,1987,삼성,GG,KBO 골든글러브
한대화,1987,해태,GG,KBO 골든글러브
김성래,1988,삼성,GG,KBO 골든글러브
김성한,1988,해태,GG,KBO 골든글러브
김용철,1988,롯데,GG,KBO 골든글러브
선동열,1988,해태,GG,KBO 골든글러브
이강돈,1988,빙그레,GG,KBO 골든글러브
이순철,1988,해태,GG,KBO 골든글러브
이정훈,1988,빙그레,GG,KBO 골든글러브
장종훈,1988,빙그레,GG,KBO 골든글러브
장채근,1988,해태,GG,KBO 골든글러브
한대화,1988,해태,GG,KBO 골든글러브
강기웅,1989,삼성,GG,KBO 골든글러브
고원부,1989,빙그레,GG,KBO 골든글러브
김성한,1989,해태,GG,KBO 골든글러브
김일권,1989,태평양,GG,KBO 골든글러브
김재박,1989,MBC,GG,KBO 골든글러브
박철우,1989,해태,GG,KBO 골든글러브
선동열,1989,해태,GG,KBO 골든글러브
유승안,1989,빙그레,GG,KBO 골든글러브
이강돈,1989,빙그레,GG,KBO 골든글러브
한대화,1989,해태,GG,KBO 골든글러브
강기웅,1990,삼성,GG,KBO 골든글러브
김동수,1990,LG,GG,KBO 골든글러브
김상훈,1990,LG,GG,KBO 골든글러브
박승호,1990,삼성,GG,KBO 골든글러브
선동열,1990,해태,GG,KBO 골든글러브
이강돈,1990,빙그레,GG,KBO 골든글러브
이정훈,1990,빙그레,GG,KBO 골든글러브
이호성,1990,해태,GG,KBO 골든글러브
장종훈,1990,빙그레,GG,KBO 골든글러브
한대화,1990,해태,GG,KBO 골든글러브
김성한,1991,해태,GG,KBO 골든글러브
류중일,1991,삼성,GG,KBO 골든글러브
박정태,1991,롯데,GG,KBO 골든글러브
선동열,1991,해태,GG,KBO 골든글러브
이순철,1991,해태,GG,KBO 골든글러브
이정훈,1991,빙그레,GG,KBO 골든글러브
이호성,1991,해태,GG,KBO 골든글러브
장종훈,1991,빙그레,GG,KBO 골든글러브
장채근,1991,해태,GG,KBO 골든글러브
한대화,1991,해태,GG,KBO 골든글러브
김기태,1992,쌍방울,GG,KBO 골든글러브
김응국,1992,롯데,GG,KBO 골든글러브
박계원,1992,롯데,GG,KBO 골든글러브
박정태,1992,롯데,GG,KBO 골든글러브
송구홍,1992,LG,GG,KBO 골든글러브
염종석,1992,롯데,GG,KBO 골든글러브
이순철,1992,해태,GG,KBO 골든글러브
이정훈,1992,빙그레,GG,KBO 골든글러브
장종훈,1992,빙그레,GG,KBO 골든글러브
장채근,1992,해태,GG,KBO 골든글러브
강기웅,1993,삼성,GG,KBO 골든글러브
김광림,1993,쌍방울,GG,KBO 골든글러브
김기태,1993,쌍방울,GG,KBO 골든글러브
김동수,1993,LG,GG,KBO 골든글러브
김성래,1993,삼성,GG,KBO 골든글러브
선동열,1993,해태,GG,KBO 골든글러브
이순철,1993,해태,GG,KBO 골든글러브
이종범,1993,해태,GG,KBO 골든글러브
전준호,1993,롯데,GG,KBO 골든글러브
한대화,1993,LG,GG,KBO 골든글러브
김기태,1994,쌍방울,GG,KBO 골든글러브
김동수,1994,LG,GG,KBO 골든글러브
김재현,1994,LG,GG,KBO 골든글러브
박노준,1994,쌍방울,GG,KBO 골든글러브
박종호,1994,LG,GG,KBO 골든글러브
서용빈,1994,LG,GG,KBO 골든글러브
윤덕규,1994,태평양,GG,KBO 골든글러브
이종범,1994,해태,GG,KBO 골든글러브
정명원,1994,태평양,GG,KBO 골든글러브
한대화,1994,LG,GG,KBO 골든글러브
김광림,1995,쌍방울,GG,KBO 골든글러브
김동수,1995,LG,GG,KBO 골든글러브
김민호,1995,OB,GG,KBO 골든글러브
김상호,1995,OB,GG,KBO 골든글러브
김형석,1995,OB,GG,KBO 골든글러브
이명수,1995,OB,GG,KBO 골든글러브
이상훈,1995,LG,GG,KBO 골든글러브
장종훈,1995,한화,GG,KBO 골든글러브
전준호,1995,롯데,GG,KBO 골든글러브
홍현우,1995,해태,GG,KBO 골든글러브
구대성,1996,한화,GG,KBO 골든글러브
김경기,1996,현대,GG,KBO 골든글러브
김응국,1996,롯데,GG,KBO 골든글러브
박경완,1996,쌍방울,GG,KBO 골든글러브
박재용,1996,해태,GG,KBO 골든글러브
박재홍,1996,현대,GG,KBO 골든글러브
박정태,1996,롯데,GG,KBO 골든글러브
양준혁,1996,삼성,GG,KBO 골든글러브
이종범,1996,해태,GG,KBO 골든글러브
홍현우,1996,해태,GG,KBO 골든글러브
김동수,1997,LG,GG,KBO 골든글러브
박재용,1997,해태,GG,KBO 골든글러브
박재홍,1997,현대,GG,KBO 골든글러브
양준혁,1997,삼성,GG,KBO 골든글러브
이대진,1997,해태,GG,KBO 골든글러브
이병규,1997,LG,GG,KBO 골든글러브
이승엽,1997,삼성,GG,KBO 골든글러브
이종범,1997,해태,GG,KBO 골든글러브
최태원,1997,쌍방울,GG,KBO 골든글러브
홍현우,1997,해태,GG,KBO 골든글러브
김재현,1998,LG,GG,KBO 골든글러브
김한수,1998,삼성,GG,KBO 골든글러브
박경완,1998,현대,GG,KBO 골든글러브
박재홍,1998,현대,GG,KBO 골든글러브
박정태,1998,롯데,GG,KBO 골든글러브
양준혁,1998,삼성,GG,KBO 골든글러브
유지현,1998,LG,GG,KBO 골든글러브
이승엽,1998,삼성,GG,KBO 골든글러브
전준호,1998,현대,GG,KBO 골든글러브
정민태,1998,현대,GG,KBO 골든글러브
김동수,1999,삼성,GG,KBO 골든글러브
김한수,1999,삼성,GG,KBO 골든글러브
로마이어,1999,한화,GG,KBO 골든글러브
박정태,1999,롯데,GG,KBO 골든글러브
유지현,1999,LG,GG,KBO 골든글러브
이병규,1999,LG,GG,KBO 골든글러브
이승엽,1999,삼성,GG,KBO 골든글러브
정민태,1999,현대,GG,KBO 골든글러브
정수근,1999,두산,GG,KBO 골든글러브
호세,1999,롯데,GG,KBO 골든글러브
김동주,2000,두산,GG,KBO 골든글러브
박경완,2000,현대,GG,KBO 골든글러브
박재홍,2000,현대,GG,KBO 골든글러브
박종호,2000,현대,GG,KBO 골든글러브
박진만,2000,현대,GG,KBO 골든글러브
송지만,2000,한화,GG,KBO 골든글러브
우즈,2000,두산,GG,KBO 골든글러브
이병규,2000,LG,GG,KBO 골든글러브
이승엽,2000,삼성,GG,KBO 골든글러브
임선동,2000,현대,GG,KBO 골든글러브
김한수,2001,삼성,GG,KBO 골든글러브
박진만,2001,현대,GG,KBO 골든글러브
신윤호,2001,LG,GG,KBO 골든글러브
심재학,2001,두산,GG,KBO 골든글러브
안경현,2001,두산,GG,KBO 골든글러브
양준혁,2001,LG,GG,KBO 골든글러브
이병규,2001,LG,GG,KBO 골든글러브
이승엽,2001,삼성,GG,KBO 골든글러브
정수근,2001,두산,GG,KBO 골든글러브
홍성흔,2001,두산,GG,KBO 골든글러브
김종국,2002,KIA,GG,KBO 골든글러브
김한수,2002,삼성,GG,KBO 골든글러브
마해영,2002,삼성,GG,KBO 골든글러브
브리또,2002,삼성,GG,KBO 골든글러브
송지만,2002,한화,GG,KBO 골든글러브
송진우,2002,한화,GG,KBO 골든글러브
심정수,2002,현대,GG,KBO 골든글러브
이승엽,2002,삼성,GG,KBO 골든글러브
이종범,2002,KIA,GG,KBO 골든글러브
진갑용,2002,삼성,GG,KBO 골든글러브
김동수,2003,현대,GG,KBO 골든글러브
김동주,2003,두산,GG,KBO 골든글러브
김한수,2003,삼성,GG,KBO 골든글러브
심정수,2003,현대,GG,KBO 골든글러브
안경현,2003,두산,GG,KBO 골든글러브
양준혁,2003,삼성,GG,KBO 골든글러브
이승엽,2003,삼성,GG,KBO 골든글러브
이종범,2003,KIA,GG,KBO 골든글러브
정민태,2003,현대,GG,KBO 골든글러브
홍세완,2003,KIA,GG,KBO 골든글러브
김기태,2004,SK,GG,KBO 골든글러브
김한수,2004,삼성,GG,KBO 골든글러브
박종호,2004,삼성,GG,KBO 골든글러브
박진만,2004,삼성,GG,KBO 골든글러브
박한이,2004,삼성,GG,KBO 골든글러브
배영수,2004,삼성,GG,KBO 골든글러브
브룸바,2004,현대,GG,KBO 골든글러브
양준혁,2004,삼성,GG,KBO 골든글러브
이병규,2004,LG,GG,KBO 골든글러브
홍성흔,2004,두산,GG,KBO 골든글러브
김재현,2005,SK,GG,KBO 골든글러브
김태균,2005,한화,GG,KBO 골든글러브
데이비스,2005,한화,GG,KBO 골든글러브
서튼,2005,현대,GG,KBO 골든글러브
손민한,2005,롯데,GG,KBO 골든글러브
손시헌,2005,두산,GG,KBO 골든글러브
안경현,2005,두산,GG,KBO 골든글러브
이범호,2005,한화,GG,KBO 골든글러브
이병규,2005,LG,GG,KBO 골든글러브
진갑용,2005,삼성,GG,KBO 골든글러브
류현진,2006,한화,GG,KBO 골든글러브
박진만,2006,삼성,GG,KBO 골든글러브
박한이,2006,삼성,GG,KBO 골든글러브
양준혁,2006,삼성,GG,KBO 골든글러브
이대호,2006,롯데,GG,KBO 골든글러브
이범호,2006,한화,GG,KBO 골든글러브
이용규,2006,KIA,GG,KBO 골든글러브
이택근,2006,현대,GG,KBO 골든글러브
정근우,2006,SK,GG,KBO 골든글러브
진갑용,2006,삼성,GG,KBO 골든글러브
고영민,2007,두산,GG,KBO 골든글러브
김동주,2007,두산,GG,KBO 골든글러브
리오스,2007,두산,GG,KBO 골든글러브
박경완,2007,SK,GG,KBO 골든글러브
박진만,2007,삼성,GG,KBO 골든글러브
심정수,2007,삼성,GG,KBO 골든글러브
양준혁,2007,삼성,GG,KBO 골든글러브
이대형,2007,LG,GG,KBO 골든글러브
이대호,2007,롯데,GG,KBO 골든글러브
이종욱,2007,두산,GG,KBO 골든글러브
가르시아,2008,롯데,GG,KBO 골든글러브
강민호,2008,롯데,GG,KBO 골든글러브
김광현,2008,SK,GG,KBO 골든글러브
김동주,2008,두산,GG,KBO 골든글러브
김태균,2008,한화,GG,KBO 골든글러브
김현수,2008,두산,GG,KBO 골든글러브
박기혁,2008,롯데,GG,KBO 골든글러브
이종욱,2008,두산,GG,KBO 골든글러브
조성환,2008,롯데,GG,KBO 골든글러브
홍성흔,2008,롯데,GG,KBO 골든글러브
김상현,2009,KIA,GG,KBO 골든글러브
김상훈,2009,KIA,GG,KBO 골든글러브
김현수,2009,두산,GG,KBO 골든글러브
로페즈,2009,KIA,GG,KBO 골든글러브
박용택,2009,LG,GG,KBO 골든글러브
손시헌,2009,두산,GG,KBO 골든글러브
이택근,2009,히어로즈,GG,KBO 골든글러브
정근우,2009,SK,GG,KBO 골든글러브
최희섭,2009,KIA,GG,KBO 골든글러브
홍성흔,2009,롯데,GG,KBO 골든글러브
강정호,2010,넥센,GG,KBO 골든글러브
김강민,2010,SK,GG,KBO 골든글러브
김현수,2010,두산,GG,KBO 골든글러브
류현진,2010,한화,GG,KBO 골든글러브
이대호,2010,롯데,GG,KBO 골든글러브
이종욱,2010,두산,GG,KBO 골든글러브
조성환,2010,롯데,GG,KBO 골든글러브
조인성,2010,LG,GG,KBO 골든글러브
최준석,2010,두산,GG,KBO 골든글러브
홍성흔,2010,롯데,GG,KBO 골든글러브
강민호,2011,롯데,GG,KBO 골든글러브
손아섭,2011,롯데,GG,KBO 골든글러브
안치홍,2011,KIA,GG,KBO 골든글러브
윤석민,2011,KIA,GG,KBO 골든글러브
이대수,2011,한화,GG,KBO 골든글러브
이대호,2011,롯데,GG,KBO 골든글러브
이용규,2011,KIA,GG,KBO 골든글러브
최정,2011,SK,GG,KBO 골든글러브
최형우,2011,삼성,GG,KBO 골든글러브
홍성흔,2011,롯데,GG,KBO 골든글러브
강민호,2012,롯데,GG,KBO 골든글러브
강정호,2012,넥센,GG,KBO 골든글러브
박병호,2012,넥센,GG,KBO 골든글러브
박용택,2012,LG,GG,KBO 골든글러브
서건창,2012,넥센,GG,KBO 골든글러브
손아섭,2012,롯데,GG,KBO 골든글러브
이승엽,2012,삼성,GG,KBO 골든글러브
이용규,2012,KIA,GG,KBO 골든글러브
장원삼,2012,삼성,GG,KBO 골든글러브
최정,2012,SK,GG,KBO 골든글러브
강민호,2013,롯데,GG,KBO 골든글러브
강정호,2013,넥센,GG,KBO 골든글러브
박병호,2013,넥센,GG,KBO 골든글러브
박용택,2013,LG,GG,KBO 골든글러브
손승락,2013,넥센,GG,KBO 골든글러브
손아섭,2013,롯데,GG,KBO 골든글러브
이병규,2013,LG,GG,KBO 골든글러브
정근우,2013,한화,GG,KBO 골든글러브
최정,2013,SK,GG,KBO 골든글러브
최형우,2013,삼성,GG,KBO 골든글러브
강정호,2014,넥센,GG,KBO 골든글러브
나성범,2014,NC,GG,KBO 골든글러브
박병호,2014,넥센,GG,KBO 골든글러브
박석민,2014,삼성,GG,KBO 골든글러브
밴 헤켄,2014,넥센,GG,KBO 골든글러브
서건창,2014,넥센,GG,KBO 골든글러브
손아섭,2014,롯데,GG,KBO 골든글러브
양의지,2014,두산,GG,KBO 골든글러브
이승엽,2014,삼성,GG,KBO 골든글러브
최형우,2014,삼성,GG,KBO 골든글러브
김재호,2015,두산,GG,KBO 골든글러브
김현수,2015,두산,GG,KBO 골든글러브
나바로,2015,삼성,GG,KBO 골든글러브
나성범,2015,NC,GG,KBO 골든글러브
박석민,2015,NC,GG,KBO 골든글러브
양의지,2015,두산,GG,KBO 골든글러브
유한준,2015,kt,GG,KBO 골든글러브
이승엽,2015,삼성,GG,KBO 골든글러브
테임즈,2015,NC,GG,KBO 골든글러브
해커,2015,NC,GG,KBO 골든글러브
김재호,2016,두산,GG,KBO 골든글러브
김재환,2016,두산,GG,KBO 골든글러브
김주찬,2016,KIA,GG,KBO 골든글러브
김태균,2016,한화,GG,KBO 골든글러브
니퍼트,2016,두산,GG,KBO 골든글러브
서건창,2016,넥센,GG,KBO 골든글러브
양의지,2016,두산,GG,KBO 골든글러브
최정,2016,SK,GG,KBO 골든글러브
최형우,2016,KIA,GG,KBO 골든글러브
테임즈,2016,NC,GG,KBO 골든글러브
강민호,2017,삼성,GG,KBO 골든글러브
김선빈,2017,KIA,GG,KBO 골든글러브
박용택,2017,LG,GG,KBO 골든글러브
버나디나,2017,KIA,GG,KBO 골든글러브
손아섭,2017,롯데,GG,KBO 골든글러브
안치홍,2017,KIA,GG,KBO 골든글러브
양현종,2017,KIA,GG,KBO 골든글러브
이대호,2017,롯데,GG,KBO 골든글러브
최정,2017,SK,GG,KBO 골든글러브
최형우,2017,KIA,GG,KBO 골든글러브
김재환,2018,두산,GG,KBO 골든글러브
김하성,2018,넥센,GG,KBO 골든글러브
린드블럼,2018,두산,GG,KBO 골든글러브
박병호,2018,넥센,GG,KBO 골든글러브
안치홍,2018,KIA,GG,KBO 골든글러브
양의지,2018,두산,GG,KBO 골든글러브
이대호,2018,롯데,GG,KBO 골든글러브
이정후,2018,넥센,GG,KBO 골든글러브
전준우,2018,롯데,GG,KBO 골든글러브
허경민,2018,두산,GG,KBO 골든글러브
김하성,2019,키움,GG,KBO 골든글러브
로하스,2019,kt,GG,KBO 골든글러브
린드블럼,2019,두산,GG,KBO 골든글러브
박민우,2019,NC,GG,KBO 골든글러브
박병호,2019,키움,GG,KBO 골든글러브
샌즈,2019,키움,GG,KBO 골든글러브
양의지,2019,NC,GG,KBO 골든글러브
이정후,2019,키움,GG,KBO 골든글러브
최정,2019,SK,GG,KBO 골든글러브
페르난데스,2019,두산,GG,KBO 골든글러브
강백호,2020,kt,GG,KBO 골든글러브
김하성,2020,키움,GG,KBO 골든글러브
김현수,2020,LG,GG,KBO 골든글러브
로하스,2020,kt,GG,KBO 골든글러브
박민우,2020,NC,GG,KBO 골든글러브
알칸타라,2020,두산,GG,KBO 골든글러브
양의지,2020,NC,GG,KBO 골든글러브
이정후,2020,키움,GG,KBO 골든글러브
최형우,2020,KIA,GG,KBO 골든글러브
황재균,2020,kt,GG,KBO 골든글러브
강민호,2021,삼성,GG,KBO 골든글러브
강백호,2021,kt,GG,KBO 골든글러브
구자욱,2021,삼성,GG,KBO 골든글러브
김혜성,2021,키움,GG,KBO 골든글러브
미란다,2021,두산,GG,KBO 골든글러브
양의지,2021,NC,GG,KBO 골든글러브
이정후,2021,키움,GG,KBO 골든글러브
정은원,2021,한화,GG,KBO 골든글러브
최정,2021,SSG,GG,KBO 골든글러브
홍창기,2021,LG,GG,KBO 골든글러브
김혜성,2022,키움,GG,KBO 골든글러브
나성범,2022,KIA,GG,KBO 골든글러브
박병호,2022,kt,GG,KBO 골든글러브
안우진,2022,키움,GG,KBO 골든글러브
양의지,2022,두산,GG,KBO 골든글러브
오지환,2022,LG,GG,KBO 골든글러브
이대호,2022,롯데,GG,KBO 골든글러브
이정후,2022,키움,GG,KBO 골든글러브
최정,2022,SSG,GG,KBO 골든글러브
피렐라,2022,삼성,GG,KBO 골든글러브
구자욱,2023,삼성,GG,KBO 골든글러브
김혜성,2023,키움,GG,KBO 골든글러브
노시환,2023,한화,GG,KBO 골든글러브
박건우,2023,NC,GG,KBO 골든글러브
손아섭,2023,NC,GG,KBO 골든글러브
양의지,2023,두산,GG,KBO 골든글러브
오스틴,2023,LG,GG,KBO 골든글러브
오지환,2023,LG,GG,KBO 골든글러브
페디,2023,NC,GG,KBO 골든글러브
홍창기,2023,LG,GG,KBO 골든글러브
강민호,2024,삼성,GG,KBO 골든글러브
구자욱,2024,삼성,GG,KBO 골든글러브
김도영,2024,KIA,GG,KBO 골든글러브
김혜성,2024,키움,GG,KBO 골든글러브
레이예스,2024,롯데,GG,KBO 골든글러브
로하스,2024,kt,GG,KBO 골든글러브
박찬호,2024,KIA,GG,KBO 골든글러브
오스틴,2024,LG,GG,KBO 골든글러브
최형우,2024,KIA,GG,KBO 골든글러브
하트,2024,NC,GG,KBO 골든글러브
구자욱,2025,삼성,GG,KBO 골든글러브
김주원,2025,NC,GG,KBO 골든글러브
디아즈,2025,삼성,GG,KBO 골든글러브
레이예스,2025,롯데,GG,KBO 골든글러브
송성문,2025,키움,GG,KBO 골든글러브
신민재,2025,LG,GG,KBO 골든글러브
안현민,2025,kt,GG,KBO 골든글러브
양의지,2025,두산,GG,KBO 골든글러브
최형우,2025,삼성,GG,KBO 골든글러브
폰세,2025,한화,GG,KBO 골든글러브
박철순,1982,,MVP,KBO MVP
이만수,1983,,MVP,KBO MVP
최동원,1984,,MVP,KBO MVP
김성한,1985,,MVP,KBO MVP
선동열,1986,,MVP,KBO MVP
장효조,1987,,MVP,KBO MVP
선동열,1989,,MVP,KBO MVP
박정현,1990,,MVP,KBO MVP
장종훈,1991,,MVP,KBO MVP
장종훈,1992,,MVP,KBO MVP
김성래,1993,,MVP,KBO MVP
이종범,1994,,MVP,KBO MVP
김상호,1995,,MVP,KBO MVP
구대성,1996,,MVP,KBO MVP
이승엽,1997,,MVP,KBO MVP
타이론 우즈,1998,,MVP,KBO MVP
박경완,2000,,MVP,KBO MVP
배영수,2004,,MVP,KBO MVP
손민한,2005,,MVP,KBO MVP
류현진,2006,,MVP,KBO MVP
다니엘 리오스,2007,,MVP,KBO MVP
김광현,2008,,MVP,KBO MVP
김상현,2009,,MVP,KBO MVP
이대호,2010,,MVP,KBO MVP
윤석민,2011,,MVP,KBO MVP
박병호,2012,,MVP,KBO MVP
박병호,2013,,MVP,KBO MVP
서건창,2014,,MVP,KBO MVP
에릭 테임즈,2015,,MVP,KBO MVP
더스틴 니퍼트,2016,,MVP,KBO MVP
양현종,2017,,MVP,KBO MVP
김재환,2018,,MVP,KBO MVP
조쉬 린드블럼,2019,,MVP,KBO MVP
멜 로하스 주니어,2020,,MVP,KBO MVP
아리엘 미란다,2021,,MVP,KBO MVP
이정후,2022,,MVP,KBO MVP
에릭 페디,2023,,MVP,KBO MVP
김도영,2024,,MVP,KBO MVP
코디 폰세,2025,,MVP,KBO MVP
구대성,2006,,NT,2006 WBC
김민재,2006,,NT,2006 WBC
김선우,2006,,NT,2006 WBC
김재걸,2006,,NT,2006 WBC
김종국,2006,,NT,2006 WBC
김태균,2006,,NT,2006 WBC
박명환,2006,,NT,2006 WBC
박용택,2006,,NT,2006 WBC
박진만,2006,,NT,2006 WBC
박찬호,2006,,NT,2006 WBC
배영수,2006,,NT,2006 WBC
봉중근,2006,,NT,2006 WBC
서재응,2006,,NT,2006 WBC
손민한,2006,,NT,2006 WBC
송지만,2006,,NT,2006 WBC
오승환,2006,,NT,2006 WBC
이범호,2006,,NT,2006 WBC
이병규,2006,,NT,2006 WBC
이승엽,2006,,NT,2006 WBC
이종범,2006,,NT,2006 WBC
이진영,2006,,NT,2006 WBC
전병두,2006,,NT,2006 WBC
정대현,2006,,NT,2006 WBC
정성훈,2006,,NT,2006 WBC
정재훈,2006,,NT,2006 WBC
조인성,2006,,NT,2006 WBC
진갑용,2006,,NT,2006 WBC
최희섭,2006,,NT,2006 WBC
홍성흔,2006,,NT,2006 WBC
강민호,2008,,NT,2008 올림픽
고영민,2008,,NT,2008 올림픽
권혁,2008,,NT,2008 올림픽
김광현,2008,,NT,2008 올림픽
김동주,2008,,NT,2008 올림픽
김민재,2008,,NT,2008 올림픽
김현수,2008,,NT,2008 올림픽
류현진,2008,,NT,2008 올림픽
박진만,2008,,NT,2008 올림픽
봉중근,2008,,NT,2008 올림픽
송승준,2008,,NT,2008 올림픽
오승환,2008,,NT,2008 올림픽
윤석민,2008,,NT,2008 올림픽
이대호,2008,,NT,2008 올림픽
이승엽,2008,,NT,2008 올림픽
이용규,2008,,NT,2008 올림픽
이종욱,2008,,NT,2008 올림픽
이진영,2008,,NT,2008 올림픽
이택근,2008,,NT,2008 올림픽
장원삼,2008,,NT,2008 올림픽
정근우,2008,,NT,2008 올림픽
정대현,2008,,NT,2008 올림픽
진갑용,2008,,NT,2008 올림픽
한기주,2008,,NT,2008 올림픽
강민호,2009,,NT,2009 WBC
고영민,2009,,NT,2009 WBC
김광현,2009,,NT,2009 WBC
김태균,2009,,NT,2009 WBC
김현수,2009,,NT,2009 WBC
류현진,2009,,NT,2009 WBC
박경완,2009,,NT,2009 WBC
박기혁,2009,,NT,2009 WBC
봉중근,2009,,NT,2009 WBC
손민한,2009,,NT,2009 WBC
오승환,2009,,NT,2009 WBC
윤석민,2009,,NT,2009 WBC
이대호,2009,,NT,2009 WBC
이범호,2009,,NT,2009 WBC
이승호,2009,,NT,2009 WBC
이용규,2009,,NT,2009 WBC
이재우,2009,,NT,2009 WBC
이종욱,2009,,NT,2009 WBC
이진영,2009,,NT,2009 WBC
이택근,2009,,NT,2009 WBC
임창용,2009,,NT,2009 WBC
임태훈,2009,,NT,2009 WBC
장원삼,2009,,NT,2009 WBC
정근우,2009,,NT,2009 WBC
정대현,2009,,NT,2009 WBC
정현욱,2009,,NT,2009 WBC
최정,2009,,NT,2009 WBC
추신수,2009,,NT,2009 WBC
강민호,2013,,NT,2013 WBC
강정호,2013,,NT,2013 WBC
김태균,2013,,NT,2013 WBC
김현수,2013,,NT,2013 WBC
노경은,2013,,NT,2013 WBC
박희수,2013,,NT,2013 WBC
서재응,2013,,NT,2013 WBC
손승락,2013,,NT,2013 WBC
손시헌,2013,,NT,2013 WBC
손아섭,2013,,NT,2013 WBC
송승준,2013,,NT,2013 WBC
오승환,2013,,NT,2013 WBC
유원상,2013,,NT,2013 WBC
윤석민,2013,,NT,2013 WBC
윤희상,2013,,NT,2013 WBC
이대호,2013,,NT,2013 WBC
이승엽,2013,,NT,2013 WBC
이용규,2013,,NT,2013 WBC
이진영,2013,,NT,2013 WBC
장원삼,2013,,NT,2013 WBC
장원준,2013,,NT,2013 WBC
전준우,2013,,NT,2013 WBC
정근우,2013,,NT,2013 WBC
정대현,2013,,NT,2013 WBC
진갑용,2013,,NT,2013 WBC
차우찬,2013,,NT,2013 WBC
최정,2013,,NT,2013 WBC
강민호,2014,,NT,2014 아시안게임
강정호,2014,,NT,2014 아시안게임
김광현,2014,,NT,2014 아시안게임
김민성,2014,,NT,2014 아시안게임
김상수,2014,,NT,2014 아시안게임
김현수,2014,,NT,2014 아시안게임
나성범,2014,,NT,2014 아시안게임
나지완,2014,,NT,2014 아시안게임
민병헌,2014,,NT,2014 아시안게임
박병호,2014,,NT,2014 아시안게임
봉중근,2014,,NT,2014 아시안게임
손아섭,2014,,NT,2014 아시안게임
안지만,2014,,NT,2014 아시안게임
양현종,2014,,NT,2014 아시안게임
오재원,2014,,NT,2014 아시안게임
유원상,2014,,NT,2014 아시안게임
이재원,2014,,NT,2014 아시안게임
이재학,2014,,NT,2014 아시안게임
이태양,2014,,NT,2014 아시안게임
임창용,2014,,NT,2014 아시안게임
차우찬,2014,,NT,2014 아시안게임
한현희,2014,,NT,2014 아시안게임
홍성무,2014,,NT,2014 아시안게임
황재균,2014,,NT,2014 아시안게임
강민호,2015,,NT,2015 프리미어12
김광현,2015,,NT,2015 프리미어12
김상수,2015,,NT,2015 프리미어12
김재호,2015,,NT,2015 프리미어12
김현수,2015,,NT,2015 프리미어12
나성범,2015,,NT,2015 프리미어12
민병헌,2015,,NT,2015 프리미어12
박병호,2015,,NT,2015 프리미어12
손아섭,2015,,NT,2015 프리미어12
심창민,2015,,NT,2015 프리미어12
양의지,2015,,NT,2015 프리미어12
오재원,2015,,NT,2015 프리미어12
우규민,2015,,NT,2015 프리미어12
이대은,2015,,NT,2015 프리미어12
이대호,2015,,NT,2015 프리미어12
이용규,2015,,NT,2015 프리미어12
이태양,2015,,NT,2015 프리미어12
이현승,2015,,NT,2015 프리미어12
임창민,2015,,NT,2015 프리미어12
장원준,2015,,NT,2015 프리미어12
정근우,2015,,NT,2015 프리미어12
정대현,2015,,NT,2015 프리미어12
정우람,2015,,NT,2015 프리미어12
조무근,2015,,NT,2015 프리미어12
조상우,2015,,NT,2015 프리미어12
차우찬,2015,,NT,2015 프리미어12
허경민,2015,,NT,2015 프리미어12
황재균,2015,,NT,2015 프리미어12
구자욱,2017,,NT,2017 APBC
구창모,2017,,NT,2017 APBC
김대현,2017,,NT,2017 APBC
김명신,2017,,NT,2017 APBC
김성욱,2017,,NT,2017 APBC
김윤동,2017,,NT,2017 APBC
김재호,2017,,NT,2017 WBC
김태군,2017,,NT,2017 WBC
김태균,2017,,NT,2017 WBC
김하성,2017,,NT,2017 WBC
나경민,2017,,NT,2017 APBC
류지혁,2017,,NT,2017 APBC
민병헌,2017,,NT,2017 WBC
박건우,2017,,NT,2017 WBC
박민우,2017,,NT,2017 APBC
박석민,2017,,NT,2017 WBC
박세웅,2017,,NT,2017 APBC
박진형,2017,,NT,2017 APBC
박희수,2017,,NT,2017 WBC
서건창,2017,,NT,2017 WBC
손아섭,2017,,NT,2017 WBC
심재민,2017,,NT,2017 APBC
심창민,2017,,NT,2017 WBC
안익훈,2017,,NT,2017 APBC
양의지,2017,,NT,2017 WBC
양현종,2017,,NT,2017 WBC
오승환,2017,,NT,2017 WBC
오재원,2017,,NT,2017 WBC
우규민,2017,,NT,2017 WBC
원종현,2017,,NT,2017 WBC
이대은,2017,,NT,2017 WBC
이대호,2017,,NT,2017 WBC
이민호,2017,,NT,2017 APBC
이용규,2017,,NT,2017 WBC
이정후,2017,,NT,2017 APBC
이현승,2017,,NT,2017 WBC
임기영,2017,,NT,2017 APBC
임정우,2017,,NT,2017 WBC
임창민,2017,,NT,2017 WBC
임창용,2017,,NT,2017 WBC
장승현,2017,,NT,2017 APBC
장시환,2017,,NT,2017 WBC
장원준,2017,,NT,2017 WBC
장필준,2017,,NT,2017 APBC
장현식,2017,,NT,2017 APBC
정근우,2017,,NT,2017 WBC
정현,2017,,NT,2017 APBC
주권,2017,,NT,2017 WBC
차우찬,2017,,NT,2017 WBC
최원준,2017,,NT,2017 APBC
최형우,2017,,NT,2017 WBC
하주석,2017,,NT,2017 APBC
한승택,2017,,NT,2017 APBC
함덕주,2017,,NT,2017 APBC
허경민,2017,,NT,2017 WBC
김재환,2018,,NT,2018 아시안게임
김하성,2018,,NT,2018 아시안게임
김현수,2018,,NT,2018 아시안게임
박민우,2018,,NT,2018 아시안게임
박병호,2018,,NT,2018 아시안게임
박종훈,2018,,NT,2018 아시안게임
박치국,2018,,NT,2018 아시안게임
박해민,2018,,NT,2018 아시안게임
손아섭,2018,,NT,2018 아시안게임
안치홍,2018,,NT,2018 아시안게임
양의지,2018,,NT,2018 아시안게임
양현종,2018,,NT,2018 아시안게임
오지환,2018,,NT,2018 아시안게임
이용찬,2018,,NT,2018 아시안게임
이재원,2018,,NT,2018 아시안게임
이정후,2018,,NT,2018 아시안게임
임기영,2018,,NT,2018 아시안게임
임찬규,2018,,NT,2018 아시안게임
장필준,2018,,NT,2018 아시안게임
정우람,2018,,NT,2018 아시안게임
최원태,2018,,NT,2018 아시안게임
최충연,2018,,NT,2018 아시안게임
함덕주,2018,,NT,2018 아시안게임
황재균,2018,,NT,2018 아시안게임
강백호,2019,,NT,2019 프리미어12
고우석,2019,,NT,2019 프리미어12
김광현,2019,,NT,2019 프리미어12
김상수,2019,,NT,2019 프리미어12
김재환,2019,,NT,2019 프리미어12
김하성,2019,,NT,2019 프리미어12
김현수,2019,,NT,2019 프리미어12
문경찬,2019,,NT,2019 프리미어12
민병헌,2019,,NT,2019 프리미어12
박건우,2019,,NT,2019 프리미어12
박민우,2019,,NT,2019 프리미어12
박병호,2019,,NT,2019 프리미어12
박세혁,2019,,NT,2019 프리미어12
박종훈,2019,,NT,2019 프리미어12
양의지,2019,,NT,2019 프리미어12
양현종,2019,,NT,2019 프리미어12
원종현,2019,,NT,2019 프리미어12
이승호,2019,,NT,2019 프리미어12
이영하,2019,,NT,2019 프리미어12
이용찬,2019,,NT,2019 프리미어12
이정후,2019,,NT,2019 프리미어12
조상우,2019,,NT,2019 프리미어12
차우찬,2019,,NT,2019 프리미어12
최정,2019,,NT,2019 프리미어12
하재훈,2019,,NT,2019 프리미어12
함덕주,2019,,NT,2019 프리미어12
허경민,2019,,NT,2019 프리미어12
황재균,2019,,NT,2019 프리미어12
강민호,2021,,NT,2021 올림픽
강백호,2021,,NT,2021 올림픽
고영표,2021,,NT,2021 올림픽
고우석,2021,,NT,2021 올림픽
김민우,2021,,NT,2021 올림픽
김진욱,2021,,NT,2021 올림픽
김현수,2021,,NT,2021 올림픽
김혜성,2021,,NT,2021 올림픽
박건우,2021,,NT,2021 올림픽
박세웅,2021,,NT,2021 올림픽
박해민,2021,,NT,2021 올림픽
양의지,2021,,NT,2021 올림픽
오승환,2021,,NT,2021 올림픽
오재일,2021,,NT,2021 올림픽
오지환,2021,,NT,2021 올림픽
원태인,2021,,NT,2021 올림픽
이의리,2021,,NT,2021 올림픽
이정후,2021,,NT,2021 올림픽
조상우,2021,,NT,2021 올림픽
차우찬,2021,,NT,2021 올림픽
최원준,2021,,NT,2021 올림픽
최주환,2021,,NT,2021 올림픽
허경민,2021,,NT,2021 올림픽
황재균,2021,,NT,2021 올림픽
강백호,2022,,NT,2022 아시안게임
고우석,2022,,NT,2022 아시안게임
곽빈,2022,,NT,2022 아시안게임
김동헌,2022,,NT,2022 아시안게임
김성윤,2022,,NT,2022 아시안게임
김영규,2022,,NT,2022 아시안게임
김주원,2022,,NT,2022 아시안게임
김지찬,2022,,NT,2022 아시안게임
김형준,2022,,NT,2022 아시안게임
김혜성,2022,,NT,2022 아시안게임
나균안,2022,,NT,2022 아시안게임
노시환,2022,,NT,2022 아시안게임
문동주,2022,,NT,2022 아시안게임
문보경,2022,,NT,2022 아시안게임
박성한,2022,,NT,2022 아시안게임
박세웅,2022,,NT,2022 아시안게임
박영현,2022,,NT,2022 아시안게임
원태인,2022,,NT,2022 아시안게임
윤동희,2022,,NT,2022 아시안게임
장현석,2022,,NT,2022 아시안게임
정우영,2022,,NT,2022 아시안게임
최원준,2022,,NT,2022 아시안게임
최지민,2022,,NT,2022 아시안게임
최지훈,2022,,NT,2022 아시안게임
강백호,2023,,NT,2023 WBC
고영표,2023,,NT,2023 WBC
고우석,2023,,NT,2023 WBC
곽빈,2023,,NT,2023 WBC
구창모,2023,,NT,2023 WBC
김광현,2023,,NT,2023 WBC
김도영,2023,,NT,2023 APBC (수기)
김동헌,2023,,NT,2023 APBC (수기)
김성윤,2023,,NT,2023 APBC (수기)
김영규,2023,,NT,2023 APBC (수기)
김원중,2023,,NT,2023 WBC
김윤식,2023,,NT,2023 WBC
김주원,2023,,NT,2023 APBC (수기)
김하성,2023,,NT,2023 WBC
김현수,2023,,NT,2023 WBC
김형준,2023,,NT,2023 APBC (수기)
김혜성,2023,,NT,2023 WBC
김휘집,2023,,NT,2023 APBC (수기)
나성범,2023,,NT,2023 WBC
나승엽,2023,,NT,2023 APBC (수기)
노시환,2023,,NT,2023 APBC (수기)
문동주,2023,,NT,2023 APBC (수기)
문현빈,2023,,NT,2023 APBC (수기)
박건우,2023,,NT,2023 WBC
박병호,2023,,NT,2023 WBC
박세웅,2023,,NT,2023 WBC
박승규,2023,,NT,2023 APBC (수기)
박해민,2023,,NT,2023 WBC
소형준,2023,,NT,2023 WBC
손성빈,2023,,NT,2023 APBC (수기)
신민혁,2023,,NT,2023 APBC (수기)
양의지,2023,,NT,2023 WBC
양현종,2023,,NT,2023 WBC
오원석,2023,,NT,2023 APBC (수기)
오지환,2023,,NT,2023 WBC
원태인,2023,,NT,2023 WBC
윤동희,2023,,NT,2023 APBC (수기)
이용찬,2023,,NT,2023 WBC
이의리,2023,,NT,2023 WBC
이정후,2023,,NT,2023 WBC
이지영,2023,,NT,2023 WBC
정우영,2023,,NT,2023 WBC
정철원,2023,,NT,2023 WBC
정해영,2023,,NT,2023 APBC (수기)
조병현,2023,,NT,2023 APBC (수기)
주권,2023,,NT,2023 WBC
최승용,2023,,NT,2023 APBC (수기)
최정,2023,,NT,2023 WBC
최준용,2023,,NT,2023 APBC (수기)
최지민,2023,,NT,2023 APBC (수기)
최지훈,2023,,NT,2023 WBC
고영표,2024,,NT,2024 프리미어12
곽도규,2024,,NT,2024 프리미어12
곽빈,2024,,NT,2024 프리미어12
김도영,2024,,NT,2024 프리미어12
김서현,2024,,NT,2024 프리미어12
김주원,2024,,NT,2024 프리미어12
김택연,2024,,NT,2024 프리미어12
김형준,2024,,NT,2024 프리미어12
김휘집,2024,,NT,2024 프리미어12
나승엽,2024,,NT,2024 프리미어12
문보경,2024,,NT,2024 프리미어12
박동원,2024,,NT,2024 프리미어12
박성한,2024,,NT,2024 프리미어12
박영현,2024,,NT,2024 프리미어12
소형준,2024,,NT,2024 프리미어12
송성문,2024,,NT,2024 프리미어12
신민재,2024,,NT,2024 프리미어12
유영찬,2024,,NT,2024 프리미어12
윤동희,2024,,NT,2024 프리미어12
이영하,2024,,NT,2024 프리미어12
이주형,2024,,NT,2024 프리미어12
임찬규,2024,,NT,2024 프리미어12
정해영,2024,,NT,2024 프리미어12
조병현,2024,,NT,2024 프리미어12
최승용,2024,,NT,2024 프리미어12
최원준,2024,,NT,2024 프리미어12
최지민,2024,,NT,2024 프리미어12
홍창기,2024,,NT,2024 프리미어12
고영표,2026,,NT,2026 WBC
고우석,2026,,NT,2026 WBC
곽빈,2026,,NT,2026 WBC
구자욱,2026,,NT,2026 WBC
김영규,2026,,NT,2026 WBC
김주원,2026,,NT,2026 WBC
김형준,2026,,NT,2026 WBC
김혜성,2026,,NT,2026 WBC
노경은,2026,,NT,2026 WBC
노시환,2026,,NT,2026 WBC
류현진,2026,,NT,2026 WBC
문보경,2026,,NT,2026 WBC
문현빈,2026,,NT,2026 WBC
박동원,2026,,NT,2026 WBC
박해민,2026,,NT,2026 WBC
소형준,2026,,NT,2026 WBC
손주영,2026,,NT,2026 WBC
신민재,2026,,NT,2026 WBC
안현민,2026,,NT,2026 WBC
유영찬,2026,,NT,2026 WBC
정우주,2026,,NT,2026 WBC
조병현,2026,,NT,2026 WBC
