player_id,player_name,chosung,player_type,position,position_source,team_latest,first_year,latest_year,season_count
50640,가뇽,ㄱㄴ,pitcher,투수,추정,KIA,2020,2020,1
55460,가라비토,ㄱㄹㅂㅌ,pitcher,투수,추정,삼성,2025,2025,1
52125,가르시아,ㄱㄹㅅㅇ,hitter,야수,추정,LG,2022,2022,1
68103,가르시아,ㄱㄹㅅㅇ,hitter,야수,추정,LG,2018,2018,1
51833,가빌리오,ㄱㅂㄹㅇ,pitcher,투수,추정,SSG,2021,2021,1
55532,감보아,ㄱㅂㅇ,pitcher,투수,추정,롯데,2025,2025,1
53006,강건,ㄱㄱ,pitcher,투수,추정,KT,2023,2025,3
56769,강건우,ㄱㄱㅇ,pitcher,투수,추정,한화,2026,2026,1
61700,강경학,ㄱㄱㅎ,hitter,야수,추정,KIA,2014,2021,8
62917,강구성,ㄱㄱㅅ,hitter,야수,추정,NC,2013,2018,5
61295,강동연,ㄱㄷㅇ,pitcher,투수,추정,NC,2013,2022,8
98420,강동우,ㄱㄷㅇ,hitter,야수,추정,한화,2013,2013,1
67591,강동호,ㄱㄷㅎ,pitcher,투수,추정,롯데,2017,2021,3
65515,강로한,ㄱㄹㅎ,hitter,야수,추정,롯데,2015,2022,5
73409,강명구,ㄱㅁㄱ,hitter,야수,추정,삼성,2013,2014,2
64906,강민국,ㄱㅁㄱ,hitter,야수,추정,키움,2014,2022,8
53103,강민균,ㄱㅁㄱ,hitter,내야수,네이버,LG,2026,2026,1
69064,강민성,ㄱㅁㅅ,hitter,내야수,네이버,KT,2023,2026,4
74540,강민호,ㄱㅁㅎ,hitter,포수,네이버,삼성,2013,2026,14
68050,강백호,ㄱㅂㅎ,hitter,내야수,네이버,한화,2018,2026,9
61108,강병의,ㄱㅂㅇ,hitter,야수,추정,LG,2015,2015,1
70224,강봉규,ㄱㅂㄱ,hitter,야수,추정,삼성,2013,2015,2
66710,강상원,ㄱㅅㅇ,hitter,야수,추정,한화,2017,2022,4
54567,강성우,ㄱㅅㅇ,hitter,내야수,네이버,롯데,2024,2025,2
54506,강승구,ㄱㅅㄱ,hitter,포수,네이버,롯데,2024,2025,2
78552,강승현,ㄱㅅㅎ,pitcher,투수,추정,한화,2013,2018,5
63123,강승호,ㄱㅅㅎ,hitter,내야수,네이버,두산,2016,2026,10
70615,강영식,ㄱㅇㅅ,pitcher,투수,추정,롯데,2013,2017,5
79358,강윤구,ㄱㅇㄱ,pitcher,투수,추정,롯데,2013,2022,9
67604,강이준,ㄱㅇㅈ,pitcher,투수,추정,KIA,2019,2019,1
64907,강장산,ㄱㅈㅅ,pitcher,투수,추정,KT,2015,2017,3
50705,강재민,ㄱㅈㅁ,pitcher,투수,추정,한화,2020,2026,6
69158,강정현,ㄱㅈㅎ,pitcher,투수,추정,LG,2019,2019,1
76325,강정호,ㄱㅈㅎ,hitter,야수,추정,넥센,2013,2014,2
53460,강준서,ㄱㅈㅅ,hitter,외야수,네이버,삼성,2023,2023,1
79130,강지광,ㄱㅈㄱ,hitter,야수,추정,SK,2014,2018,5
62925,강진성,ㄱㅈㅅ,hitter,야수,추정,키움,2013,2025,10
50905,강태경,ㄱㅌㄱ,pitcher,투수,추정,NC,2021,2021,1
65514,강태율,ㄱㅌㅇ,hitter,야수,추정,롯데,2016,2024,6
64610,강한울,ㄱㅎㅇ,hitter,야수,추정,삼성,2014,2024,10
51269,강현구,ㄱㅎㄱ,hitter,야수,추정,두산,2022,2025,2
50066,강현우,ㄱㅎㅇ,hitter,포수,네이버,KT,2020,2026,5
51143,강효종,ㄱㅎㅈ,pitcher,투수,추정,LG,2022,2024,3
63563,고도현,ㄱㄷㅎ,hitter,야수,추정,롯데,2013,2014,2
74745,고동진,ㄱㄷㅈ,hitter,야수,추정,한화,2013,2015,3
66805,고메즈,ㄱㅁㅈ,hitter,야수,추정,SK,2016,2016,1
68069,고명성,ㄱㅁㅅ,hitter,야수,추정,KT,2018,2022,4
51868,고명준,ㄱㅁㅈ,hitter,내야수,네이버,SSG,2021,2026,5
66201,고봉재,ㄱㅂㅈ,pitcher,투수,추정,두산,2016,2023,4
69517,고승민,ㄱㅅㅁ,hitter,내야수,네이버,롯데,2019,2026,6
54908,고승완,ㄱㅅㅇ,hitter,외야수,네이버,NC,2025,2025,1
72214,고영민,ㄱㅇㅁ,hitter,"작전,주루코치",네이버,두산,2013,2016,4
54344,고영우,ㄱㅇㅇ,hitter,내야수,네이버,키움,2024,2025,2
63628,고영창,ㄱㅇㅊ,pitcher,투수,추정,KIA,2018,2022,5
64001,고영표,ㄱㅇㅍ,pitcher,투수,추정,KT,2015,2026,10
67119,고우석,ㄱㅇㅅ,pitcher,투수,추정,LG,2017,2023,7
79349,고원준,ㄱㅇㅈ,pitcher,투수,추정,두산,2013,2017,3
63636,고장혁,ㄱㅈㅎ,hitter,야수,추정,KIA,2013,2020,7
61353,고종욱,ㄱㅈㅇ,hitter,외야수,네이버,KIA,2014,2026,13
56949,고준휘,ㄱㅈㅎ,hitter,외야수,네이버,NC,2026,2026,1
78248,고창성,ㄱㅊㅅ,pitcher,투수,추정,KT,2013,2018,4
72523,고효준,ㄱㅎㅈ,pitcher,투수,추정,두산,2014,2025,12
68407,공민규,ㄱㅁㄱ,hitter,야수,추정,삼성,2019,2024,4
53609,곽도규,ㄱㄷㄱ,pitcher,투수,추정,KIA,2023,2026,4
68220,곽빈,ㄱㅂ,pitcher,투수,추정,두산,2018,2026,7
75668,곽정철,ㄱㅈㅊ,pitcher,투수,추정,KIA,2016,2016,1
53506,구드럼,ㄱㄷㄹ,hitter,내야수,네이버,롯데,2023,2023,1
79748,구본범,ㄱㅂㅂ,pitcher,투수,추정,한화,2014,2015,2
69100,구본혁,ㄱㅂㅎ,hitter,내야수,네이버,LG,2019,2026,6
63543,구승민,ㄱㅅㅁ,pitcher,투수,추정,롯데,2014,2026,11
62404,구자욱,ㄱㅈㅇ,hitter,외야수,네이버,삼성,2015,2026,12
64354,구자형,ㄱㅈㅎ,pitcher,투수,추정,넥센,2015,2015,1
64498,구준범,ㄱㅈㅂ,pitcher,투수,추정,삼성,2021,2021,1
65933,구창모,ㄱㅊㅁ,pitcher,투수,추정,NC,2016,2026,9
79290,국해성,ㄱㅎㅅ,hitter,야수,추정,롯데,2015,2023,8
52769,권광민,ㄱㄱㅁ,hitter,외야수,네이버,한화,2022,2026,5
51640,권다결,ㄱㄷㄱ,hitter,포수,네이버,KIA,2021,2022,2
51003,권동진,ㄱㄷㅈ,hitter,내야수,네이버,KT,2021,2026,5
55764,권민규,ㄱㅁㄱ,pitcher,투수,추정,한화,2025,2026,2
68204,권민석,ㄱㅁㅅ,hitter,야수,추정,두산,2020,2023,4
99445,권오준,ㄱㅇㅈ,pitcher,투수,추정,삼성,2014,2020,7
95158,권용관,ㄱㅇㄱ,hitter,야수,추정,한화,2013,2016,4
65412,권정웅,ㄱㅈㅇ,hitter,야수,추정,삼성,2016,2021,5
72447,권혁,ㄱㅎ,pitcher,투수,추정,두산,2013,2020,8
55371,권혁빈,ㄱㅎㅂ,hitter,내야수,네이버,키움,2025,2026,2
50203,권휘,ㄱㅎ,pitcher,투수,추정,두산,2020,2024,4
63963,권희동,ㄱㅎㄷ,hitter,외야수,네이버,NC,2013,2026,13
75258,금민철,ㄱㅁㅊ,pitcher,투수,추정,KT,2014,2020,7
56800,긴지로,ㄱㅈㄹ,pitcher,투수,추정,SSG,2026,2026,1
77263,김강률,ㄱㄱㄹ,pitcher,투수,추정,LG,2013,2026,13
71837,김강민,ㄱㄱㅁ,hitter,야수,추정,SSG,2013,2025,13
65522,김강현,ㄱㄱㅎ,hitter,투수,네이버,롯데,2020,2026,4
69702,김건,ㄱㄱ,hitter,내야수,네이버,한화,2020,2023,3
76225,김건국,ㄱㄱㄱ,pitcher,투수,추정,KIA,2018,2026,8
51867,김건우,ㄱㄱㅇ,pitcher,투수,추정,SSG,2021,2026,4
53844,김건웅,ㄱㄱㅇ,hitter,야수,추정,SSG,2023,2023,1
60339,김건태,ㄱㄱㅌ,pitcher,투수,추정,NC,2015,2022,8
71851,김건한,ㄱㄱㅎ,pitcher,투수,추정,삼성,2013,2016,4
51005,김건형,ㄱㄱㅎ,hitter,야수,추정,KT,2021,2025,3
53312,김건희,ㄱㄱㅎ,hitter,포수,네이버,키움,2023,2026,4
71610,김경언,ㄱㄱㅇ,hitter,야수,추정,한화,2013,2017,5
60757,김경태,ㄱㄱㅌ,pitcher,투수,추정,한화,2013,2019,5
64260,김경호,ㄱㄱㅎ,hitter,야수,추정,SK,2019,2020,2
99152,김광삼,ㄱㄱㅅ,pitcher,투수,추정,LG,2015,2015,1
70142,김광수,ㄱㄱㅅ,pitcher,투수,추정,KIA,2013,2017,5
63601,김광연,ㄱㄱㅇ,hitter,야수,추정,KIA,2013,2014,2
77829,김광현,ㄱㄱㅎ,pitcher,투수,추정,SSG,2013,2025,10
69810,김규남,ㄱㄱㄴ,hitter,야수,추정,SSG,2021,2022,2
62356,김규민,ㄱㄱㅁ,hitter,야수,추정,키움,2017,2020,4
66614,김규성,ㄱㄱㅅ,hitter,내야수,네이버,KIA,2020,2026,7
51713,김규연,ㄱㄱㅇ,pitcher,투수,추정,한화,2022,2024,3
66112,김기연,ㄱㄱㅇ,hitter,포수,네이버,두산,2018,2026,6
53540,김기준,ㄱㄱㅈ,pitcher,투수,추정,롯데,2026,2026,1
51715,김기중,ㄱㄱㅈ,pitcher,투수,추정,한화,2021,2025,5
67711,김기탁,ㄱㄱㅌ,pitcher,투수,추정,한화,2020,2021,2
76461,김기태,ㄱㄱㅌ,pitcher,투수,추정,삼성,2013,2018,5
76119,김기표,ㄱㄱㅍ,pitcher,투수,추정,KT,2013,2015,3
77869,김기현,ㄱㄱㅎ,hitter,야수,추정,SK,2015,2016,2
62919,김기현,ㄱㄱㅎ,pitcher,투수,추정,한화,2014,2015,2
65462,김기환,ㄱㄱㅎ,hitter,야수,추정,NC,2020,2022,3
69620,김기훈,ㄱㄱㅎ,pitcher,투수,추정,KIA,2019,2026,7
52995,김녹원,ㄱㄴㅇ,pitcher,투수,추정,NC,2025,2025,1
78765,김다원,ㄱㄷㅇ,hitter,야수,추정,KIA,2014,2016,3
65513,김대륙,ㄱㄷㄹ,hitter,야수,추정,롯데,2015,2017,3
61365,김대우,ㄱㄷㅇ,pitcher,투수,추정,삼성,2014,2025,12
78536,김대우,ㄱㄷㅇ,hitter,야수,추정,롯데,2013,2020,6
54164,김대원,ㄱㄷㅇ,hitter,내야수,네이버,LG,2024,2024,1
60337,김대유,ㄱㄷㅇ,pitcher,투수,추정,KIA,2014,2025,9
69238,김대한,ㄱㄷㅎ,hitter,외야수,네이버,두산,2019,2026,6
66145,김대현,ㄱㄷㅎ,pitcher,투수,추정,LG,2016,2026,9
54401,김대호,ㄱㄷㅎ,pitcher,투수,추정,삼성,2024,2025,2
68585,김도규,ㄱㄷㄱ,pitcher,투수,추정,롯데,2021,2024,4
54705,김도빈,ㄱㄷㅂ,pitcher,투수,추정,한화,2024,2026,2
52605,김도영,ㄱㄷㅇ,hitter,내야수,네이버,KIA,2022,2026,5
66098,김도영,ㄱㄷㅇ,pitcher,투수,추정,KT,2017,2017,1
51294,김도윤,ㄱㄷㅇ,pitcher,투수,추정,두산,2021,2024,2
52844,김도현,ㄱㄷㅎ,pitcher,투수,추정,SSG,2026,2026,1
69745,김도현,ㄱㄷㅎ,pitcher,투수,추정,KIA,2019,2025,6
61360,김도현,ㄱㄷㅎ,hitter,야수,추정,SK,2013,2014,2
69442,김도환,ㄱㄷㅎ,hitter,포수,네이버,삼성,2019,2026,7
71806,김동건,ㄱㄷㄱ,hitter,야수,추정,NC,2013,2013,1
53164,김동규,ㄱㄷㄱ,pitcher,투수,추정,키움,2023,2026,4
66838,김동엽,ㄱㄷㅇ,hitter,야수,추정,키움,2016,2025,10
68589,김동우,ㄱㄷㅇ,pitcher,투수,추정,롯데,2021,2021,1
50393,김동욱,ㄱㄷㅇ,hitter,투수,네이버,키움,2021,2024,2
77462,김동욱,ㄱㄷㅇ,hitter,야수,추정,KT,2013,2018,5
60496,김동은,ㄱㄷㅇ,hitter,야수,추정,KT,2015,2016,2
51230,김동주,ㄱㄷㅈ,pitcher,투수,추정,두산,2022,2026,4
98218,김동주,ㄱㄷㅈ,hitter,야수,추정,두산,2013,2013,1
52267,김동준,ㄱㄷㅈ,hitter,내야수,네이버,두산,2025,2025,1
51403,김동진,ㄱㄷㅈ,hitter,야수,추정,삼성,2022,2024,3
61204,김동한,ㄱㄷㅎ,hitter,야수,추정,롯데,2013,2020,6
53344,김동헌,ㄱㄷㅎ,hitter,포수,네이버,키움,2023,2026,4
52504,김동혁,ㄱㄷㅎ,hitter,외야수,네이버,롯데,2023,2026,4
50360,김동혁,ㄱㄷㅎ,pitcher,투수,추정,키움,2020,2024,5
55502,김동현,ㄱㄷㅎ,hitter,외야수,네이버,롯데,2026,2026,1
55040,김동현,ㄱㄷㅎ,pitcher,투수,추정,KT,2025,2025,1
79791,김동호,ㄱㄷㅎ,pitcher,투수,추정,삼성,2016,2017,2
54614,김두현,ㄱㄷㅎ,hitter,내야수,네이버,KIA,2024,2024,1
65044,김만수,ㄱㅁㅅ,hitter,야수,추정,KT,2016,2017,2
61527,김명성,ㄱㅁㅅ,pitcher,투수,추정,두산,2013,2015,3
67246,김명신,ㄱㅁㅅ,pitcher,투수,추정,두산,2017,2026,8
65696,김명찬,ㄱㅁㅊ,pitcher,투수,추정,KIA,2015,2020,4
68403,김무신,ㄱㅁㅅ,pitcher,투수,추정,삼성,2019,2026,6
76509,김문호,ㄱㅁㅎ,hitter,야수,추정,한화,2013,2020,8
68043,김민,ㄱㅁ,pitcher,투수,추정,SSG,2018,2026,8
56637,김민규,ㄱㅁㄱ,hitter,외야수,네이버,KIA,2026,2026,1
54913,김민규,ㄱㅁㄱ,pitcher,투수,추정,NC,2024,2025,2
68200,김민규,ㄱㅁㄱ,pitcher,투수,추정,두산,2018,2025,7
50573,김민기,ㄱㅁㄱ,pitcher,투수,추정,롯데,2022,2022,1
53554,김민석,ㄱㅁㅅ,hitter,외야수,네이버,두산,2023,2026,4
54097,김민석,ㄱㅁㅅ,hitter,포수,네이버,KT,2025,2026,2
77564,김민성,ㄱㅁㅅ,hitter,내야수,네이버,롯데,2013,2026,14
64793,김민수,ㄱㅁㅅ,hitter,포수,네이버,LG,2014,2026,9
65048,김민수,ㄱㅁㅅ,pitcher,투수,추정,KT,2015,2026,11
69500,김민수,ㄱㅁㅅ,hitter,야수,추정,롯데,2022,2022,1
62864,김민식,ㄱㅁㅅ,hitter,포수,네이버,SSG,2015,2026,11
65764,김민우,ㄱㅁㅇ,pitcher,투수,추정,한화,2015,2024,10
72303,김민우,ㄱㅁㅇ,hitter,야수,추정,KIA,2013,2016,4
54608,김민재,ㄱㅁㅈ,pitcher,투수,추정,KIA,2024,2025,2
54645,김민주,ㄱㅁㅈ,pitcher,투수,추정,KIA,2024,2025,2
53893,김민준,ㄱㅁㅈ,hitter,내야수,네이버,SSG,2026,2026,1
56840,김민준,ㄱㅁㅈ,pitcher,투수,추정,SSG,2026,2026,1
63339,김민준,ㄱㅁㅈ,hitter,야수,추정,SK,2015,2020,4
61554,김민하,ㄱㅁㅎ,hitter,야수,추정,한화,2014,2021,7
64004,김민혁,ㄱㅁㅎ,hitter,외야수,네이버,KT,2015,2026,10
65269,김민혁,ㄱㅁㅎ,hitter,내야수,네이버,두산,2017,2025,7
55420,김백산,ㄱㅂㅅ,pitcher,투수,추정,삼성,2026,2026,1
53144,김범석,ㄱㅂㅅ,hitter,포수,네이버,LG,2023,2024,2
65769,김범수,ㄱㅂㅅ,pitcher,투수,추정,KIA,2015,2026,12
50710,김범준,ㄱㅂㅈ,pitcher,투수,추정,한화,2026,2026,1
69980,김범준,ㄱㅂㅈ,hitter,외야수,네이버,NC,2024,2025,2
52002,김병준,ㄱㅂㅈ,hitter,외야수,네이버,KT,2023,2025,3
62349,김병현,ㄱㅂㅎ,pitcher,투수,추정,KIA,2013,2015,3
50304,김병휘,ㄱㅂㅎ,hitter,내야수,네이버,키움,2020,2025,5
64014,김병희,ㄱㅂㅎ,hitter,야수,추정,KT,2019,2023,5
63894,김사윤,ㄱㅅㅇ,pitcher,투수,추정,KIA,2017,2024,5
99563,김사율,ㄱㅅㅇ,pitcher,투수,추정,KT,2013,2018,6
61591,김사훈,ㄱㅅㅎ,hitter,야수,추정,롯데,2013,2019,6
52402,김상민,ㄱㅅㅁ,hitter,외야수,네이버,삼성,2023,2023,1
79402,김상수,ㄱㅅㅅ,hitter,내야수,네이버,KT,2013,2026,14
55425,김상준,ㄱㅅㅈ,hitter,내야수,네이버,삼성,2026,2026,1
70646,김상현,ㄱㅅㅎ,hitter,야수,추정,KT,2013,2016,4
62559,김상호,ㄱㅅㅎ,hitter,야수,추정,롯데,2013,2017,3
70612,김상훈,ㄱㅅㅎ,hitter,야수,추정,KIA,2013,2014,2
55359,김서준,ㄱㅅㅈ,pitcher,투수,추정,키움,2025,2026,2
52460,김서준,ㄱㅅㅈ,hitter,투수,네이버,삼성,2022,2023,2
53754,김서현,ㄱㅅㅎ,hitter,투수,네이버,한화,2023,2026,4
67610,김석환,ㄱㅅㅎ,hitter,외야수,네이버,KIA,2018,2025,5
75852,김선규,ㄱㅅㄱ,pitcher,투수,추정,NC,2013,2016,4
66018,김선기,ㄱㅅㄱ,pitcher,투수,추정,키움,2018,2026,9
78603,김선빈,ㄱㅅㅂ,hitter,내야수,네이버,KIA,2013,2026,13
51604,김선우,ㄱㅅㅇ,hitter,포수,네이버,KIA,2022,2023,2
78232,김선우,ㄱㅅㅇ,pitcher,투수,추정,LG,2013,2014,2
67828,김성민,ㄱㅅㅁ,pitcher,투수,추정,키움,2017,2026,8
50848,김성민,ㄱㅅㅁ,pitcher,투수,추정,SSG,2025,2025,1
69860,김성민,ㄱㅅㅁ,hitter,야수,추정,SK,2019,2019,1
73226,김성배,ㄱㅅㅂ,pitcher,투수,추정,두산,2013,2017,5
52105,김성우,ㄱㅅㅇ,hitter,포수,네이버,LG,2024,2025,2
62934,김성욱,ㄱㅅㅇ,hitter,외야수,네이버,SSG,2013,2026,12
67449,김성윤,ㄱㅅㅇ,hitter,외야수,네이버,삼성,2017,2026,9
55216,김성재,ㄱㅅㅈ,hitter,포수,네이버,두산,2025,2025,1
66565,김성재,ㄱㅅㅈ,pitcher,투수,추정,롯데,2016,2016,1
51301,김성진,ㄱㅅㅈ,pitcher,투수,추정,키움,2021,2026,4
69105,김성진,ㄱㅅㅈ,hitter,내야수,네이버,LG,2024,2026,2
63435,김성표,ㄱㅅㅍ,hitter,야수,추정,삼성,2020,2022,3
76802,김성현,ㄱㅅㅎ,hitter,내야수,네이버,SSG,2013,2025,13
69098,김성훈,ㄱㅅㅎ,hitter,야수,추정,KT,2020,2020,1
66462,김성훈,ㄱㅅㅎ,hitter,야수,추정,삼성,2017,2019,3
67762,김성훈,ㄱㅅㅎ,pitcher,투수,추정,한화,2018,2019,2
52514,김세민,ㄱㅅㅁ,hitter,내야수,네이버,롯데,2022,2026,2
76350,김세현,ㄱㅅㅎ,pitcher,투수,추정,SSG,2013,2021,9
54905,김세훈,ㄱㅅㅎ,hitter,내야수,네이버,NC,2024,2024,1
78550,김수완,ㄱㅅㅇ,pitcher,투수,추정,두산,2013,2015,3
67900,김수윤,ㄱㅅㅇ,hitter,내야수,네이버,SSG,2021,2025,5
50115,김수인,ㄱㅅㅇ,hitter,야수,추정,LG,2024,2024,1
68346,김수환,ㄱㅅㅎ,hitter,야수,추정,키움,2020,2024,5
68616,김승범,ㄱㅅㅂ,pitcher,투수,추정,KIA,2019,2020,2
50711,김승일,ㄱㅅㅇ,pitcher,투수,추정,한화,2024,2025,2
66492,김승현,ㄱㅅㅎ,pitcher,투수,추정,KIA,2016,2024,7
73248,김승회,ㄱㅅㅎ,pitcher,투수,추정,두산,2013,2019,7
51303,김시앙,ㄱㅅㅇ,hitter,포수,네이버,키움,2022,2024,3
67467,김시현,ㄱㅅㅎ,pitcher,투수,추정,삼성,2017,2023,4
68928,김시훈,ㄱㅅㅎ,pitcher,투수,추정,KIA,2022,2026,5
54368,김연주,ㄱㅇㅈ,pitcher,투수,추정,키움,2024,2026,3
77609,김연훈,ㄱㅇㅎ,hitter,"외야수비,주루코치",네이버,KT,2015,2017,3
68900,김영규,ㄱㅇㄱ,pitcher,투수,추정,NC,2019,2026,8
55167,김영우,ㄱㅇㅇ,hitter,투수,네이버,LG,2025,2026,2
52430,김영웅,ㄱㅇㅇ,hitter,내야수,네이버,삼성,2022,2026,5
68130,김영준,ㄱㅇㅈ,pitcher,투수,추정,LG,2018,2024,4
51097,김영현,ㄱㅇㅎ,hitter,투수,네이버,KT,2023,2024,2
63448,김영환,ㄱㅇㅎ,hitter,야수,추정,KIA,2015,2020,5
78217,김용의,ㄱㅇㅇ,hitter,야수,추정,LG,2013,2021,9
60764,김용주,ㄱㅇㅈ,pitcher,투수,추정,KT,2013,2018,4
68453,김용하,ㄱㅇㅎ,pitcher,투수,추정,삼성,2018,2018,1
65898,김웅빈,ㄱㅇㅂ,hitter,내야수,네이버,키움,2016,2026,10
62768,김원석,ㄱㅇㅅ,hitter,외야수,네이버,한화,2016,2017,2
71207,김원섭,ㄱㅇㅅ,hitter,야수,추정,KIA,2013,2016,4
62528,김원중,ㄱㅇㅈ,pitcher,투수,추정,롯데,2015,2026,12
53262,김유성,ㄱㅇㅅ,pitcher,투수,추정,두산,2023,2025,3
68659,김유신,ㄱㅇㅅ,pitcher,투수,추정,KIA,2018,2023,4
64596,김유영,ㄱㅇㅇ,pitcher,투수,추정,LG,2014,2026,9
62648,김윤동,ㄱㅇㄷ,pitcher,투수,추정,KIA,2013,2019,5
50157,김윤식,ㄱㅇㅅ,pitcher,투수,추정,LG,2020,2026,6
54319,김윤하,ㄱㅇㅎ,pitcher,투수,추정,키움,2024,2026,3
64396,김윤환,ㄱㅇㅎ,pitcher,투수,추정,넥센,2016,2016,1
65304,김은성,ㄱㅇㅅ,hitter,야수,추정,키움,2019,2021,3
60288,김응민,ㄱㅇㅁ,hitter,야수,추정,NC,2014,2022,7
69367,김인범,ㄱㅇㅂ,pitcher,투수,추정,키움,2021,2024,2
63257,김인태,ㄱㅇㅌ,hitter,외야수,네이버,두산,2016,2026,11
66715,김인환,ㄱㅇㅎ,hitter,야수,추정,한화,2018,2025,6
78543,김일엽,ㄱㅇㅇ,pitcher,투수,추정,한화,2013,2013,1
68908,김재균,ㄱㅈㄱ,pitcher,투수,추정,NC,2018,2018,1
63125,김재민,ㄱㅈㅁ,hitter,야수,추정,LG,2013,2014,2
53400,김재상,ㄱㅈㅅ,hitter,내야수,네이버,삼성,2023,2026,3
65132,김재성,ㄱㅈㅅ,hitter,포수,네이버,삼성,2015,2025,7
64580,김재열,ㄱㅈㅇ,pitcher,투수,추정,NC,2020,2025,6
66741,김재영,ㄱㅈㅇ,pitcher,투수,추정,한화,2016,2023,6
67391,김재웅,ㄱㅈㅇ,pitcher,투수,추정,키움,2020,2026,6
55043,김재원,ㄱㅈㅇ,pitcher,투수,추정,KT,2025,2025,1
65506,김재유,ㄱㅈㅇ,hitter,야수,추정,롯데,2015,2022,6
65062,김재윤,ㄱㅈㅇ,pitcher,투수,추정,삼성,2015,2026,12
61114,김재율,ㄱㅈㅇ,hitter,야수,추정,LG,2015,2019,4
52424,김재혁,ㄱㅈㅎ,hitter,외야수,네이버,삼성,2022,2026,4
62332,김재현,ㄱㅈㅎ,hitter,포수,네이버,키움,2015,2026,11
64499,김재현,ㄱㅈㅎ,hitter,야수,추정,SSG,2014,2022,7
76869,김재현,ㄱㅈㅎ,hitter,야수,추정,SK,2013,2020,8
74206,김재호,ㄱㅈㅎ,hitter,야수,추정,두산,2013,2025,13
78224,김재환,ㄱㅈㅎ,hitter,외야수,네이버,SSG,2014,2026,13
53865,김정민,ㄱㅈㅁ,hitter,외야수,네이버,SSG,2023,2026,2
55646,김정엽,ㄱㅈㅇ,pitcher,투수,추정,KIA,2025,2025,1
68830,김정우,ㄱㅈㅇ,pitcher,투수,추정,두산,2019,2026,5
53029,김정운,ㄱㅈㅇ,pitcher,투수,추정,KT,2023,2026,2
67504,김정율,ㄱㅈㅇ,hitter,내야수,네이버,LG,2017,2025,8
65392,김정인,ㄱㅈㅇ,pitcher,투수,추정,키움,2015,2021,6
61463,김정혁,ㄱㅈㅎ,hitter,야수,추정,삼성,2014,2017,4
51903,김정호,ㄱㅈㅎ,hitter,포수,네이버,NC,2025,2026,2
61962,김정후,ㄱㅈㅎ,pitcher,투수,추정,키움,2018,2020,3
60860,김정훈,ㄱㅈㅎ,hitter,야수,추정,SK,2013,2014,2
66392,김종덕,ㄱㅈㄷ,hitter,야수,추정,넥센,2018,2018,1
79364,김종민,ㄱㅈㅁ,hitter,야수,추정,한화,2015,2019,5
63765,김종수,ㄱㅈㅅ,pitcher,투수,추정,한화,2018,2026,7
55122,김종운,ㄱㅈㅇ,pitcher,포수,네이버,LG,2025,2025,1
60032,김종찬,ㄱㅈㅊ,hitter,야수,추정,NC,2013,2013,1
77454,김종호,ㄱㅈㅎ,hitter,야수,추정,NC,2013,2017,5
62696,김종훈,ㄱㅈㅎ,pitcher,투수,추정,KIA,2017,2017,1
66162,김주성,ㄱㅈㅅ,hitter,내야수,네이버,LG,2017,2026,6
65411,김주온,ㄱㅈㅇ,pitcher,투수,추정,LG,2020,2025,6
52140,김주완,ㄱㅈㅇ,pitcher,투수,추정,LG,2022,2022,1
51907,김주원,ㄱㅈㅇ,hitter,내야수,네이버,NC,2021,2026,6
70410,김주찬,ㄱㅈㅊ,hitter,야수,추정,KIA,2013,2020,8
66859,김주한,ㄱㅈㅎ,pitcher,투수,추정,SSG,2016,2023,6
66749,김주현,ㄱㅈㅎ,hitter,야수,추정,롯데,2016,2021,3
77669,김주현,ㄱㅈㅎ,hitter,야수,추정,롯데,2014,2017,4
69306,김주형,ㄱㅈㅎ,hitter,야수,추정,키움,2019,2024,6
74605,김주형,ㄱㅈㅎ,hitter,야수,추정,KIA,2013,2018,6
78823,김준,ㄱㅈ,pitcher,투수,추정,KIA,2013,2015,3
55226,김준상,ㄱㅈㅅ,hitter,내야수,네이버,두산,2025,2025,1
63920,김준완,ㄱㅈㅇ,hitter,야수,추정,키움,2013,2023,10
54910,김준원,ㄱㅈㅇ,hitter,투수,네이버,NC,2026,2026,1
62558,김준태,ㄱㅈㅌ,hitter,포수,네이버,LG,2013,2025,10
51393,김준형,ㄱㅈㅎ,pitcher,투수,추정,키움,2021,2023,3
56326,김지석,ㄱㅈㅅ,hitter,내야수,네이버,키움,2026,2026,1
62007,김지성,ㄱㅈㅅ,hitter,야수,추정,KIA,2013,2018,6
65503,김지수,ㄱㅈㅅ,hitter,야수,추정,한화,2016,2021,3
79300,김지수,ㄱㅈㅅ,hitter,야수,추정,키움,2013,2019,7
78753,김지열,ㄱㅈㅇ,hitter,야수,추정,KT,2015,2018,4
60181,김지용,ㄱㅈㅇ,pitcher,투수,추정,두산,2015,2022,7
50458,김지찬,ㄱㅈㅊ,hitter,내야수,네이버,삼성,2020,2026,7
64640,김지훈,ㄱㅈㅎ,hitter,야수,추정,KIA,2014,2014,1
63088,김진곤,ㄱㅈㄱ,hitter,야수,추정,KT,2015,2019,5
75867,김진성,ㄱㅈㅅ,pitcher,투수,추정,LG,2013,2026,14
51154,김진수,ㄱㅈㅅ,pitcher,투수,추정,LG,2021,2026,4
67737,김진영,ㄱㅈㅇ,pitcher,투수,추정,한화,2017,2021,5
72641,김진우,ㄱㅈㅇ,pitcher,투수,추정,KIA,2013,2017,5
51516,김진욱,ㄱㅈㅇ,pitcher,투수,추정,롯데,2021,2026,6
68701,김진욱,ㄱㅈㅇ,pitcher,투수,추정,한화,2018,2020,3
79234,김진형,ㄱㅈㅎ,hitter,야수,추정,NC,2014,2019,3
67954,김진호,ㄱㅈㅎ,pitcher,투수,추정,NC,2020,2026,7
66917,김찬형,ㄱㅊㅎ,hitter,야수,추정,SSG,2017,2025,8
66801,김찬호,ㄱㅊㅎ,pitcher,투수,추정,SK,2017,2020,2
69825,김창평,ㄱㅊㅍ,hitter,외야수,네이버,SSG,2019,2026,6
60184,김창혁,ㄱㅊㅎ,hitter,야수,추정,한화,2018,2019,2
51586,김창훈,ㄱㅊㅎ,pitcher,투수,추정,롯데,2021,2026,4
74728,김창훈,ㄱㅊㅎ,pitcher,투수,추정,두산,2013,2013,1
50992,김태경,ㄱㅌㄱ,pitcher,투수,추정,NC,2020,2026,5
78122,김태군,ㄱㅌㄱ,hitter,포수,네이버,KIA,2013,2026,13
71752,김태균,ㄱㅌㄱ,hitter,야수,추정,한화,2013,2021,9
69207,김태근,ㄱㅌㄱ,hitter,야수,추정,삼성,2019,2025,5
66704,김태연,ㄱㅌㅇ,hitter,외야수,네이버,한화,2017,2026,9
71255,김태영,ㄱㅌㅇ,hitter,야수,추정,KIA,2013,2015,3
66064,김태오,ㄱㅌㅇ,pitcher,투수,추정,KT,2018,2023,4
76746,김태완,ㄱㅌㅇ,hitter,야수,추정,넥센,2013,2018,6
74158,김태완,ㄱㅌㅇ,hitter,야수,추정,삼성,2013,2016,4
62927,김태우,ㄱㅌㅇ,hitter,야수,추정,NC,2013,2017,3
67768,김태욱,ㄱㅌㅇ,pitcher,투수,추정,롯데,2023,2023,1
52803,김태윤,ㄱㅌㅇ,hitter,내야수,네이버,SSG,2025,2025,1
64984,김태진,ㄱㅌㅈ,hitter,내야수,네이버,키움,2015,2026,11
76430,김태혁,ㄱㅌㅎ,pitcher,투수,추정,롯데,2013,2025,12
55566,김태현,ㄱㅌㅎ,pitcher,투수,추정,롯데,2025,2025,1
67956,김태현,ㄱㅌㅎ,pitcher,투수,추정,NC,2020,2025,5
55610,김태형,ㄱㅌㅎ,pitcher,투수,추정,KIA,2025,2026,2
67122,김태형,ㄱㅌㅎ,pitcher,투수,추정,LG,2018,2021,2
62918,김태형,ㄱㅌㅎ,pitcher,투수,추정,LG,2018,2018,1
55995,김태훈,ㄱㅌㅎ,pitcher,투수,추정,NC,2025,2026,2
62360,김태훈,ㄱㅌㅎ,pitcher,투수,추정,삼성,2014,2026,11
65040,김태훈,ㄱㅌㅎ,hitter,외야수,네이버,삼성,2015,2026,8
79847,김태훈,ㄱㅌㅎ,pitcher,투수,추정,SSG,2015,2022,8
54263,김택연,ㄱㅌㅇ,pitcher,투수,추정,두산,2024,2026,3
65343,김택형,ㄱㅌㅎ,pitcher,투수,추정,SSG,2015,2026,10
64300,김하성,ㄱㅎㅅ,hitter,유격수,네이버,키움,2014,2020,7
64960,김학성,ㄱㅎㅅ,hitter,야수,추정,NC,2016,2016,1
56540,김한결,ㄱㅎㄱ,pitcher,투수,추정,롯데,2026,2026,1
50902,김한별,ㄱㅎㅂ,hitter,내야수,네이버,NC,2022,2026,5
55221,김한중,ㄱㅎㅈ,pitcher,투수,추정,두산,2025,2026,2
56595,김한홀,ㄱㅎㅎ,hitter,외야수,네이버,롯데,2026,2026,1
65345,김해수,ㄱㅎㅅ,pitcher,투수,추정,넥센,2017,2017,1
61404,김헌곤,ㄱㅎㄱ,hitter,외야수,네이버,삼성,2013,2026,12
77748,김혁민,ㄱㅎㅁ,pitcher,투수,추정,한화,2013,2014,2
69516,김현수,ㄱㅎㅅ,pitcher,투수,추정,KIA,2019,2026,7
76290,김현수,ㄱㅎㅅ,hitter,외야수,네이버,KT,2013,2026,12
60457,김현우,ㄱㅎㅇ,pitcher,투수,추정,삼성,2013,2017,5
54166,김현종,ㄱㅎㅈ,hitter,외야수,네이버,LG,2024,2026,3
51417,김현준,ㄱㅎㅈ,hitter,외야수,네이버,삼성,2021,2026,5
66630,김현준,ㄱㅎㅈ,pitcher,투수,추정,KIA,2020,2022,3
68912,김형준,ㄱㅎㅈ,hitter,포수,네이버,NC,2018,2026,7
67304,김혜성,ㄱㅎㅅ,hitter,내야수,네이버,키움,2017,2024,8
65653,김호령,ㄱㅎㄹ,hitter,외야수,네이버,KIA,2015,2026,10
66113,김호은,ㄱㅎㅇ,hitter,야수,추정,LG,2020,2022,3
64407,김호재,ㄱㅎㅈ,hitter,야수,추정,삼성,2018,2023,6
68269,김호준,ㄱㅎㅈ,pitcher,투수,추정,두산,2023,2025,3
54460,김호진,ㄱㅎㅈ,hitter,내야수,네이버,삼성,2024,2025,2
66309,김홍빈,ㄱㅎㅂ,pitcher,투수,추정,넥센,2017,2017,1
79705,김회성,ㄱㅎㅅ,hitter,야수,추정,한화,2014,2020,7
76454,김효남,ㄱㅎㄴ,hitter,야수,추정,LG,2013,2013,1
51344,김휘집,ㄱㅎㅈ,hitter,내야수,네이버,NC,2021,2026,6
64492,김희석,ㄱㅎㅅ,hitter,야수,추정,삼성,2014,2014,1
66508,나경민,ㄴㄱㅁ,hitter,야수,추정,롯데,2016,2019,4
67539,나균안,ㄴㄱㅇ,pitcher,투수,추정,롯데,2021,2026,6
64440,나바로,ㄴㅂㄹ,hitter,야수,추정,삼성,2014,2015,2
62947,나성범,ㄴㅅㅂ,hitter,외야수,네이버,KIA,2013,2026,14
61742,나성용,ㄴㅅㅇ,hitter,야수,추정,삼성,2015,2017,3
51551,나승엽,ㄴㅅㅇ,hitter,내야수,네이버,롯데,2021,2026,4
67454,나원탁,ㄴㅇㅌ,pitcher,투수,추정,롯데,2021,2023,3
79430,나이트,ㄴㅇㅌ,pitcher,투수,추정,넥센,2013,2014,2
73209,나주환,ㄴㅈㅎ,hitter,야수,추정,KIA,2013,2021,9
78629,나지완,ㄴㅈㅇ,hitter,야수,추정,KIA,2013,2022,10
65264,남경호,ㄴㄱㅎ,pitcher,투수,추정,두산,2015,2015,1
67840,남윤성,ㄴㅇㅅ,pitcher,투수,추정,SK,2018,2018,1
50720,남지민,ㄴㅈㅁ,pitcher,투수,추정,한화,2021,2024,4
66052,남태혁,ㄴㅌㅎ,hitter,야수,추정,SSG,2016,2021,6
66660,남하준,ㄴㅎㅈ,pitcher,투수,추정,KIA,2017,2022,4
54640,네일,ㄴㅇ,pitcher,투수,추정,KIA,2024,2026,3
62920,노건우,ㄴㄱㅇ,pitcher,투수,추정,삼성,2013,2023,9
73211,노경은,ㄴㄱㅇ,pitcher,투수,추정,SSG,2013,2026,13
66804,노관현,ㄴㄱㅎ,hitter,야수,추정,KIA,2017,2017,1
52833,노바,ㄴㅂ,pitcher,투수,추정,SSG,2022,2022,1
63704,노수광,ㄴㅅㄱ,hitter,야수,추정,한화,2014,2023,10
69737,노시환,ㄴㅅㅎ,hitter,내야수,네이버,한화,2019,2026,8
69996,노시훈,ㄴㅅㅎ,hitter,야수,추정,NC,2021,2021,1
52394,노운현,ㄴㅇㅎ,hitter,야수,추정,키움,2022,2022,1
78149,노진용,ㄴㅈㅇ,pitcher,투수,추정,삼성,2014,2014,1
62931,노진혁,ㄴㅈㅎ,hitter,내야수,네이버,롯데,2013,2026,13
64704,노태형,ㄴㅌㅎ,hitter,야수,추정,한화,2020,2021,2
52637,놀린,ㄴㄹ,pitcher,투수,추정,KIA,2022,2022,1
61240,니퍼트,ㄴㅍㅌ,pitcher,투수,추정,KT,2013,2018,6
67815,다이아몬드,ㄷㅇㅇㅁㄷ,pitcher,투수,추정,SK,2017,2017,1
69861,다익손,ㄷㅇㅅ,pitcher,투수,추정,롯데,2019,2019,1
51636,다카하시,ㄷㅋㅎㅅ,pitcher,투수,추정,KIA,2021,2021,1
66306,대니돈,ㄷㄴㄷ,hitter,야수,추정,넥센,2016,2017,2
56002,대니엘,ㄷㄴㅇ,pitcher,투수,추정,KT,2026,2026,1
65052,댄블랙,ㄷㅂㄹ,hitter,야수,추정,KT,2015,2015,1
54804,더거,ㄷㄱ,pitcher,투수,추정,SSG,2024,2024,1
52950,더모디,ㄷㅁㄷ,pitcher,투수,추정,NC,2022,2022,1
50040,데스파이네,ㄷㅅㅍㅇㄴ,pitcher,투수,추정,KT,2020,2022,3
54944,데이비슨,ㄷㅇㅂㅅ,hitter,내야수,네이버,키움,2024,2026,3
55536,데이비슨,ㄷㅇㅂㅅ,pitcher,투수,추정,롯데,2025,2025,1
56632,데일,ㄷㅇ,hitter,내야수,네이버,KIA,2026,2026,1
53327,도슨,ㄷㅅ,hitter,야수,추정,키움,2023,2024,2
66965,도태훈,ㄷㅌㅎ,hitter,내야수,네이버,NC,2016,2026,10
68526,듀브론트,ㄷㅂㄹㅌ,pitcher,투수,추정,롯데,2018,2018,1
54400,디아즈,ㄷㅇㅈ,hitter,내야수,네이버,삼성,2024,2026,3
53233,딜런,ㄷㄹ,pitcher,투수,추정,두산,2023,2023,1
52806,라가레스,ㄹㄱㄹㅅ,hitter,야수,추정,SSG,2022,2022,1
66825,라라,ㄹㄹ,hitter,야수,추정,SK,2016,2016,1
52025,라모스,ㄹㅁㅅ,hitter,야수,추정,두산,2022,2024,2
50165,라모스,ㄹㅁㅅ,hitter,내야수,네이버,LG,2020,2021,2
52707,라미레즈,ㄹㅁㄹㅈ,pitcher,투수,추정,한화,2022,2022,1
54666,라우어,ㄹㅇㅇ,pitcher,투수,추정,KIA,2024,2024,1
69439,라이블리,ㄹㅇㅂㄹ,pitcher,투수,추정,삼성,2019,2021,3
50912,라이트,ㄹㅇㅌ,pitcher,투수,추정,NC,2020,2020,1
55903,라일리,ㄹㅇㄹ,pitcher,투수,추정,NC,2025,2026,2
50350,러셀,ㄹㅅ,hitter,야수,추정,키움,2020,2023,2
67450,러프,ㄹㅍ,hitter,야수,추정,삼성,2017,2019,3
67423,레나도,ㄹㄴㄷ,pitcher,투수,추정,삼성,2017,2017,1
54443,레예스,ㄹㅇㅅ,pitcher,투수,추정,삼성,2024,2025,2
66446,레온,ㄹㅇ,pitcher,투수,추정,삼성,2016,2016,1
54529,레이예스,ㄹㅇㅇㅅ,hitter,외야수,네이버,롯데,2024,2026,3
63857,레이예스,ㄹㅇㅇㅅ,pitcher,투수,추정,SK,2013,2014,2
65546,레일리,ㄹㅇㄹ,pitcher,투수,추정,롯데,2015,2019,5
52547,렉스,ㄹㅅ,hitter,야수,추정,롯데,2022,2023,2
55912,로건,ㄹㄱ,pitcher,투수,추정,KT,2025,2026,2
52645,로니,ㄹㄴ,pitcher,투수,추정,KIA,2022,2022,1
67134,로니,ㄹㄴ,hitter,야수,추정,LG,2017,2017,1
56531,로드리게스,ㄹㄷㄹㄱㅅ,hitter,투수,네이버,롯데,2026,2026,1
63462,로드리게스,ㄹㄷㄹㄱㅅ,pitcher,투수,추정,삼성,2013,2013,1
67872,로맥,ㄹㅁ,hitter,야수,추정,SSG,2017,2021,5
65233,로메로,ㄹㅁㄹ,hitter,야수,추정,두산,2015,2015,1
66740,로사리오,ㄹㅅㄹㅇ,hitter,내야수,네이버,한화,2016,2017,2
66050,로위,ㄹㅇ,pitcher,투수,추정,KT,2016,2016,1
65742,로저스,ㄹㅈㅅ,pitcher,투수,추정,넥센,2015,2018,3
55322,로젠버그,ㄹㅈㅂㄱ,pitcher,투수,추정,키움,2025,2026,2
67033,로치,ㄹㅊ,pitcher,투수,추정,KT,2017,2017,1
51234,로켓,ㄹㅋ,pitcher,투수,추정,두산,2021,2021,1
64302,로티노,ㄹㅌㄴ,hitter,야수,추정,넥센,2014,2014,1
67025,로하스,ㄹㅎㅅ,hitter,외야수,네이버,KT,2017,2025,6
53211,로하스,ㄹㅎㅅ,hitter,내야수,네이버,두산,2023,2023,1
52112,루이즈,ㄹㅇㅈ,hitter,내야수,네이버,LG,2022,2022,1
65203,루츠,ㄹㅊ,hitter,야수,추정,두산,2015,2015,1
69940,루친스키,ㄹㅊㅅㅋ,pitcher,투수,추정,NC,2019,2022,4
65137,루카스,ㄹㅋㅅ,pitcher,투수,추정,LG,2015,2015,1
53404,류승민,ㄹㅅㅁ,hitter,외야수,네이버,두산,2023,2026,3
66615,류승현,ㄹㅅㅎ,hitter,야수,추정,KIA,2018,2022,3
63103,류원석,ㄹㅇㅅ,pitcher,투수,추정,한화,2019,2023,4
65908,류재인,ㄹㅈㅇ,pitcher,투수,추정,NC,2017,2018,2
63111,류제국,ㄹㅈㄱ,pitcher,투수,추정,LG,2013,2019,6
62234,류지혁,ㄹㅈㅎ,hitter,내야수,네이버,삼성,2015,2026,12
65949,류진욱,ㄹㅈㅇ,pitcher,투수,추정,NC,2020,2026,7
94228,류택현,ㄹㅌㅎ,pitcher,투수,추정,LG,2013,2014,2
53036,류현인,ㄹㅎㅇ,hitter,내야수,네이버,KT,2023,2026,2
54219,류현준,ㄹㅎㅈ,hitter,포수,네이버,두산,2024,2026,3
76715,류현진,ㄹㅎㅈ,pitcher,투수,추정,한화,2024,2026,3
64164,류형우,ㄹㅎㅇ,hitter,야수,추정,LG,2019,2019,1
50868,류효승,ㄹㅎㅅ,hitter,외야수,네이버,SSG,2020,2026,5
64029,류희운,ㄹㅎㅇ,pitcher,투수,추정,한화,2016,2023,7
51834,르위키,ㄹㅇㅋ,pitcher,투수,추정,SSG,2021,2021,1
55703,리베라토,ㄹㅂㄹㅌ,hitter,야수,추정,한화,2025,2025,1
64157,리오단,ㄹㅇㄷ,pitcher,투수,추정,LG,2014,2014,1
56146,리오스,ㄹㅇㅅ,pitcher,투수,추정,LG,2026,2026,1
61158,리즈,ㄹㅈ,pitcher,투수,추정,LG,2013,2013,1
65543,린드블럼,ㄹㄷㅂㄹ,pitcher,투수,추정,두산,2015,2019,5
62967,마낙길,ㅁㄴㄱ,hitter,야수,추정,NC,2013,2015,3
56813,마드리스,ㅁㄷㄹㅅ,hitter,외야수,네이버,SSG,2026,2026,1
65005,마르테,ㅁㄹㅌ,hitter,야수,추정,KT,2015,2016,2
66049,마리몬,ㅁㄹㅁ,pitcher,투수,추정,KT,2016,2016,1
64219,마야,ㅁㅇ,pitcher,투수,추정,두산,2014,2015,2
66748,마에스트리,ㅁㅇㅅㅌㄹ,pitcher,투수,추정,한화,2016,2016,1
70329,마일영,ㅁㅇㅇ,pitcher,투수,추정,한화,2013,2015,3
72749,마정길,ㅁㅈㄱ,pitcher,투수,추정,넥센,2013,2017,5
50506,마차도,ㅁㅊㄷ,hitter,내야수,네이버,롯데,2020,2021,2
52904,마티니,ㅁㅌㄴ,hitter,외야수,네이버,NC,2022,2022,1
53955,마틴,ㅁㅌ,hitter,외야수,네이버,NC,2023,2023,1
64430,마틴,ㅁㅌ,pitcher,투수,추정,삼성,2014,2014,1
69413,맥과이어,ㅁㄱㅇㅇ,pitcher,투수,추정,삼성,2019,2019,1
66324,맥그레거,ㅁㄱㄹㄱ,pitcher,투수,추정,넥센,2016,2016,1
55844,맥브룸,ㅁㅂㄹ,hitter,야수,추정,SSG,2025,2025,1
66523,맥스웰,ㅁㅅㅇ,hitter,야수,추정,롯데,2016,2016,1
53833,맥카티,ㅁㅋㅌ,pitcher,투수,추정,SSG,2023,2023,1
54424,맥키넌,ㅁㅋㄴ,hitter,야수,추정,삼성,2024,2024,1
53322,맥키니,ㅁㅋㄴ,pitcher,투수,추정,키움,2023,2023,1
67948,맨쉽,ㅁㅅ,pitcher,투수,추정,NC,2017,2017,1
53645,메디나,ㅁㄷㄴ,pitcher,투수,추정,KIA,2023,2023,1
55342,메르세데스,ㅁㄹㅅㄷㅅ,pitcher,투수,추정,키움,2025,2025,1
51619,멩덴,ㅁㄷ,pitcher,투수,추정,KIA,2021,2021,1
61495,명재철,ㅁㅈㅊ,pitcher,투수,추정,한화,2013,2013,1
65733,모건,ㅁㄱ,hitter,야수,추정,한화,2015,2015,1
67024,모넬,ㅁㄴ,hitter,야수,추정,KT,2017,2017,1
52808,모리만도,ㅁㄹㅁㄷ,pitcher,투수,추정,SSG,2022,2022,1
76469,모상기,ㅁㅅㄱ,hitter,야수,추정,KT,2013,2015,2
78813,모창민,ㅁㅊㅁ,hitter,야수,추정,NC,2013,2021,9
50300,모터,ㅁㅌ,hitter,야수,추정,키움,2020,2020,1
53973,목지훈,ㅁㅈㅎ,pitcher,투수,추정,NC,2024,2026,3
51439,몽고메리,ㅁㄱㅁㄹ,pitcher,투수,추정,삼성,2021,2021,1
65643,문경찬,ㅁㄱㅊ,pitcher,투수,추정,롯데,2015,2023,7
60845,문광은,ㅁㄱㅇ,pitcher,투수,추정,LG,2014,2020,7
72546,문규현,ㅁㄱㅎ,hitter,야수,추정,롯데,2013,2019,7
64554,문동욱,ㅁㄷㅇ,pitcher,투수,추정,한화,2014,2021,4
52701,문동주,ㅁㄷㅈ,pitcher,투수,추정,한화,2022,2026,5
69102,문보경,ㅁㅂㄱ,hitter,내야수,네이버,LG,2021,2026,6
67063,문상인,ㅁㅅㅇ,hitter,야수,추정,KT,2020,2023,3
50007,문상준,ㅁㅅㅈ,hitter,내야수,네이버,KT,2022,2023,2
64007,문상철,ㅁㅅㅊ,hitter,내야수,네이버,KT,2015,2025,9
60464,문선엽,ㅁㅅㅇ,hitter,야수,추정,삼성,2014,2017,2
79113,문선재,ㅁㅅㅈ,hitter,야수,추정,KIA,2013,2020,8
68119,문성주,ㅁㅅㅈ,hitter,외야수,네이버,LG,2018,2026,7
60336,문성현,ㅁㅅㅎ,pitcher,투수,추정,키움,2013,2024,9
72643,문수호,ㅁㅅㅎ,pitcher,투수,추정,NC,2013,2015,3
62869,문승원,ㅁㅅㅇ,pitcher,투수,추정,SSG,2013,2026,12
67419,문용익,ㅁㅇㅇ,pitcher,투수,추정,KT,2021,2026,6
61363,문우람,ㅁㅇㄹ,hitter,야수,추정,넥센,2013,2015,3
61767,문재현,ㅁㅈㅎ,pitcher,투수,추정,한화,2015,2015,1
52121,문정빈,ㅁㅈㅂ,hitter,내야수,네이버,LG,2025,2026,2
50365,문찬종,ㅁㅊㅈ,hitter,야수,추정,키움,2020,2021,2
53764,문현빈,ㅁㅎㅂ,hitter,내야수,네이버,한화,2023,2026,4
51257,미란다,ㅁㄹㄷ,pitcher,투수,추정,두산,2021,2022,2
56415,미야지,ㅁㅇㅈ,pitcher,투수,추정,삼성,2026,2026,1
76249,민병헌,ㅁㅂㅎ,hitter,야수,추정,롯데,2013,2021,9
78366,민태호,ㅁㅌㅎ,pitcher,투수,추정,NC,2014,2019,6
54720,바리아,ㅂㄹㅇ,pitcher,투수,추정,한화,2024,2024,1
61727,바티스타,ㅂㅌㅅㅌ,pitcher,투수,추정,한화,2013,2013,1
55509,박건우,ㅂㄱㅇ,hitter,포수,네이버,롯데,2025,2026,2
79215,박건우,ㅂㄱㅇ,hitter,외야수,네이버,NC,2013,2026,14
55046,박건우,ㅂㄱㅇ,hitter,투수,네이버,KT,2025,2025,1
51645,박건우,ㅂㄱㅇ,pitcher,투수,추정,KIA,2021,2021,1
73113,박경수,ㅂㄱㅅ,hitter,야수,추정,KT,2014,2025,12
92809,박경완,ㅂㄱㅇ,hitter,야수,추정,SK,2013,2013,1
76653,박경태,ㅂㄱㅌ,pitcher,투수,추정,KIA,2013,2018,4
64468,박계범,ㅂㄱㅂ,hitter,내야수,네이버,삼성,2015,2026,10
61893,박계현,ㅂㄱㅎ,hitter,야수,추정,SK,2014,2015,2
55164,박관우,ㅂㄱㅇ,hitter,외야수,네이버,LG,2025,2025,1
50397,박관진,ㅂㄱㅈ,pitcher,투수,추정,키움,2020,2021,2
53469,박권후,ㅂㄱㅎ,pitcher,투수,추정,삼성,2023,2023,1
74630,박근홍,ㅂㄱㅎ,pitcher,투수,추정,롯데,2013,2019,7
74103,박기남,ㅂㄱㄴ,hitter,야수,추정,KIA,2013,2015,3
70553,박기혁,ㅂㄱㅎ,hitter,야수,추정,KT,2013,2018,6
54802,박기호,ㅂㄱㅎ,pitcher,투수,추정,SSG,2025,2025,1
74756,박노민,ㅂㄴㅁ,hitter,야수,추정,한화,2013,2016,4
64944,박대온,ㅂㄷㅇ,hitter,야수,추정,NC,2015,2023,7
52994,박동수,ㅂㄷㅅ,pitcher,투수,추정,NC,2022,2022,1
79365,박동원,ㅂㄷㅇ,hitter,포수,네이버,LG,2013,2026,14
50563,박로건,ㅂㄹㄱ,pitcher,투수,추정,롯데,2021,2021,1
53139,박명근,ㅂㅁㄱ,hitter,투수,네이버,LG,2023,2025,3
50592,박명현,ㅂㅁㅎ,pitcher,내야수,네이버,롯데,2020,2020,1
96251,박명환,ㅂㅁㅎ,pitcher,투수,추정,NC,2014,2015,2
50657,박민,ㅂㅁ,hitter,내야수,네이버,KIA,2020,2026,6
79448,박민규,ㅂㅁㄱ,pitcher,투수,추정,삼성,2016,2016,1
69056,박민석,ㅂㅁㅅ,hitter,내야수,네이버,KT,2019,2025,4
78243,박민석,ㅂㅁㅅ,hitter,야수,추정,NC,2016,2016,1
62907,박민우,ㅂㅁㅇ,hitter,내야수,네이버,NC,2013,2026,14
53204,박민준,ㅂㅁㅈ,hitter,포수,네이버,두산,2024,2025,2
64893,박민호,ㅂㅁㅎ,pitcher,투수,추정,SSG,2014,2024,10
54304,박범준,ㅂㅂㅈ,hitter,투수,네이버,키움,2024,2024,1
75125,박병호,ㅂㅂㅎ,hitter,야수,추정,키움,2013,2026,12
78758,박상규,ㅂㅅㄱ,hitter,야수,추정,한화,2013,2013,1
66707,박상언,ㅂㅅㅇ,hitter,포수,네이버,한화,2017,2024,7
67703,박상원,ㅂㅅㅇ,pitcher,투수,추정,한화,2017,2026,9
52634,박상준,ㅂㅅㅈ,hitter,내야수,네이버,KIA,2026,2026,1
79657,박상혁,ㅂㅅㅎ,pitcher,투수,추정,NC,2016,2016,1
74465,박석민,ㅂㅅㅁ,hitter,야수,추정,NC,2013,2023,11
66556,박선우,ㅂㅅㅇ,pitcher,투수,추정,롯데,2021,2021,1
68201,박성모,ㅂㅅㅁ,hitter,야수,추정,두산,2018,2018,1
65206,박성민,ㅂㅅㅁ,pitcher,투수,추정,두산,2016,2016,1
53305,박성빈,ㅂㅅㅂ,hitter,포수,네이버,키움,2024,2026,2
54807,박성빈,ㅂㅅㅂ,pitcher,투수,추정,SSG,2024,2024,1
51298,박성재,ㅂㅅㅈ,hitter,포수,네이버,두산,2021,2026,3
65120,박성준,ㅂㅅㅈ,hitter,야수,추정,LG,2015,2016,2
67893,박성한,ㅂㅅㅎ,hitter,내야수,네이버,SSG,2017,2026,9
79760,박성호,ㅂㅅㅎ,hitter,야수,추정,한화,2014,2015,2
75464,박성훈,ㅂㅅㅎ,pitcher,투수,추정,넥센,2013,2014,2
64021,박세웅,ㅂㅅㅇ,pitcher,투수,추정,롯데,2015,2026,12
65844,박세웅,ㅂㅅㅇ,pitcher,투수,추정,삼성,2021,2023,3
62926,박세웅,ㅂㅅㅇ,hitter,야수,추정,NC,2016,2016,1
66047,박세진,ㅂㅅㅈ,pitcher,투수,추정,롯데,2016,2026,7
62244,박세혁,ㅂㅅㅎ,hitter,포수,네이버,삼성,2013,2026,12
55568,박세현,ㅂㅅㅎ,pitcher,투수,추정,롯데,2025,2025,1
63292,박소준,ㅂㅅㅈ,pitcher,투수,추정,두산,2015,2024,4
52305,박수종,ㅂㅅㅈ,hitter,외야수,네이버,키움,2023,2026,4
69418,박승규,ㅂㅅㄱ,hitter,외야수,네이버,삼성,2019,2026,6
62802,박승욱,ㅂㅅㅇ,hitter,내야수,네이버,롯데,2013,2026,12
66305,박승주,ㅂㅅㅈ,pitcher,투수,추정,키움,2017,2024,6
60559,박시영,ㅂㅅㅇ,pitcher,투수,추정,롯데,2016,2025,9
50996,박시원,ㅂㅅㅇ,hitter,외야수,네이버,NC,2020,2026,5
55121,박시원,ㅂㅅㅇ,pitcher,투수,추정,LG,2025,2026,2
50812,박시후,ㅂㅅㅎ,pitcher,투수,추정,SSG,2022,2026,4
68249,박신지,ㅂㅅㅈ,pitcher,투수,추정,두산,2018,2026,8
50906,박영빈,ㅂㅇㅂ,hitter,외야수,네이버,NC,2023,2025,3
69507,박영완,ㅂㅇㅇ,pitcher,투수,추정,롯데,2023,2023,1
52060,박영현,ㅂㅇㅎ,hitter,투수,네이버,KT,2022,2026,5
77104,박용근,ㅂㅇㄱ,hitter,야수,추정,KT,2014,2016,3
56468,박용재,ㅂㅇㅈ,pitcher,투수,추정,삼성,2026,2026,1
72133,박용택,ㅂㅇㅌ,hitter,야수,추정,LG,2013,2022,9
50205,박웅,ㅂㅇ,pitcher,투수,추정,두산,2021,2022,2
67202,박유연,ㅂㅇㅇ,hitter,야수,추정,두산,2017,2023,4
77848,박윤,ㅂㅇ,hitter,야수,추정,넥센,2014,2017,4
53301,박윤성,ㅂㅇㅅ,pitcher,투수,추정,키움,2024,2026,3
69762,박윤철,ㅂㅇㅊ,pitcher,투수,추정,한화,2019,2023,3
63967,박으뜸,ㅂㅇㄸ,hitter,야수,추정,NC,2013,2013,1
62883,박인성,ㅂㅇㅅ,hitter,야수,추정,SK,2013,2013,1
53706,박재규,ㅂㅈㄱ,pitcher,투수,추정,한화,2026,2026,1
71857,박재상,ㅂㅈㅅ,hitter,야수,추정,SK,2013,2016,4
55563,박재엽,ㅂㅈㅇ,hitter,포수,네이버,롯데,2025,2026,2
64100,박재욱,ㅂㅈㅇ,hitter,야수,추정,LG,2016,2022,3
55636,박재현,ㅂㅈㅎ,hitter,외야수,네이버,KIA,2025,2026,2
74846,박정권,ㅂㅈㄱ,hitter,야수,추정,SK,2013,2019,7
56536,박정민,ㅂㅈㅁ,pitcher,투수,추정,롯데,2026,2026,1
75250,박정배,ㅂㅈㅂ,pitcher,2군 투수코치,네이버,SK,2013,2019,7
65639,박정수,ㅂㅈㅅ,pitcher,투수,추정,두산,2015,2026,10
67609,박정우,ㅂㅈㅇ,hitter,외야수,네이버,KIA,2021,2026,6
62353,박정음,ㅂㅈㅇ,hitter,야수,추정,키움,2016,2021,6
61396,박정준,ㅂㅈㅈ,pitcher,투수,추정,삼성,2016,2022,5
73543,박정준,ㅂㅈㅈ,hitter,야수,추정,NC,2013,2015,3
99737,박정진,ㅂㅈㅈ,pitcher,투수,추정,한화,2013,2017,5
50709,박정현,ㅂㅈㅎ,hitter,내야수,네이버,한화,2020,2026,6
55394,박정훈,ㅂㅈㅎ,pitcher,투수,추정,키움,2025,2026,2
62338,박종윤,ㅂㅈㅇ,pitcher,투수,추정,넥센,2013,2017,3
71562,박종윤,ㅂㅈㅇ,hitter,야수,추정,롯데,2013,2016,4
60841,박종훈,ㅂㅈㅎ,pitcher,투수,추정,SSG,2015,2025,11
69328,박주성,ㅂㅈㅅ,pitcher,투수,추정,키움,2019,2025,5
69900,박주찬,ㅂㅈㅊ,hitter,내야수,네이버,NC,2023,2023,1
50411,박주혁,ㅂㅈㅎ,hitter,투수,네이버,삼성,2022,2022,1
68097,박주현,ㅂㅈㅎ,pitcher,투수,추정,NC,2024,2024,1
65348,박주현,ㅂㅈㅎ,pitcher,투수,추정,넥센,2016,2017,2
50357,박주홍,ㅂㅈㅎ,hitter,외야수,네이버,키움,2020,2026,7
71815,박준서,ㅂㅈㅅ,hitter,야수,추정,롯데,2013,2015,3
55252,박준순,ㅂㅈㅅ,hitter,내야수,네이버,두산,2025,2026,2
52731,박준영,ㅂㅈㅇ,pitcher,투수,추정,한화,2022,2026,4
56709,박준영,ㅂㅈㅇ,pitcher,투수,추정,한화,2026,2026,1
66928,박준영,ㅂㅈㅇ,hitter,야수,추정,두산,2016,2025,7
54503,박준우,ㅂㅈㅇ,pitcher,투수,추정,롯데,2024,2026,3
64657,박준태,ㅂㅈㅌ,hitter,야수,추정,키움,2014,2023,8
63638,박준표,ㅂㅈㅍ,pitcher,투수,추정,KIA,2013,2024,11
68003,박준혁,ㅂㅈㅎ,hitter,야수,추정,KT,2020,2020,1
64724,박준혁,ㅂㅈㅎ,hitter,야수,추정,한화,2014,2019,5
56318,박준현,ㅂㅈㅎ,pitcher,투수,추정,키움,2026,2026,1
69363,박준형,ㅂㅈㅎ,hitter,야수,추정,키움,2024,2024,1
65136,박지규,ㅂㅈㄱ,hitter,야수,추정,LG,2015,2020,4
56337,박지성,ㅂㅈㅅ,hitter,투수,네이버,키움,2026,2026,1
69994,박지한,ㅂㅈㅎ,pitcher,투수,추정,NC,2026,2026,1
54213,박지호,ㅂㅈㅎ,pitcher,투수,추정,두산,2024,2024,1
54805,박지환,ㅂㅈㅎ,hitter,내야수,네이버,SSG,2024,2025,2
50204,박지훈,ㅂㅈㅎ,hitter,내야수,네이버,두산,2020,2026,5
56066,박지훈,ㅂㅈㅎ,pitcher,투수,추정,KT,2026,2026,1
62637,박지훈,ㅂㅈㅎ,hitter,야수,추정,KIA,2013,2017,2
69594,박진,ㅂㅈ,pitcher,투수,추정,롯데,2019,2025,4
96307,박진만,ㅂㅈㅁ,hitter,야수,추정,SK,2013,2015,3
53411,박진우,ㅂㅈㅇ,hitter,포수,네이버,삼성,2025,2025,1
63991,박진우,ㅂㅈㅇ,pitcher,투수,추정,NC,2015,2021,5
67646,박진태,ㅂㅈㅌ,pitcher,투수,추정,KIA,2017,2021,4
63512,박진형,ㅂㅈㅎ,pitcher,투수,추정,키움,2015,2026,10
62409,박찬도,ㅂㅊㄷ,hitter,야수,추정,삼성,2013,2020,6
52348,박찬혁,ㅂㅊㅎ,hitter,외야수,네이버,키움,2022,2026,3
55530,박찬형,ㅂㅊㅎ,hitter,내야수,네이버,롯데,2025,2026,2
64646,박찬호,ㅂㅊㅎ,hitter,내야수,네이버,두산,2014,2026,11
54303,박채울,ㅂㅊㅇ,hitter,외야수,네이버,키움,2026,2026,1
64804,박철우,ㅂㅊㅇ,hitter,야수,추정,SK,2015,2015,1
67266,박치국,ㅂㅊㄱ,pitcher,투수,추정,두산,2017,2026,10
56304,박한결,ㅂㅎㄱ,hitter,내야수,네이버,키움,2026,2026,1
53992,박한결,ㅂㅎㄱ,hitter,야수,추정,NC,2023,2025,3
63703,박한결,ㅂㅎㄱ,hitter,야수,추정,한화,2019,2020,2
64764,박한길,ㅂㅎㄱ,pitcher,투수,추정,롯데,2015,2016,2
71432,박한이,ㅂㅎㅇ,hitter,야수,추정,삼성,2013,2019,7
62415,박해민,ㅂㅎㅁ,hitter,외야수,네이버,LG,2013,2026,14
55637,박헌,ㅂㅎ,hitter,외야수,네이버,KIA,2025,2025,1
79356,박헌도,ㅂㅎㄷ,hitter,야수,추정,롯데,2013,2018,6
62921,박헌욱,ㅂㅎㅇ,hitter,야수,추정,NC,2013,2019,3
51803,박형준,ㅂㅎㅈ,hitter,야수,추정,롯데,2023,2023,1
76858,박희수,ㅂㅎㅅ,pitcher,투수,추정,SK,2013,2020,8
68245,반슬라이크,ㅂㅅㄹㅇㅋ,hitter,야수,추정,두산,2018,2018,1
52528,반즈,ㅂㅈ,pitcher,투수,추정,롯데,2022,2025,4
50730,반즈,ㅂㅈ,hitter,야수,추정,한화,2020,2020,1
66452,발디리스,ㅂㄷㄹㅅ,hitter,야수,추정,삼성,2016,2016,1
54243,발라조빅,ㅂㄹㅈㅂ,pitcher,투수,추정,두산,2024,2024,1
51761,배동현,ㅂㄷㅎ,pitcher,투수,추정,키움,2021,2026,2
60105,배민관,ㅂㅁㄱ,pitcher,투수,추정,LG,2016,2018,3
69974,배민서,ㅂㅁㅅ,pitcher,투수,추정,한화,2019,2024,5
64501,배성근,ㅂㅅㄱ,hitter,야수,추정,롯데,2019,2022,4
53587,배영빈,ㅂㅇㅂ,hitter,야수,추정,롯데,2023,2023,1
79465,배영섭,ㅂㅇㅅ,hitter,야수,추정,SK,2013,2019,6
70425,배영수,ㅂㅇㅅ,pitcher,투수,추정,두산,2013,2019,6
79191,배우열,ㅂㅇㅇ,pitcher,투수,추정,KT,2015,2018,4
76540,배장호,ㅂㅈㅎ,pitcher,투수,추정,롯데,2014,2018,5
63145,배재준,ㅂㅈㅈ,pitcher,투수,추정,LG,2018,2026,7
64995,배재환,ㅂㅈㅎ,pitcher,투수,추정,NC,2015,2026,9
64166,배정대,ㅂㅈㄷ,hitter,외야수,네이버,KT,2015,2026,11
65516,배제성,ㅂㅈㅅ,pitcher,투수,추정,KT,2017,2026,9
55455,배찬승,ㅂㅊㅅ,pitcher,투수,추정,삼성,2025,2026,2
72321,배힘찬,ㅂㅎㅊ,pitcher,투수,추정,KIA,2014,2017,4
63559,백동훈,ㅂㄷㅎ,hitter,야수,추정,두산,2013,2021,7
54507,백두산,ㅂㄷㅅ,hitter,야수,추정,롯데,2024,2024,1
60456,백상원,ㅂㅅㅇ,hitter,야수,추정,삼성,2013,2018,6
69839,백승건,ㅂㅅㄱ,pitcher,투수,추정,SSG,2019,2026,5
75705,백승룡,ㅂㅅㄹ,hitter,야수,추정,한화,2013,2013,1
64410,백승민,ㅂㅅㅁ,hitter,야수,추정,삼성,2018,2021,4
53298,백승우,ㅂㅅㅇ,pitcher,투수,추정,두산,2023,2023,1
65109,백승현,ㅂㅅㅎ,hitter,투수,네이버,LG,2017,2025,7
78643,백용환,ㅂㅇㅎ,hitter,야수,추정,한화,2013,2022,10
77446,백정현,ㅂㅈㅎ,pitcher,투수,추정,삼성,2013,2026,14
60100,백진우,ㅂㅈㅇ,hitter,야수,추정,한화,2014,2019,6
78819,백청훈,ㅂㅊㅎ,pitcher,투수,추정,LG,2013,2020,7
63432,밴덴헐크,ㅂㄷㅎㅋ,pitcher,투수,추정,삼성,2013,2014,2
67845,밴와트,ㅂㅇㅌ,pitcher,투수,추정,KT,2014,2016,3
62322,밴헤켄,ㅂㅎㅋ,pitcher,투수,추정,넥센,2013,2017,5
67650,버나디나,ㅂㄴㄷㄴ,hitter,야수,추정,KIA,2017,2018,2
69934,버틀러,ㅂㅌㄹ,pitcher,투수,추정,NC,2019,2019,1
56928,버하겐,ㅂㅎㄱ,pitcher,투수,추정,NC,2026,2026,1
67598,번즈,ㅂㅈ,hitter,야수,추정,롯데,2017,2018,2
56841,베니지아노,ㅂㄴㅈㅇㄴ,pitcher,투수,추정,SSG,2026,2026,1
68953,베렛,ㅂㄹ,pitcher,투수,추정,NC,2018,2018,1
69950,베탄코트,ㅂㅌㅋㅌ,hitter,포수,네이버,NC,2019,2019,1
52043,벤자민,ㅂㅈㅁ,pitcher,투수,추정,두산,2022,2026,4
55526,벨라스케즈,ㅂㄹㅅㅋㅈ,pitcher,투수,추정,롯데,2025,2025,1
66440,벨레스터,ㅂㄹㅅㅌ,pitcher,투수,추정,삼성,2016,2016,1
54808,변건우,ㅂㄱㅇ,hitter,투수,네이버,SSG,2026,2026,1
68305,변상권,ㅂㅅㄱ,hitter,야수,추정,키움,2020,2025,4
62263,변시원,ㅂㅅㅇ,pitcher,투수,추정,키움,2013,2023,7
69727,변우혁,ㅂㅇㅎ,hitter,내야수,네이버,KIA,2019,2026,6
68400,보니야,ㅂㄴㅇ,pitcher,투수,추정,삼성,2018,2018,1
56036,보쉴리,ㅂㅅㄹ,pitcher,투수,추정,KT,2026,2026,1
56402,보스,ㅂㅅ,pitcher,투수,추정,삼성,2026,2026,1
51144,보어,ㅂㅇ,hitter,야수,추정,LG,2021,2021,1
66226,보우덴,ㅂㅇㄷ,pitcher,투수,추정,두산,2016,2017,2
64230,볼스테드,ㅂㅅㅌㄷ,pitcher,투수,추정,두산,2014,2014,1
65802,봉민호,ㅂㅁㅎ,pitcher,투수,추정,SK,2018,2018,1
77147,봉중근,ㅂㅈㄱ,pitcher,투수,추정,LG,2013,2016,4
50404,뷰캐넌,ㅂㅋㄴ,pitcher,투수,추정,삼성,2020,2023,4
65823,브라운,ㅂㄹㅇ,hitter,야수,추정,SK,2015,2015,1
52257,브랜든,ㅂㄹㄷ,pitcher,투수,추정,두산,2022,2024,3
56322,브룩스,ㅂㄹㅅ,hitter,야수,추정,키움,2026,2026,1
50636,브룩스,ㅂㄹㅅ,pitcher,투수,추정,KIA,2020,2021,2
67313,브리검,ㅂㄹㄱ,pitcher,투수,추정,키움,2017,2021,5
56950,블레인,ㅂㄹㅇ,hitter,내야수,네이버,NC,2026,2026,1
56523,비슬리,ㅂㅅㄹ,pitcher,투수,추정,롯데,2026,2026,1
67742,비야누에바,ㅂㅇㄴㅇㅂ,pitcher,투수,추정,한화,2017,2017,1
62688,빌로우,ㅂㄹㅇ,pitcher,투수,추정,KIA,2013,2013,1
56032,사우어,ㅅㅇㅇ,pitcher,투수,추정,KT,2026,2026,1
56474,사토시,ㅅㅌㅅ,pitcher,투수,추정,삼성,2026,2026,1
53714,산체스,ㅅㅊㅅ,pitcher,투수,추정,한화,2023,2024,2
53665,산체스,ㅅㅊㅅ,pitcher,투수,추정,KIA,2023,2023,1
68815,산체스,ㅅㅊㅅ,pitcher,투수,추정,SK,2018,2019,2
50468,살라디노,ㅅㄹㄷㄴ,hitter,야수,추정,삼성,2020,2020,1
68345,샌즈,ㅅㅈ,hitter,야수,추정,키움,2018,2019,2
50524,샘슨,ㅅㅅ,pitcher,투수,추정,롯데,2020,2020,1
68748,샘슨,ㅅㅅ,pitcher,투수,추정,한화,2018,2018,1
78168,서건창,ㅅㄱㅊ,hitter,내야수,네이버,키움,2013,2026,14
64759,서균,ㅅㄱ,pitcher,투수,추정,한화,2017,2021,5
66663,서덕원,ㅅㄷㅇ,pitcher,투수,추정,KIA,2020,2021,2
64896,서동민,ㅅㄷㅁ,pitcher,투수,추정,SSG,2020,2023,4
53569,서동욱,ㅅㄷㅇ,hitter,포수,네이버,롯데,2023,2024,2
73606,서동욱,ㅅㄷㅇ,hitter,야수,추정,KIA,2013,2018,6
75261,서동환,ㅅㄷㅎ,pitcher,투수,추정,삼성,2013,2014,2
62164,서상우,ㅅㅅㅇ,hitter,야수,추정,LG,2015,2019,5
69803,서상준,ㅅㅅㅈ,pitcher,투수,추정,SSG,2023,2023,1
66203,서예일,ㅅㅇㅇ,hitter,야수,추정,두산,2016,2024,8
63603,서용주,ㅅㅇㅈ,hitter,야수,추정,KIA,2013,2013,1
53309,서유신,ㅅㅇㅅ,hitter,내야수,네이버,키움,2025,2025,1
66068,서의태,ㅅㅇㅌ,pitcher,투수,추정,NC,2018,2024,2
78640,서재응,ㅅㅈㅇ,pitcher,투수,추정,KIA,2013,2015,3
69539,서준원,ㅅㅈㅇ,pitcher,투수,추정,롯데,2019,2022,4
61895,서진용,ㅅㅈㅇ,pitcher,투수,추정,SSG,2015,2026,12
66742,서캠프,ㅅㅋㅍ,pitcher,투수,추정,한화,2016,2016,1
69744,서폴드,ㅅㅍㄷ,pitcher,투수,추정,한화,2019,2020,2
69995,서호철,ㅅㅎㅊ,hitter,내야수,네이버,NC,2020,2026,6
53560,석상호,ㅅㅅㅎ,pitcher,투수,추정,롯데,2023,2023,1
52804,석정우,ㅅㅈㅇ,hitter,내야수,네이버,SSG,2022,2026,3
68159,성동현,ㅅㄷㅎ,pitcher,투수,추정,LG,2018,2026,5
54610,성영탁,ㅅㅇㅌ,pitcher,투수,추정,KIA,2025,2026,2
79222,성영훈,ㅅㅇㅎ,pitcher,투수,추정,두산,2017,2017,1
62406,성의준,ㅅㅇㅈ,hitter,야수,추정,삼성,2013,2017,3
50109,성재헌,ㅅㅈㅎ,pitcher,투수,추정,KT,2020,2024,2
63810,세든,ㅅㄷ,pitcher,투수,추정,SK,2013,2016,3
56236,세베리노,ㅅㅂㄹㄴ,hitter,내야수,네이버,두산,2026,2026,1
62698,소사,ㅅㅅ,pitcher,투수,추정,SK,2013,2019,7
67962,소이현,ㅅㅇㅎ,pitcher,투수,추정,NC,2019,2025,5
52630,소크라테스,ㅅㅋㄹㅌㅅ,hitter,야수,추정,KIA,2022,2024,3
50030,소형준,ㅅㅎㅈ,pitcher,투수,추정,KT,2020,2026,7
63619,손동욱,ㅅㄷㅇ,pitcher,투수,추정,넥센,2013,2017,2
69041,손동현,ㅅㄷㅎ,pitcher,투수,추정,KT,2019,2026,6
53057,손민석,ㅅㅁㅅ,hitter,야수,추정,KT,2023,2023,1
97571,손민한,ㅅㅁㅎ,hitter,야수,추정,NC,2013,2015,3
51528,손성빈,ㅅㅅㅂ,hitter,포수,네이버,롯데,2021,2026,5
75321,손승락,ㅅㅅㄹ,hitter,야수,추정,롯데,2013,2019,7
73213,손시헌,ㅅㅅㅎ,hitter,야수,추정,NC,2013,2019,7
77532,손아섭,ㅅㅇㅅ,hitter,외야수,네이버,두산,2013,2026,14
76639,손영민,ㅅㅇㅁ,hitter,야수,추정,KIA,2017,2017,1
76536,손용석,ㅅㅇㅅ,hitter,야수,추정,롯데,2013,2016,4
54156,손용준,ㅅㅇㅈ,hitter,내야수,네이버,LG,2025,2026,2
63914,손정욱,ㅅㅈㅇ,pitcher,투수,추정,NC,2013,2021,5
67143,손주영,ㅅㅈㅇ,pitcher,투수,추정,LG,2017,2026,8
72456,손주인,ㅅㅈㅇ,hitter,야수,추정,삼성,2013,2019,7
54904,손주환,ㅅㅈㅎ,pitcher,투수,추정,NC,2024,2026,3
54363,손현기,ㅅㅎㄱ,pitcher,투수,추정,키움,2024,2025,2
50150,손호영,ㅅㅎㅇ,hitter,외야수,네이버,롯데,2020,2026,7
55300,손힘찬,ㅅㅎㅊ,pitcher,투수,추정,키움,2025,2025,1
76753,송광민,ㅅㄱㅁ,hitter,야수,추정,한화,2013,2020,8
53105,송대현,ㅅㄷㅎ,hitter,내야수,네이버,LG,2023,2023,1
69962,송명기,ㅅㅁㄱ,pitcher,투수,추정,NC,2019,2026,7
64012,송민섭,ㅅㅁㅅ,hitter,야수,추정,KT,2015,2025,9
65357,송성문,ㅅㅅㅁ,hitter,내야수,네이버,키움,2015,2025,9
51111,송승기,ㅅㅅㄱ,pitcher,투수,추정,LG,2022,2026,4
77591,송승준,ㅅㅅㅈ,pitcher,투수,추정,롯데,2013,2020,8
69203,송승환,ㅅㅅㅎ,hitter,야수,추정,NC,2019,2025,5
99314,송신영,ㅅㅅㅇ,pitcher,투수,추정,한화,2013,2017,5
53898,송영진,ㅅㅇㅈ,pitcher,투수,추정,SSG,2023,2025,3
65362,송우현,ㅅㅇㅎ,hitter,야수,추정,키움,2020,2021,2
61156,송윤준,ㅅㅇㅈ,pitcher,투수,추정,한화,2013,2023,5
73801,송은범,ㅅㅇㅂ,pitcher,투수,추정,삼성,2013,2025,13
53303,송재선,ㅅㅈㅅ,hitter,야수,추정,키움,2023,2023,1
51594,송재영,ㅅㅈㅇ,pitcher,투수,추정,롯데,2021,2025,3
52391,송정인,ㅅㅈㅇ,pitcher,투수,추정,키움,2022,2022,1
60404,송주호,ㅅㅈㅎ,hitter,야수,추정,한화,2013,2016,4
64469,송준석,ㅅㅈㅅ,hitter,야수,추정,삼성,2018,2023,6
96761,송지만,ㅅㅈㅁ,hitter,야수,추정,넥센,2013,2013,1
54394,송지후,ㅅㅈㅎ,hitter,내야수,네이버,키움,2024,2026,3
68110,송찬의,ㅅㅊㅇ,hitter,외야수,네이버,LG,2022,2026,5
74731,송창식,ㅅㅊㅅ,pitcher,투수,추정,한화,2013,2019,7
63791,송창현,ㅅㅊㅎ,pitcher,투수,추정,한화,2013,2019,4
51767,송호정,ㅅㅎㅈ,hitter,내야수,네이버,한화,2021,2021,1
67606,송후섭,ㅅㅎㅅ,pitcher,투수,추정,KIA,2022,2022,1
52457,수아레즈,ㅅㅇㄹㅈ,pitcher,투수,추정,삼성,2022,2023,2
51136,수아레즈,ㅅㅇㄹㅈ,pitcher,투수,추정,LG,2021,2021,1
53040,슐서,ㅅㅅ,pitcher,투수,추정,KT,2023,2023,1
56011,스기모토,ㅅㄱㅁㅌ,pitcher,투수,추정,KT,2026,2026,1
64158,스나이더,ㅅㄴㅇㄷ,hitter,야수,추정,넥센,2014,2015,2
69901,스몰린스키,ㅅㅁㄹㅅㅋ,hitter,야수,추정,NC,2019,2019,1
53734,스미스,ㅅㅁㅅ,pitcher,투수,추정,한화,2023,2023,1
51334,스미스,ㅅㅁㅅ,pitcher,투수,추정,키움,2021,2021,1
65219,스와잭,ㅅㅇㅈ,pitcher,투수,추정,두산,2015,2015,1
64864,스캇,ㅅㅋ,hitter,야수,추정,SK,2014,2014,1
67935,스크럭스,ㅅㅋㄹㅅ,hitter,야수,추정,NC,2017,2018,2
54615,스타우트,ㅅㅌㅇㅌ,pitcher,투수,추정,KIA,2024,2024,1
52234,스탁,ㅅㅌ,pitcher,투수,추정,두산,2022,2022,1
55326,스톤,ㅅㅌ,hitter,외야수,네이버,키움,2025,2025,1
65931,스튜어트,ㅅㅌㅇㅌ,pitcher,투수,추정,NC,2015,2016,2
50558,스트레일리,ㅅㅌㄹㅇㄹ,pitcher,투수,추정,롯데,2020,2023,4
55013,스티븐슨,ㅅㅌㅂㅅ,hitter,야수,추정,KT,2025,2025,1
65658,스틴슨,ㅅㅌㅅ,hitter,야수,추정,KIA,2015,2015,1
52557,스파크맨,ㅅㅍㅋㅁ,pitcher,투수,추정,롯데,2022,2022,1
54843,시라카와,ㅅㄹㅋㅇ,pitcher,투수,추정,KIA,2024,2026,2
64049,시스코,ㅅㅅㅋ,pitcher,투수,추정,KT,2015,2015,1
56567,신동건,ㅅㄷㄱ,pitcher,투수,추정,롯데,2026,2026,1
62160,신동훈,ㅅㄷㅎ,pitcher,투수,추정,LG,2014,2014,1
71504,신명철,ㅅㅁㅊ,hitter,야수,추정,KT,2013,2015,2
65207,신민재,ㅅㅁㅈ,hitter,내야수,네이버,LG,2019,2026,8
68902,신민혁,ㅅㅁㅎ,pitcher,투수,추정,NC,2020,2026,7
66662,신범수,ㅅㅂㅅ,hitter,포수,네이버,SSG,2018,2026,7
68067,신병률,ㅅㅂㄹ,hitter,야수,추정,KT,2018,2018,1
62556,신본기,ㅅㅂㄱ,hitter,야수,추정,KT,2013,2024,11
56808,신상연,ㅅㅅㅇ,pitcher,투수,추정,SSG,2026,2026,1
64086,신성현,ㅅㅅㅎ,hitter,야수,추정,두산,2015,2023,9
53989,신성호,ㅅㅅㅎ,hitter,내야수,네이버,NC,2026,2026,1
70839,신승현,ㅅㅅㅎ,pitcher,투수,추정,LG,2013,2017,5
53919,신영우,ㅅㅇㅇ,pitcher,투수,추정,NC,2024,2026,3
53991,신용석,ㅅㅇㅅ,hitter,야수,추정,NC,2024,2024,1
72649,신용운,ㅅㅇㅇ,pitcher,투수,추정,삼성,2013,2016,3
94126,신윤호,ㅅㅇㅎ,pitcher,투수,추정,SK,2014,2014,1
69508,신윤후,ㅅㅇㅎ,hitter,외야수,네이버,롯데,2019,2026,8
62937,신재영,ㅅㅈㅇ,pitcher,투수,추정,SSG,2016,2022,7
75138,신재웅,ㅅㅈㅇ,pitcher,투수,추정,SSG,2013,2021,9
56909,신재인,ㅅㅈㅇ,hitter,내야수,네이버,NC,2026,2026,1
60140,신정락,ㅅㅈㄹ,pitcher,투수,추정,롯데,2013,2023,9
61830,신정익,ㅅㅈㅇ,pitcher,투수,추정,SK,2013,2013,1
72559,신종길,ㅅㅈㄱ,hitter,야수,추정,KIA,2013,2017,5
50312,신준우,ㅅㅈㅇ,hitter,야수,추정,키움,2021,2024,4
55860,신지환,ㅅㅈㅎ,pitcher,투수,추정,SSG,2025,2025,1
50758,신지후,ㅅㅈㅎ,pitcher,투수,추정,한화,2021,2021,1
67944,신진호,ㅅㅈㅎ,hitter,야수,추정,NC,2017,2018,2
76140,신창호,ㅅㅊㅎ,pitcher,투수,추정,KIA,2013,2015,3
52873,신헌민,ㅅㅎㅁ,pitcher,투수,추정,SSG,2022,2024,3
76304,신현철,ㅅㅎㅊ,hitter,야수,추정,KT,2013,2016,3
64594,심규범,ㅅㄱㅂ,pitcher,투수,추정,NC,2014,2018,3
60636,심동섭,ㅅㄷㅅ,hitter,야수,추정,KIA,2013,2018,6
74167,심수창,ㅅㅅㅊ,pitcher,투수,추정,LG,2014,2019,6
64006,심우준,ㅅㅇㅈ,hitter,내야수,네이버,한화,2015,2026,11
64017,심재민,ㅅㅈㅁ,pitcher,투수,추정,롯데,2015,2025,8
55438,심재훈,ㅅㅈㅎ,hitter,내야수,네이버,삼성,2025,2026,2
61411,심창민,ㅅㅊㅁ,pitcher,투수,추정,NC,2013,2023,10
54306,심휘윤,ㅅㅎㅇ,hitter,외야수,네이버,키움,2024,2024,1
63940,아담,ㅇㄷ,pitcher,투수,추정,NC,2013,2013,1
56613,아데를린,ㅇㄷㄹㄹ,hitter,야수,추정,KIA,2026,2026,1
68435,아델만,ㅇㄷㅁ,pitcher,투수,추정,삼성,2018,2018,1
65523,아두치,ㅇㄷㅊ,hitter,야수,추정,롯데,2015,2016,2
56801,아빌라,ㅇㅂㄹ,pitcher,투수,추정,SSG,2026,2026,1
69530,아수아헤,ㅇㅅㅇㅎ,hitter,야수,추정,롯데,2019,2019,1
50202,안권수,ㅇㄱㅅ,hitter,야수,추정,롯데,2020,2023,4
61215,안규영,ㅇㄱㅇ,pitcher,투수,추정,두산,2013,2017,3
64462,안규현,ㅇㄱㅎ,pitcher,투수,추정,삼성,2017,2017,1
66864,안상현,ㅇㅅㅎ,hitter,내야수,네이버,SSG,2018,2026,8
63027,안성무,ㅇㅅㅁ,pitcher,투수,추정,삼성,2017,2018,2
60713,안승민,ㅇㅅㅁ,pitcher,투수,추정,한화,2013,2013,1
64011,안승한,ㅇㅅㅎ,hitter,야수,추정,두산,2019,2024,4
73738,안영명,ㅇㅇㅁ,pitcher,투수,추정,KT,2014,2022,9
68341,안우진,ㅇㅇㅈ,pitcher,투수,추정,키움,2018,2026,7
65115,안익훈,ㅇㅇㅎ,hitter,야수,추정,LG,2015,2024,8
50901,안인산,ㅇㅇㅅ,hitter,내야수,네이버,KT,2021,2026,3
51203,안재석,ㅇㅈㅅ,hitter,내야수,네이버,두산,2021,2026,5
60865,안정광,ㅇㅈㄱ,hitter,야수,추정,SK,2014,2015,2
66406,안주형,ㅇㅈㅎ,hitter,야수,추정,삼성,2017,2025,7
64022,안중열,ㅇㅈㅇ,hitter,포수,네이버,NC,2015,2026,10
72463,안지만,ㅇㅈㅁ,pitcher,투수,추정,삼성,2013,2016,4
67006,안치영,ㅇㅊㅇ,hitter,외야수,네이버,KT,2017,2026,6
72161,안치용,ㅇㅊㅇ,hitter,야수,추정,SK,2013,2013,1
79608,안치홍,ㅇㅊㅎ,hitter,내야수,네이버,키움,2013,2026,13
74460,안태영,ㅇㅌㅇ,hitter,야수,추정,넥센,2013,2014,2
52001,안현민,ㅇㅎㅁ,hitter,외야수,네이버,KT,2024,2026,3
64041,안현준,ㅇㅎㅈ,pitcher,투수,추정,KT,2015,2020,3
54664,알드레드,ㅇㄷㄹㄷ,pitcher,투수,추정,KIA,2024,2024,1
51004,알몬테,ㅇㅁㅌ,hitter,외야수,네이버,KT,2021,2021,1
69045,알칸타라,ㅇㅋㅌㄹ,pitcher,투수,추정,키움,2019,2026,6
50923,알테어,ㅇㅌㅇ,hitter,외야수,네이버,NC,2020,2021,2
52009,알포드,ㅇㅍㄷ,hitter,야수,추정,KT,2022,2023,2
67559,애디튼,ㅇㄷㅌ,pitcher,투수,추정,롯데,2017,2017,1
52308,애플러,ㅇㅍㄹ,hitter,투수,네이버,키움,2022,2022,1
54833,앤더슨,ㅇㄷㅅ,pitcher,투수,추정,SSG,2024,2025,2
53664,앤더슨,ㅇㄷㅅ,pitcher,투수,추정,KIA,2023,2023,1
62644,앤서니,ㅇㅅㄴ,hitter,야수,추정,KIA,2013,2013,1
64737,앨버스,ㅇㅂㅅ,pitcher,투수,추정,한화,2014,2014,1
54408,양도근,ㅇㄷㄱ,hitter,내야수,네이버,삼성,2024,2025,2
64153,양석환,ㅇㅅㅎ,hitter,내야수,네이버,두산,2015,2026,11
50813,양선률,ㅇㅅㄹ,pitcher,투수,추정,SSG,2020,2021,2
62797,양성우,ㅇㅅㅇ,hitter,야수,추정,한화,2013,2020,6
69646,양승철,ㅇㅅㅊ,pitcher,투수,추정,KIA,2019,2020,2
68002,양승혁,ㅇㅅㅎ,hitter,야수,추정,KT,2022,2022,1
76459,양영동,ㅇㅇㄷ,hitter,야수,추정,LG,2013,2013,1
56165,양우진,ㅇㅇㅈ,pitcher,투수,추정,LG,2026,2026,1
69403,양우현,ㅇㅇㅎ,hitter,내야수,네이버,삼성,2019,2026,5
64117,양원혁,ㅇㅇㅎ,hitter,야수,추정,LG,2015,2019,3
76232,양의지,ㅇㅇㅈ,hitter,포수,네이버,두산,2013,2026,14
55215,양재훈,ㅇㅈㅎ,hitter,투수,네이버,두산,2025,2026,2
79530,양종민,ㅇㅈㅁ,hitter,야수,추정,LG,2013,2019,5
67365,양지율,ㅇㅈㅇ,pitcher,투수,추정,키움,2019,2025,5
50293,양찬열,ㅇㅊㅇ,hitter,야수,추정,두산,2020,2024,4
68415,양창섭,ㅇㅊㅅ,pitcher,투수,추정,삼성,2018,2026,7
61268,양현,ㅇㅎ,pitcher,투수,추정,삼성,2015,2026,10
55370,양현종,ㅇㅎㅈ,hitter,내야수,네이버,키움,2025,2026,2
77637,양현종,ㅇㅎㅈ,pitcher,투수,추정,KIA,2013,2026,13
75750,양훈,ㅇㅎ,pitcher,투수,추정,넥센,2015,2017,3
64641,어센시오,ㅇㅅㅅㅇ,hitter,야수,추정,KIA,2014,2014,1
65036,어윈,ㅇㅇ,pitcher,투수,추정,KT,2015,2015,1
55392,어준서,ㅇㅈㅅ,hitter,내야수,네이버,키움,2025,2026,2
65056,엄상백,ㅇㅅㅂ,pitcher,투수,추정,한화,2015,2026,11
70855,엄정욱,ㅇㅈㅇ,pitcher,투수,추정,SK,2014,2014,1
55631,엄준현,ㅇㅈㅎ,hitter,내야수,네이버,KIA,2026,2026,1
62748,엄태용,ㅇㅌㅇ,hitter,야수,추정,한화,2013,2014,2
53827,에레디아,ㅇㄹㄷㅇ,hitter,외야수,네이버,SSG,2023,2026,4
56712,에르난데스,ㅇㄹㄴㄷㅅ,pitcher,투수,추정,한화,2026,2026,1
54119,에르난데스,ㅇㄹㄴㄷㅅ,pitcher,투수,추정,LG,2024,2025,2
65630,에반,ㅇㅂ,hitter,야수,추정,KIA,2015,2015,1
66244,에반스,ㅇㅂㅅ,hitter,야수,추정,두산,2016,2017,2
54134,엔스,ㅇㅅ,pitcher,투수,추정,LG,2024,2024,1
53825,엘리아스,ㅇㄹㅇㅅ,pitcher,투수,추정,SSG,2023,2024,2
79825,여건욱,ㅇㄱㅇ,pitcher,투수,추정,LG,2013,2020,6
54205,여동건,ㅇㄷㄱ,hitter,내야수,네이버,두산,2024,2025,2
55393,여동욱,ㅇㄷㅇ,hitter,내야수,네이버,키움,2025,2026,2
76743,연경흠,ㅇㄱㅎ,hitter,야수,추정,한화,2013,2013,1
55339,염승원,ㅇㅅㅇ,hitter,내야수,네이버,키움,2025,2026,2
68330,예진원,ㅇㅈㅇ,hitter,외야수,네이버,KIA,2018,2024,6
67748,오간도,ㅇㄱㄷ,pitcher,투수,추정,한화,2017,2017,1
53712,오그레디,ㅇㄱㄹㄷ,hitter,야수,추정,한화,2023,2023,1
62022,오두철,ㅇㄷㅊ,hitter,야수,추정,KIA,2014,2014,1
56464,오러클린,ㅇㄹㅋㄹ,pitcher,투수,추정,삼성,2026,2026,1
50208,오명진,ㅇㅁㅈ,hitter,내야수,네이버,두산,2020,2026,5
53300,오상원,ㅇㅅㅇ,pitcher,투수,추정,키움,2023,2023,1
55005,오서진,ㅇㅅㅈ,hitter,내야수,네이버,KT,2025,2026,2
67116,오석주,ㅇㅅㅈ,pitcher,투수,추정,키움,2019,2026,7
69636,오선우,ㅇㅅㅇ,hitter,내야수,네이버,KIA,2019,2026,7
78756,오선진,ㅇㅅㅈ,hitter,내야수,네이버,키움,2013,2026,12
67312,오설리반,ㅇㅅㄹㅂ,pitcher,투수,추정,넥센,2017,2017,1
53123,오스틴,ㅇㅅㅌ,hitter,내야수,네이버,LG,2023,2026,4
75421,오승환,ㅇㅅㅎ,pitcher,투수,추정,삼성,2013,2025,7
68904,오영수,ㅇㅇㅅ,hitter,내야수,네이버,NC,2018,2026,7
50859,오원석,ㅇㅇㅅ,pitcher,투수,추정,KT,2020,2026,7
70312,오윤,ㅇㅇ,hitter,야수,추정,넥센,2013,2014,2
64504,오윤석,ㅇㅇㅅ,hitter,내야수,네이버,KT,2015,2026,10
67360,오윤성,ㅇㅇㅅ,pitcher,투수,추정,넥센,2017,2017,1
51991,오장한,ㅇㅈㅎ,hitter,외야수,네이버,NC,2021,2026,3
79544,오장훈,ㅇㅈㅎ,pitcher,투수,추정,두산,2015,2015,1
56754,오재원,ㅇㅈㅇ,hitter,외야수,네이버,한화,2026,2026,1
77248,오재원,ㅇㅈㅇ,hitter,야수,추정,두산,2013,2022,10
75334,오재일,ㅇㅈㅇ,hitter,야수,추정,KT,2013,2024,12
75736,오재필,ㅇㅈㅍ,hitter,야수,추정,한화,2013,2013,1
79453,오정복,ㅇㅈㅂ,hitter,야수,추정,KT,2014,2018,5
68614,오정환,ㅇㅈㅎ,hitter,내야수,네이버,KIA,2019,2021,2
74359,오주원,ㅇㅈㅇ,pitcher,투수,추정,키움,2013,2021,9
61743,오준혁,ㅇㅈㅎ,hitter,야수,추정,SSG,2015,2022,8
77641,오준형,ㅇㅈㅎ,pitcher,투수,추정,KIA,2013,2013,1
79109,오지환,ㅇㅈㅎ,hitter,내야수,네이버,LG,2013,2026,14
60558,오태곤,ㅇㅌㄱ,hitter,외야수,네이버,SSG,2014,2026,13
51996,오태양,ㅇㅌㅇ,hitter,내야수,네이버,NC,2021,2026,5
78850,오현근,ㅇㅎㄱ,hitter,야수,추정,롯데,2013,2016,3
79293,오현택,ㅇㅎㅌ,pitcher,투수,추정,롯데,2013,2021,8
77199,옥스프링,ㅇㅅㅍㄹ,pitcher,투수,추정,KT,2013,2015,3
55633,올러,ㅇㄹ,pitcher,투수,추정,KIA,2025,2026,2
63230,올슨,ㅇㅅ,pitcher,투수,추정,두산,2013,2013,1
53927,와이드너,ㅇㅇㄷㄴ,pitcher,투수,추정,삼성,2023,2023,1
54755,와이스,ㅇㅇㅅ,pitcher,투수,추정,한화,2024,2025,2
56334,와일스,ㅇㅇㅅ,pitcher,투수,추정,키움,2026,2026,1
56719,왕옌청,ㅇㅇㅊ,pitcher,투수,추정,한화,2026,2026,1
68948,왕웨이중,ㅇㅇㅇㅈ,pitcher,투수,추정,NC,2018,2018,1
69343,요키시,ㅇㅋㅅ,pitcher,투수,추정,NC,2019,2024,6
74223,용덕한,ㅇㄷㅎ,hitter,야수,추정,NC,2013,2016,4
51526,우강훈,ㅇㄱㅎ,pitcher,투수,추정,LG,2023,2026,4
73117,우규민,ㅇㄱㅁ,pitcher,투수,추정,KT,2013,2026,14
78454,우동균,ㅇㄷㄱ,hitter,야수,추정,삼성,2013,2017,5
64824,울프,ㅇㅍ,pitcher,투수,추정,SK,2014,2014,1
67827,워스,ㅇㅅ,hitter,야수,추정,SK,2017,2017,1
54063,원상현,ㅇㅅㅎ,pitcher,투수,추정,KT,2024,2025,2
54307,원성준,ㅇㅅㅈ,hitter,외야수,네이버,키움,2024,2026,3
76262,원용묵,ㅇㅇㅁ,hitter,야수,추정,두산,2013,2013,1
54906,원종해,ㅇㅈㅎ,pitcher,투수,추정,NC,2026,2026,1
54702,원종혁,ㅇㅈㅎ,pitcher,투수,추정,한화,2025,2026,2
76118,원종현,ㅇㅈㅎ,pitcher,투수,추정,키움,2014,2026,12
69446,원태인,ㅇㅌㅇ,pitcher,투수,추정,삼성,2019,2026,8
67760,원혁재,ㅇㅎㅈ,hitter,야수,추정,한화,2022,2022,1
64956,웨버,ㅇㅂ,pitcher,투수,추정,NC,2014,2014,1
55348,웰스,ㅇㅅ,pitcher,투수,추정,LG,2025,2026,2
66402,웹스터,ㅇㅅㅌ,pitcher,투수,추정,삼성,2016,2016,1
55645,위즈덤,ㅇㅈㄷ,hitter,내야수,네이버,KIA,2025,2025,1
69656,윌랜드,ㅇㄹㄷ,pitcher,투수,추정,KIA,2019,2019,1
53716,윌리엄스,ㅇㄹㅇㅅ,hitter,야수,추정,한화,2023,2023,1
69405,윌리엄슨,ㅇㄹㅇㅅ,hitter,야수,추정,삼성,2019,2019,1
68135,윌슨,ㅇㅅ,pitcher,투수,추정,LG,2018,2020,3
69569,윌슨,ㅇㅅ,hitter,야수,추정,롯데,2019,2019,1
53546,윌커슨,ㅇㅋㅅ,pitcher,투수,추정,롯데,2023,2024,2
61102,유강남,ㅇㄱㄴ,hitter,포수,네이버,롯데,2015,2026,12
60164,유경국,ㅇㄱㄱ,pitcher,투수,추정,LG,2016,2016,1
99639,유동훈,ㅇㄷㅎ,pitcher,투수,추정,KIA,2013,2013,1
69766,유로결,ㅇㄹㄱ,hitter,외야수,네이버,한화,2019,2025,7
62597,유먼,ㅇㅁ,pitcher,투수,추정,한화,2013,2015,3
52765,유민,ㅇㅁ,hitter,외야수,네이버,한화,2026,2026,1
62265,유민상,ㅇㅁㅅ,hitter,야수,추정,KIA,2015,2021,7
52705,유상빈,ㅇㅅㅂ,hitter,야수,추정,한화,2022,2023,2
64890,유서준,ㅇㅅㅈ,hitter,야수,추정,SSG,2015,2021,4
76322,유선정,ㅇㅅㅈ,hitter,야수,추정,넥센,2015,2015,1
67640,유승철,ㅇㅅㅊ,pitcher,투수,추정,KIA,2018,2025,6
63903,유영준,ㅇㅇㅈ,hitter,야수,추정,NC,2017,2020,3
50106,유영찬,ㅇㅇㅊ,pitcher,투수,추정,LG,2023,2026,4
76757,유원상,ㅇㅇㅅ,pitcher,투수,추정,KT,2013,2021,9
76368,유재신,ㅇㅈㅅ,hitter,야수,추정,KIA,2013,2019,7
66160,유재유,ㅇㅈㅇ,pitcher,투수,추정,두산,2016,2021,4
61604,유재혁,ㅇㅈㅎ,hitter,야수,추정,KIA,2013,2013,1
66359,유재훈,ㅇㅈㅎ,pitcher,투수,추정,넥센,2016,2016,1
51013,유준규,ㅇㅈㄱ,hitter,외야수,네이버,KT,2022,2026,3
50604,유지성,ㅇㅈㅅ,pitcher,투수,추정,KIA,2024,2025,2
61715,유창식,ㅇㅊㅅ,pitcher,투수,추정,KIA,2013,2016,4
63295,유창준,ㅇㅊㅈ,pitcher,투수,추정,두산,2013,2014,2
56348,유토,ㅇㅌ,pitcher,투수,추정,키움,2026,2026,1
74339,유한준,ㅇㅎㅈ,hitter,야수,추정,KT,2013,2021,9
79229,유희관,ㅇㅎㄱ,pitcher,투수,추정,두산,2013,2021,9
54404,육선엽,ㅇㅅㅇ,pitcher,투수,추정,삼성,2024,2026,3
54064,육청명,ㅇㅊㅁ,pitcher,투수,추정,KT,2024,2024,1
63936,윤강민,ㅇㄱㅁ,pitcher,투수,추정,SK,2013,2020,5
73750,윤규진,ㅇㄱㅈ,pitcher,투수,추정,한화,2014,2020,7
75730,윤근영,ㅇㄱㅇ,pitcher,투수,추정,KT,2013,2018,6
78730,윤기호,ㅇㄱㅎ,pitcher,투수,추정,한화,2014,2015,2
72862,윤길현,ㅇㄱㅎ,pitcher,투수,추정,롯데,2013,2019,7
63464,윤대경,ㅇㄷㄱ,pitcher,투수,추정,한화,2020,2024,5
78242,윤도경,ㅇㄷㄱ,hitter,야수,추정,KT,2015,2015,1
52667,윤도현,ㅇㄷㅎ,hitter,내야수,네이버,KIA,2023,2026,4
52591,윤동희,ㅇㄷㅎ,hitter,외야수,네이버,롯데,2022,2026,5
62242,윤명준,ㅇㅁㅈ,pitcher,투수,추정,롯데,2013,2023,9
62016,윤병호,ㅇㅂㅎ,hitter,야수,추정,NC,2015,2018,4
69213,윤산흠,ㅇㅅㅎ,pitcher,투수,추정,한화,2021,2026,5
74215,윤석민,ㅇㅅㅁ,hitter,야수,추정,SK,2013,2020,8
75620,윤석민,ㅇㅅㅁ,pitcher,투수,추정,KIA,2013,2018,4
52395,윤석원,ㅇㅅㅇ,pitcher,투수,추정,키움,2023,2026,4
79840,윤석주,ㅇㅅㅈ,pitcher,투수,추정,SK,2015,2015,1
67588,윤성빈,ㅇㅅㅂ,pitcher,투수,추정,롯데,2018,2026,6
74454,윤성환,ㅇㅅㅎ,pitcher,투수,추정,삼성,2013,2020,8
62537,윤수강,ㅇㅅㄱ,hitter,야수,추정,NC,2015,2020,4
53505,윤수녕,ㅇㅅㄴ,hitter,외야수,네이버,롯데,2023,2023,1
65064,윤수호,ㅇㅅㅎ,pitcher,투수,추정,두산,2017,2018,2
61456,윤영삼,ㅇㅇㅅ,pitcher,투수,추정,키움,2014,2019,4
65405,윤영수,ㅇㅇㅅ,hitter,야수,추정,삼성,2015,2015,1
53613,윤영철,ㅇㅇㅊ,pitcher,투수,추정,KIA,2023,2025,3
78892,윤요섭,ㅇㅇㅅ,hitter,야수,추정,KT,2013,2017,5
68463,윤정빈,ㅇㅈㅂ,hitter,외야수,네이버,삼성,2022,2026,5
61652,윤정우,ㅇㅈㅇ,hitter,야수,추정,SK,2016,2018,2
69399,윤정현,ㅇㅈㅎ,pitcher,투수,추정,키움,2019,2024,6
50092,윤준혁,ㅇㅈㅎ,hitter,내야수,네이버,NC,2024,2026,3
53296,윤준호,ㅇㅈㅎ,hitter,포수,네이버,두산,2024,2026,2
68619,윤중현,ㅇㅈㅎ,pitcher,투수,추정,KIA,2021,2025,5
79869,윤중환,ㅇㅈㅎ,hitter,야수,추정,SK,2015,2015,1
61329,윤지웅,ㅇㅈㅇ,pitcher,투수,추정,NC,2014,2019,6
79198,윤진호,ㅇㅈㅎ,hitter,야수,추정,LG,2015,2019,5
52867,윤태현,ㅇㅌㅎ,pitcher,투수,추정,SSG,2022,2022,1
52202,윤태호,ㅇㅌㅎ,pitcher,투수,추정,두산,2025,2026,2
62668,윤해진,ㅇㅎㅈ,hitter,야수,추정,KIA,2013,2019,5
55396,윤현,ㅇㅎ,pitcher,투수,추정,키움,2025,2025,1
63905,윤형준,ㅇㅎㅈ,hitter,야수,추정,NC,2018,2023,4
63961,윤호솔,ㅇㅎㅅ,pitcher,투수,추정,LG,2014,2024,7
74838,윤희상,ㅇㅎㅅ,pitcher,투수,추정,SK,2013,2020,7
56006,이강민,ㅇㄱㅁ,hitter,내야수,네이버,KT,2026,2026,1
50036,이강준,ㅇㄱㅈ,pitcher,투수,추정,키움,2020,2025,4
50819,이거연,ㅇㄱㅇ,hitter,야수,추정,SK,2020,2020,1
64861,이건욱,ㅇㄱㅇ,pitcher,투수,추정,SSG,2016,2026,8
61569,이경우,ㅇㄱㅇ,pitcher,투수,추정,롯데,2015,2016,2
69205,이교훈,ㅇㄱㅎ,pitcher,투수,추정,한화,2020,2026,5
52868,이기순,ㅇㄱㅅ,pitcher,투수,추정,SSG,2023,2026,3
72860,이대수,ㅇㄷㅅ,hitter,야수,추정,SK,2013,2018,6
67008,이대은,ㅇㄷㅇ,hitter,야수,추정,KT,2019,2021,3
73153,이대형,ㅇㄷㅎ,hitter,야수,추정,KT,2013,2019,7
71564,이대호,ㅇㄷㅎ,hitter,야수,추정,롯데,2017,2022,6
72333,이대환,ㅇㄷㅎ,pitcher,투수,추정,NC,2013,2015,2
65703,이도윤,ㅇㄷㅇ,hitter,내야수,네이버,한화,2018,2026,8
53615,이도현,ㅇㄷㅎ,pitcher,투수,추정,KIA,2025,2025,1
56708,이도훈,ㅇㄷㅎ,hitter,외야수,네이버,한화,2026,2026,1
77452,이동걸,ㅇㄷㄱ,pitcher,투수,추정,한화,2013,2018,6
62294,이동원,ㅇㄷㅇ,pitcher,투수,추정,두산,2020,2020,1
71118,이동현,ㅇㄷㅎ,pitcher,투수,추정,LG,2013,2019,7
63606,이동훈,ㅇㄷㅎ,hitter,야수,추정,KIA,2013,2013,1
53892,이로운,ㅇㄹㅇ,pitcher,투수,추정,SSG,2023,2026,4
76849,이명기,ㅇㅁㄱ,hitter,야수,추정,한화,2013,2024,12
72535,이명우,ㅇㅁㅇ,pitcher,투수,추정,롯데,2013,2018,6
52397,이명종,ㅇㅁㅈ,pitcher,투수,추정,키움,2022,2024,3
78694,이명환,ㅇㅁㅎ,hitter,야수,추정,NC,2013,2013,1
52530,이민석,ㅇㅁㅅ,pitcher,투수,추정,롯데,2022,2026,5
65616,이민우,ㅇㅁㅇ,pitcher,투수,추정,한화,2017,2026,9
55710,이민재,ㅇㅁㅈ,hitter,외야수,네이버,한화,2025,2025,1
61194,이민재,ㅇㅁㅈ,hitter,외야수,네이버,LG,2015,2015,1
53795,이민준,ㅇㅁㅈ,hitter,내야수,네이버,한화,2023,2023,1
50126,이민호,ㅇㅁㅎ,pitcher,투수,추정,LG,2020,2026,5
51110,이믿음,ㅇㅁㅇ,pitcher,투수,추정,LG,2024,2024,1
70756,이범호,ㅇㅂㅎ,hitter,야수,추정,KIA,2013,2019,7
67363,이병규,ㅇㅂㄱ,hitter,야수,추정,키움,2022,2023,2
76100,이병규,ㅇㅂㄱ,hitter,야수,추정,롯데,2013,2021,9
97109,이병규,ㅇㅂㄱ,hitter,야수,추정,LG,2013,2016,4
52204,이병헌,ㅇㅂㅎ,pitcher,투수,추정,두산,2022,2026,5
69428,이병헌,ㅇㅂㅎ,hitter,포수,네이버,삼성,2022,2026,5
75342,이보근,ㅇㅂㄱ,pitcher,투수,추정,KT,2013,2021,7
63737,이브랜드,ㅇㅂㄹㄷ,hitter,야수,추정,한화,2013,2013,1
65117,이상규,ㅇㅅㄱ,pitcher,투수,추정,한화,2019,2026,7
69054,이상동,ㅇㅅㄷ,pitcher,투수,추정,KT,2019,2026,7
63960,이상민,ㅇㅅㅁ,pitcher,투수,추정,삼성,2013,2025,10
60864,이상백,ㅇㅅㅂ,pitcher,투수,추정,SK,2014,2014,1
96720,이상열,ㅇㅅㅇ,pitcher,투수,추정,LG,2013,2014,2
69168,이상영,ㅇㅅㅇ,pitcher,투수,추정,LG,2019,2026,5
52063,이상우,ㅇㅅㅇ,hitter,투수,네이버,KT,2022,2022,1
52704,이상혁,ㅇㅅㅎ,hitter,외야수,네이버,한화,2023,2025,3
60566,이상호,ㅇㅅㅎ,hitter,야수,추정,KT,2013,2023,10
77563,이상화,ㅇㅅㅎ,pitcher,투수,추정,KT,2013,2020,7
60724,이상훈,ㅇㅅㅎ,hitter,야수,추정,삼성,2013,2016,4
56563,이서준,ㅇㅅㅈ,hitter,내야수,네이버,롯데,2026,2026,1
55224,이선우,ㅇㅅㅇ,hitter,내야수,네이버,두산,2025,2025,1
54595,이선우,ㅇㅅㅇ,hitter,외야수,네이버,롯데,2024,2024,1
69068,이선우,ㅇㅅㅇ,pitcher,투수,추정,KT,2019,2024,4
64266,이성곤,ㅇㅅㄱ,hitter,야수,추정,한화,2014,2023,8
66409,이성규,ㅇㅅㄱ,hitter,외야수,네이버,삼성,2016,2026,9
63935,이성민,ㅇㅅㅁ,pitcher,투수,추정,롯데,2013,2016,4
73136,이성열,ㅇㅅㅇ,hitter,야수,추정,한화,2013,2021,9
71184,이성우,ㅇㅅㅇ,hitter,야수,추정,LG,2013,2021,9
55632,이성원,ㅇㅅㅇ,hitter,투수,네이버,KIA,2025,2025,1
64464,이수민,ㅇㅅㅁ,pitcher,투수,추정,삼성,2014,2022,3
68797,이승관,ㅇㅅㄱ,pitcher,투수,추정,한화,2021,2022,2
50464,이승민,ㅇㅅㅁ,pitcher,투수,추정,삼성,2020,2026,6
54806,이승민,ㅇㅅㅁ,hitter,외야수,네이버,SSG,2025,2025,1
68211,이승민,ㅇㅅㅁ,hitter,야수,추정,두산,2020,2020,1
95436,이승엽,ㅇㅅㅇ,hitter,야수,추정,삼성,2013,2017,5
53302,이승원,ㅇㅅㅇ,hitter,내야수,네이버,키움,2023,2025,3
51668,이승재,ㅇㅅㅈ,pitcher,투수,추정,KIA,2021,2022,2
76553,이승재,ㅇㅅㅈ,hitter,야수,추정,NC,2014,2014,1
64805,이승진,ㅇㅅㅈ,pitcher,투수,추정,두산,2018,2023,6
68529,이승헌,ㅇㅅㅎ,pitcher,투수,추정,롯데,2019,2026,5
68910,이승헌,ㅇㅅㅎ,pitcher,투수,추정,NC,2020,2021,2
51454,이승현,ㅇㅅㅎ,pitcher,투수,추정,삼성,2021,2026,6
60146,이승현,ㅇㅅㅎ,pitcher,투수,추정,삼성,2015,2026,12
55712,이승현,ㅇㅅㅎ,hitter,내야수,네이버,한화,2025,2025,1
67603,이승호,ㅇㅅㅎ,pitcher,투수,추정,키움,2018,2023,6
70820,이승호,ㅇㅅㅎ,pitcher,투수,추정,NC,2013,2015,2
66702,이시원,ㅇㅅㅇ,hitter,야수,추정,KT,2016,2023,8
74148,이시찬,ㅇㅅㅊ,hitter,야수,추정,한화,2013,2015,3
73725,이양기,ㅇㅇㄱ,hitter,야수,추정,한화,2013,2017,4
76435,이여상,ㅇㅇㅅ,hitter,야수,추정,롯데,2013,2016,3
51100,이영빈,ㅇㅇㅂ,hitter,내야수,네이버,LG,2021,2026,5
78467,이영욱,ㅇㅇㅇ,hitter,야수,추정,KIA,2014,2018,5
73825,이영욱,ㅇㅇㅇ,pitcher,투수,추정,SK,2013,2013,1
55503,이영재,ㅇㅇㅈ,pitcher,투수,추정,롯데,2025,2026,2
64051,이영준,ㅇㅇㅈ,pitcher,투수,추정,키움,2017,2023,6
66291,이영하,ㅇㅇㅎ,pitcher,투수,추정,두산,2017,2026,10
74163,이용규,ㅇㅇㄱ,hitter,외야수,네이버,키움,2013,2025,12
51948,이용준,ㅇㅇㅈ,pitcher,투수,추정,NC,2021,2026,5
77211,이용찬,ㅇㅇㅊ,pitcher,투수,추정,두산,2013,2026,13
77253,이용호,ㅇㅇㅎ,pitcher,투수,추정,두산,2015,2017,3
71565,이우민,ㅇㅇㅁ,hitter,야수,추정,롯데,2013,2017,5
65964,이우석,ㅇㅇㅅ,pitcher,투수,추정,NC,2018,2023,5
79442,이우선,ㅇㅇㅅ,pitcher,투수,추정,삼성,2013,2014,2
63260,이우성,ㅇㅇㅅ,hitter,외야수,네이버,NC,2016,2026,11
61145,이우찬,ㅇㅇㅊ,pitcher,투수,추정,LG,2016,2026,10
68700,이원석,ㅇㅇㅅ,hitter,외야수,네이버,한화,2019,2026,7
75566,이원석,ㅇㅇㅅ,hitter,야수,추정,키움,2013,2025,12
52295,이원재,ㅇㅇㅈ,pitcher,투수,추정,두산,2023,2023,1
62025,이원재,ㅇㅇㅈ,hitter,야수,추정,NC,2017,2021,5
77229,이원재,ㅇㅇㅈ,hitter,야수,추정,두산,2015,2015,1
67863,이원준,ㅇㅇㅈ,pitcher,외야수,네이버,SK,2018,2020,3
67207,이유찬,ㅇㅇㅊ,hitter,내야수,네이버,두산,2018,2026,8
61865,이윤재,ㅇㅇㅈ,hitter,야수,추정,SK,2018,2018,1
63137,이윤학,ㅇㅇㅎ,pitcher,투수,추정,KT,2015,2015,1
55832,이율예,ㅇㅇㅇ,hitter,포수,네이버,SSG,2025,2025,1
64602,이은총,ㅇㅇㅊ,hitter,야수,추정,KIA,2015,2015,1
51648,이의리,ㅇㅇㄹ,pitcher,투수,추정,KIA,2021,2026,6
56503,이이무라,ㅇㅇㅁㄹ,pitcher,투수,추정,롯데,2026,2026,1
73563,이인구,ㅇㅇㄱ,hitter,야수,추정,롯데,2013,2013,1
64565,이인복,ㅇㅇㅂ,pitcher,투수,추정,롯데,2014,2024,8
50608,이인한,ㅇㅇㅎ,hitter,외야수,네이버,롯데,2024,2025,2
60648,이인행,ㅇㅇㅎ,hitter,야수,추정,KIA,2015,2019,4
68901,이인혁,ㅇㅇㅎ,hitter,야수,추정,NC,2018,2019,2
77566,이재곤,ㅇㅈㄱ,pitcher,투수,추정,롯데,2013,2015,2
67092,이재근,ㅇㅈㄱ,hitter,야수,추정,KT,2017,2017,1
52715,이재민,ㅇㅈㅁ,pitcher,투수,추정,한화,2022,2022,1
54305,이재상,ㅇㅈㅅ,hitter,내야수,네이버,키움,2024,2025,2
72216,이재영,ㅇㅈㅇ,hitter,야수,추정,SK,2013,2015,3
67993,이재용,ㅇㅈㅇ,hitter,야수,추정,한화,2022,2023,2
71260,이재우,ㅇㅈㅇ,pitcher,투수,추정,한화,2013,2016,4
56005,이재원,ㅇㅈㅇ,hitter,외야수,네이버,KT,2026,2026,1
68106,이재원,ㅇㅈㅇ,hitter,외야수,네이버,LG,2020,2026,5
76812,이재원,ㅇㅈㅇ,hitter,포수,네이버,한화,2013,2025,13
66968,이재율,ㅇㅈㅇ,hitter,야수,추정,NC,2016,2021,5
63492,이재익,ㅇㅈㅇ,pitcher,투수,추정,삼성,2020,2026,7
60263,이재학,ㅇㅈㅎ,pitcher,투수,추정,NC,2013,2024,12
52415,이재현,ㅇㅈㅎ,hitter,내야수,네이버,삼성,2022,2026,5
51307,이재홍,ㅇㅈㅎ,hitter,야수,추정,키움,2022,2022,1
51460,이재희,ㅇㅈㅎ,pitcher,투수,추정,삼성,2021,2026,4
61557,이정담,ㅇㅈㄷ,hitter,야수,추정,SK,2016,2016,1
72551,이정민,ㅇㅈㅁ,pitcher,투수,추정,롯데,2014,2017,4
67807,이정범,ㅇㅈㅂ,hitter,외야수,네이버,KT,2021,2026,5
74402,이정식,ㅇㅈㅅ,hitter,야수,추정,삼성,2013,2016,4
69134,이정용,ㅇㅈㅇ,pitcher,투수,추정,LG,2020,2026,6
67048,이정현,ㅇㅈㅎ,pitcher,투수,추정,KT,2019,2026,5
61262,이정호,ㅇㅈㅎ,pitcher,투수,추정,두산,2013,2014,2
67341,이정후,ㅇㅈㅎ,hitter,외야수,네이버,키움,2017,2023,7
67644,이정훈,ㅇㅈㅎ,hitter,외야수,네이버,KT,2017,2026,9
97541,이정훈,ㅇㅈㅎ,pitcher,투수,추정,넥센,2013,2016,4
50354,이종민,ㅇㅈㅁ,pitcher,투수,추정,키움,2021,2024,3
65661,이종석,ㅇㅈㅅ,pitcher,투수,추정,KIA,2015,2015,1
73339,이종욱,ㅇㅈㅇ,hitter,야수,추정,NC,2013,2018,6
50904,이종준,ㅇㅈㅈ,pitcher,투수,추정,LG,2024,2026,3
60667,이종환,ㅇㅈㅎ,hitter,야수,추정,한화,2013,2017,5
50262,이주엽,ㅇㅈㅇ,pitcher,투수,추정,두산,2020,2020,1
51560,이주찬,ㅇㅈㅊ,hitter,내야수,네이버,롯데,2021,2024,2
52154,이주헌,ㅇㅈㅎ,hitter,포수,네이버,LG,2024,2026,3
50167,이주형,ㅇㅈㅎ,hitter,외야수,네이버,키움,2021,2026,5
51302,이주형,ㅇㅈㅎ,hitter,외야수,네이버,키움,2021,2026,4
51702,이준기,ㅇㅈㄱ,pitcher,투수,추정,SSG,2026,2026,1
56554,이준서,ㅇㅈㅅ,pitcher,투수,추정,롯데,2026,2026,1
77654,이준수,ㅇㅈㅅ,hitter,야수,추정,KT,2013,2019,4
65665,이준영,ㅇㅈㅇ,pitcher,투수,추정,KIA,2016,2025,8
55301,이준우,ㅇㅈㅇ,pitcher,투수,추정,키움,2025,2026,2
52992,이준혁,ㅇㅈㅎ,pitcher,투수,추정,NC,2025,2026,2
62463,이준형,ㅇㅈㅎ,pitcher,투수,추정,LG,2015,2016,2
53996,이준호,ㅇㅈㅎ,pitcher,투수,추정,NC,2023,2024,2
60693,이준호,ㅇㅈㅎ,hitter,야수,추정,KIA,2013,2013,1
69108,이지강,ㅇㅈㄱ,pitcher,투수,추정,LG,2022,2025,4
62522,이지모,ㅇㅈㅁ,pitcher,투수,추정,롯데,2013,2013,1
79456,이지영,ㅇㅈㅇ,hitter,포수,네이버,SSG,2013,2026,14
64013,이지찬,ㅇㅈㅊ,hitter,야수,추정,KT,2015,2015,1
64895,이진석,ㅇㅈㅅ,hitter,야수,추정,SK,2015,2016,2
66657,이진영,ㅇㅈㅇ,hitter,외야수,네이버,한화,2016,2026,10
99810,이진영,ㅇㅈㅇ,hitter,야수,추정,KT,2013,2018,6
55417,이진용,ㅇㅈㅇ,hitter,외야수,네이버,삼성,2026,2026,1
53562,이진하,ㅇㅈㅎ,pitcher,투수,추정,롯데,2023,2026,2
66504,이찬건,ㅇㅊㄱ,hitter,야수,추정,롯데,2019,2019,1
60304,이창섭,ㅇㅊㅅ,hitter,야수,추정,NC,2013,2015,3
64706,이창열,ㅇㅊㅇ,hitter,야수,추정,한화,2014,2019,4
51407,이창용,ㅇㅊㅇ,hitter,내야수,네이버,삼성,2024,2026,3
77854,이창욱,ㅇㅊㅇ,pitcher,투수,추정,SK,2014,2015,2
65057,이창재,ㅇㅊㅈ,pitcher,투수,추정,KT,2015,2022,5
64560,이창진,ㅇㅊㅈ,hitter,외야수,네이버,KIA,2014,2026,11
68896,이채호,ㅇㅊㅎ,pitcher,투수,추정,KT,2021,2025,5
61186,이천웅,ㅇㅊㅇ,hitter,야수,추정,LG,2013,2023,9
63749,이충호,ㅇㅊㅎ,pitcher,투수,추정,한화,2017,2024,6
66444,이케빈,ㅇㅋㅂ,pitcher,투수,추정,SK,2019,2019,1
55511,이태경,ㅇㅌㄱ,hitter,내야수,네이버,롯데,2025,2025,1
56366,이태양,ㅇㅌㅇ,pitcher,투수,추정,키움,2026,2026,1
60768,이태양,ㅇㅌㅇ,pitcher,투수,추정,KIA,2013,2026,13
61323,이태양,ㅇㅌㅇ,pitcher,투수,추정,NC,2013,2016,4
53594,이태연,ㅇㅌㅇ,pitcher,투수,추정,롯데,2023,2023,1
60102,이태원,ㅇㅌㅇ,hitter,야수,추정,NC,2013,2014,2
68466,이태훈,ㅇㅌㅎ,hitter,야수,추정,삼성,2021,2023,3
73342,이택근,ㅇㅌㄱ,hitter,야수,추정,키움,2013,2020,7
69453,이학주,ㅇㅎㅈ,hitter,야수,추정,롯데,2019,2024,6
76822,이한진,ㅇㅎㅈ,pitcher,투수,추정,SK,2013,2015,3
69416,이해승,ㅇㅎㅅ,hitter,내야수,네이버,삼성,2022,2026,4
60343,이해창,ㅇㅎㅊ,hitter,야수,추정,한화,2015,2022,8
72606,이현곤,ㅇㅎㄱ,hitter,야수,추정,NC,2013,2014,2
62499,이현동,ㅇㅎㄷ,hitter,야수,추정,삼성,2017,2019,2
65869,이현석,ㅇㅎㅅ,hitter,야수,추정,SSG,2015,2022,6
76329,이현승,ㅇㅎㅅ,pitcher,투수,추정,두산,2014,2022,9
61214,이현호,ㅇㅎㅎ,pitcher,투수,추정,한화,2015,2020,6
62951,이형범,ㅇㅎㅂ,pitcher,투수,추정,한화,2013,2026,11
78135,이형종,ㅇㅎㅈ,hitter,외야수,네이버,키움,2016,2026,11
98259,이혜천,ㅇㅎㅊ,pitcher,투수,추정,NC,2013,2015,3
55663,이호민,ㅇㅎㅁ,pitcher,투수,추정,KIA,2025,2025,1
53455,이호성,ㅇㅎㅅ,pitcher,투수,추정,삼성,2023,2025,3
77648,이호신,ㅇㅎㅅ,hitter,야수,추정,KIA,2015,2017,3
68504,이호연,ㅇㅎㅇ,hitter,내야수,네이버,KIA,2020,2026,7
54598,이호준,ㅇㅎㅈ,hitter,내야수,네이버,롯데,2024,2026,3
94629,이호준,ㅇㅎㅈ,hitter,야수,추정,NC,2013,2017,5
65937,이호중,ㅇㅎㅈ,pitcher,투수,추정,NC,2020,2020,1
63634,이홍구,ㅇㅎㄱ,hitter,야수,추정,KT,2013,2021,6
63440,이흥련,ㅇㅎㄹ,hitter,야수,추정,SSG,2014,2023,9
78739,이희근,ㅇㅎㄱ,hitter,야수,추정,한화,2014,2014,1
98521,임경완,ㅇㄱㅇ,pitcher,투수,추정,한화,2013,2015,3
62793,임경훈,ㅇㄱㅎ,hitter,야수,추정,한화,2013,2013,1
65398,임규빈,ㅇㄱㅂ,pitcher,투수,추정,키움,2019,2021,3
52807,임근우,ㅇㄱㅇ,hitter,외야수,네이버,SSG,2025,2026,2
62754,임기영,ㅇㄱㅇ,pitcher,투수,추정,삼성,2013,2026,12
60634,임기준,ㅇㄱㅈ,pitcher,투수,추정,KIA,2015,2019,5
66493,임대한,ㅇㄷㅎ,pitcher,투수,추정,삼성,2016,2022,3
78128,임도현,ㅇㄷㅎ,hitter,야수,추정,LG,2013,2013,1
64346,임병욱,ㅇㅂㅇ,hitter,외야수,네이버,키움,2015,2026,10
54900,임상현,ㅇㅅㅎ,pitcher,투수,추정,NC,2024,2025,2
66990,임서준,ㅇㅅㅈ,pitcher,투수,추정,NC,2016,2016,1
66833,임석진,ㅇㅅㅈ,hitter,야수,추정,KIA,2016,2022,2
72458,임세업,ㅇㅅㅇ,hitter,야수,추정,한화,2013,2013,1
77464,임익준,ㅇㅇㅈ,hitter,야수,추정,한화,2013,2017,5
99507,임재철,ㅇㅈㅊ,hitter,야수,추정,롯데,2013,2015,3
64803,임재현,ㅇㅈㅎ,hitter,야수,추정,SK,2019,2019,1
61891,임정우,ㅇㅈㅇ,pitcher,투수,추정,LG,2013,2018,6
63959,임정호,ㅇㅈㅎ,pitcher,투수,추정,NC,2015,2026,11
54236,임종성,ㅇㅈㅅ,hitter,내야수,네이버,두산,2024,2026,3
50704,임종찬,ㅇㅈㅊ,hitter,외야수,네이버,한화,2020,2025,5
63554,임종혁,ㅇㅈㅎ,hitter,내야수,네이버,롯데,2013,2014,2
62611,임준섭,ㅇㅈㅅ,pitcher,투수,추정,롯데,2013,2024,10
73632,임준혁,ㅇㅈㅎ,pitcher,투수,추정,SK,2013,2018,6
69113,임준형,ㅇㅈㅎ,pitcher,투수,추정,KT,2021,2026,5
52902,임지민,ㅇㅈㅁ,pitcher,투수,추정,NC,2023,2026,3
64155,임지섭,ㅇㅈㅅ,pitcher,투수,추정,LG,2014,2019,4
64340,임지열,ㅇㅈㅇ,hitter,외야수,네이버,키움,2019,2026,8
55382,임진묵,ㅇㅈㅁ,pitcher,투수,추정,키움,2025,2025,1
60441,임진우,ㅇㅈㅇ,pitcher,투수,추정,두산,2017,2017,1
61101,임찬규,ㅇㅊㄱ,pitcher,투수,추정,LG,2013,2026,12
78352,임창민,ㅇㅊㅁ,pitcher,투수,추정,삼성,2013,2025,13
95657,임창용,ㅇㅊㅇ,hitter,야수,추정,KIA,2014,2018,5
62868,임치영,ㅇㅊㅇ,pitcher,투수,추정,SK,2013,2017,2
77326,임태준,ㅇㅌㅈ,hitter,포수,네이버,넥센,2014,2014,1
77251,임태훈,ㅇㅌㅎ,pitcher,투수,추정,두산,2013,2014,2
61457,임현준,ㅇㅎㅈ,pitcher,투수,추정,삼성,2014,2021,8
50900,임형원,ㅇㅎㅇ,pitcher,투수,추정,NC,2020,2020,1
74823,임훈,ㅇㅎ,hitter,야수,추정,LG,2013,2018,6
50244,장규빈,ㅈㄱㅂ,hitter,포수,네이버,두산,2024,2024,1
51762,장규현,ㅈㄱㅎ,hitter,포수,네이버,한화,2021,2026,4
68507,장두성,ㅈㄷㅅ,hitter,외야수,네이버,롯데,2021,2026,6
51665,장민기,ㅈㅁㄱ,pitcher,투수,추정,KIA,2021,2021,1
71347,장민석,ㅈㅁㅅ,hitter,야수,추정,한화,2013,2017,5
60255,장민익,ㅈㅁㅇ,pitcher,투수,추정,두산,2014,2018,4
79764,장민재,ㅈㅁㅈ,pitcher,투수,추정,한화,2015,2024,10
78548,장성우,ㅈㅅㅇ,hitter,포수,네이버,KT,2014,2026,12
96610,장성호,ㅈㅅㅎ,hitter,야수,추정,KT,2013,2015,3
53596,장세진,ㅈㅅㅈ,pitcher,투수,추정,롯데,2023,2023,1
63202,장승현,ㅈㅅㅎ,hitter,포수,네이버,삼성,2018,2026,9
63360,장시윤,ㅈㅅㅇ,hitter,야수,추정,LG,2015,2018,3
77318,장시환,ㅈㅅㅎ,pitcher,투수,추정,한화,2013,2024,12
79334,장영석,ㅈㅇㅅ,hitter,야수,추정,KIA,2015,2020,6
63700,장운호,ㅈㅇㅎ,hitter,야수,추정,한화,2013,2023,9
50706,장웅정,ㅈㅇㅈ,pitcher,투수,추정,한화,2020,2021,2
76355,장원삼,ㅈㅇㅅ,pitcher,투수,추정,롯데,2013,2020,8
74513,장원준,ㅈㅇㅈ,pitcher,투수,추정,두산,2014,2023,10
69645,장유호,ㅈㅇㅎ,pitcher,투수,추정,한화,2019,2026,6
51359,장재영,ㅈㅈㅇ,hitter,투수,네이버,키움,2021,2025,3
50641,장재혁,ㅈㅈㅎ,pitcher,투수,추정,KIA,2022,2026,4
64115,장준원,ㅈㅈㅇ,hitter,내야수,네이버,KT,2015,2026,10
51706,장지승,ㅈㅈㅅ,hitter,야수,추정,한화,2021,2023,2
51895,장지훈,ㅈㅈㅎ,pitcher,투수,추정,SSG,2021,2026,4
67443,장지훈,ㅈㅈㅎ,pitcher,투수,추정,삼성,2017,2020,4
74139,장진용,ㅈㅈㅇ,pitcher,투수,추정,LG,2014,2016,3
66706,장진혁,ㅈㅈㅎ,hitter,외야수,네이버,KT,2018,2026,8
56460,장찬희,ㅈㅊㅎ,pitcher,투수,추정,삼성,2026,2026,1
77927,장필준,ㅈㅍㅈ,pitcher,투수,추정,삼성,2015,2024,10
63950,장현식,ㅈㅎㅅ,pitcher,투수,추정,LG,2013,2026,13
55239,잭로그,ㅈㄹㄱ,pitcher,투수,추정,두산,2025,2026,2
61434,저마노,ㅈㅁㄴ,pitcher,투수,추정,KT,2015,2015,1
68869,전경원,ㅈㄱㅇ,hitter,포수,네이버,SSG,2022,2022,1
54214,전다민,ㅈㄷㅁ,hitter,외야수,네이버,두산,2024,2026,3
69204,전루건,ㅈㄹㄱ,pitcher,투수,추정,NC,2022,2024,2
54561,전미르,ㅈㅁㄹ,pitcher,투수,추정,롯데,2024,2024,1
78361,전민수,ㅈㅁㅅ,hitter,야수,추정,NC,2016,2022,7
68205,전민재,ㅈㅁㅈ,hitter,내야수,네이버,롯데,2018,2026,8
73228,전병두,ㅈㅂㄷ,pitcher,투수,추정,SK,2016,2016,1
65586,전병우,ㅈㅂㅇ,hitter,내야수,네이버,삼성,2018,2026,9
69969,전사민,ㅈㅅㅁ,pitcher,투수,추정,NC,2019,2026,6
66609,전상현,ㅈㅅㅎ,pitcher,투수,추정,KIA,2016,2026,10
52809,전영준,ㅈㅇㅈ,pitcher,투수,추정,SSG,2022,2026,3
69047,전용주,ㅈㅇㅈ,pitcher,투수,추정,KT,2019,2026,5
64267,전용훈,ㅈㅇㅎ,pitcher,투수,추정,두산,2017,2017,1
75340,전유수,ㅈㅇㅅ,pitcher,투수,추정,KT,2013,2022,10
50820,전의산,ㅈㅇㅅ,hitter,내야수,네이버,SSG,2022,2026,4
79339,전인환,ㅈㅇㅎ,pitcher,투수,추정,LG,2016,2018,2
78513,전준우,ㅈㅈㅇ,hitter,외야수,네이버,롯데,2013,2026,13
54362,전준표,ㅈㅈㅍ,pitcher,투수,추정,키움,2024,2026,3
67123,전준호,ㅈㅈㅎ,hitter,포수,네이버,LG,2019,2024,3
51009,전진영,ㅈㅈㅇ,hitter,야수,추정,KT,2022,2022,1
55397,전태현,ㅈㅌㅎ,hitter,내야수,네이버,키움,2025,2026,2
75706,전현태,ㅈㅎㅌ,hitter,야수,추정,KIA,2013,2015,3
66716,정경운,ㅈㄱㅇ,hitter,야수,추정,한화,2017,2018,2
64769,정광운,ㅈㄱㅇ,pitcher,투수,추정,한화,2015,2015,1
50995,정구범,ㅈㄱㅂ,pitcher,투수,추정,NC,2022,2023,2
62894,정규창,ㅈㄱㅊ,hitter,야수,추정,SK,2013,2013,1
75808,정근우,ㅈㄱㅇ,hitter,야수,추정,LG,2013,2020,8
64209,정기훈,ㅈㄱㅎ,hitter,야수,추정,한화,2020,2020,1
56345,정다훈,ㅈㄷㅎ,pitcher,투수,추정,키움,2026,2026,1
53568,정대선,ㅈㄷㅅ,hitter,내야수,네이버,롯데,2023,2026,3
60264,정대현,ㅈㄷㅎ,pitcher,투수,추정,키움,2013,2020,6
71801,정대현,ㅈㄷㅎ,pitcher,투수,추정,롯데,2013,2016,4
78760,정대훈,ㅈㄷㅎ,pitcher,투수,추정,한화,2013,2016,4
66858,정동윤,ㅈㄷㅇ,pitcher,투수,추정,SSG,2017,2026,6
66659,정동현,ㅈㄷㅎ,pitcher,투수,추정,KIA,2016,2017,2
51764,정민규,ㅈㅁㄱ,hitter,내야수,네이버,한화,2021,2026,3
54467,정민성,ㅈㅁㅅ,pitcher,투수,추정,삼성,2025,2025,1
77746,정민혁,ㅈㅁㅎ,pitcher,투수,추정,한화,2013,2013,1
76720,정범모,ㅈㅂㅁ,hitter,야수,추정,NC,2013,2022,9
61104,정병곤,ㅈㅂㄱ,hitter,야수,추정,두산,2013,2019,4
68518,정보근,ㅈㅂㄱ,hitter,포수,네이버,롯데,2019,2026,8
73513,정보명,ㅈㅂㅁ,hitter,야수,추정,롯데,2013,2013,1
71842,정상호,ㅈㅅㅎ,hitter,야수,추정,SSG,2013,2021,9
65058,정성곤,ㅈㅅㄱ,pitcher,투수,추정,SSG,2015,2023,7
68556,정성종,ㅈㅅㅈ,pitcher,투수,추정,롯데,2018,2025,6
99606,정성훈,ㅈㅅㅎ,hitter,야수,추정,KIA,2013,2018,6
55377,정세영,ㅈㅅㅇ,pitcher,투수,추정,키움,2025,2026,2
66960,정수민,ㅈㅅㅁ,pitcher,투수,추정,SSG,2016,2021,6
79231,정수빈,ㅈㅅㅂ,hitter,외야수,네이버,두산,2013,2026,13
97350,정수성,ㅈㅅㅅ,hitter,야수,추정,넥센,2013,2013,1
62056,정영일,ㅈㅇㅇ,pitcher,투수,추정,SSG,2016,2021,6
79617,정용운,ㅈㅇㅇ,pitcher,투수,추정,LG,2016,2020,4
65368,정용준,ㅈㅇㅈ,pitcher,투수,추정,넥센,2016,2016,1
74857,정우람,ㅈㅇㄹ,pitcher,투수,추정,한화,2015,2024,10
69159,정우영,ㅈㅇㅇ,pitcher,투수,추정,LG,2019,2025,7
55743,정우주,ㅈㅇㅈ,pitcher,투수,추정,한화,2025,2026,2
51546,정우준,ㅈㅇㅈ,pitcher,투수,추정,롯데,2021,2025,3
68743,정은원,ㅈㅇㅇ,hitter,내야수,네이버,한화,2018,2026,8
75151,정의윤,ㅈㅇㅇ,hitter,야수,추정,SSG,2013,2021,9
79440,정인욱,ㅈㅇㅇ,pitcher,투수,추정,한화,2015,2021,7
74748,정재원,ㅈㅈㅇ,pitcher,투수,추정,SK,2013,2019,7
56469,정재훈,ㅈㅈㅎ,pitcher,투수,추정,삼성,2026,2026,1
73241,정재훈,ㅈㅈㅎ,pitcher,투수,추정,두산,2013,2016,4
79150,정주현,ㅈㅈㅎ,hitter,야수,추정,LG,2013,2023,8
65096,정주후,ㅈㅈㅎ,hitter,야수,추정,KT,2016,2020,3
53058,정준영,ㅈㅈㅇ,hitter,외야수,네이버,KT,2023,2026,3
54812,정준재,ㅈㅈㅈ,hitter,내야수,네이버,SSG,2024,2026,3
63558,정준혁,ㅈㅈㅎ,hitter,야수,추정,롯데,2019,2019,1
54149,정지헌,ㅈㅈㅎ,pitcher,투수,추정,LG,2024,2024,1
62941,정진,ㅈㅈ,hitter,야수,추정,NC,2013,2013,1
61869,정진기,ㅈㅈㄱ,hitter,야수,추정,NC,2013,2022,7
65293,정진철,ㅈㅈㅊ,hitter,야수,추정,두산,2016,2016,1
61208,정진호,ㅈㅈㅎ,hitter,야수,추정,한화,2015,2021,7
78148,정찬헌,ㅈㅊㅎ,pitcher,투수,추정,키움,2013,2024,12
68242,정철원,ㅈㅊㅇ,pitcher,투수,추정,롯데,2022,2026,5
62595,정태승,ㅈㅌㅅ,pitcher,투수,추정,롯데,2013,2020,4
50662,정해영,ㅈㅎㅇ,pitcher,투수,추정,KIA,2020,2026,7
53659,정해원,ㅈㅎㅇ,hitter,외야수,네이버,KIA,2025,2025,1
63450,정현,ㅈㅎ,hitter,야수,추정,NC,2013,2021,7
78745,정현석,ㅈㅎㅅ,hitter,야수,추정,한화,2013,2017,5
54537,정현수,ㅈㅎㅅ,pitcher,투수,추정,롯데,2024,2026,3
54815,정현승,ㅈㅎㅅ,hitter,외야수,네이버,SSG,2024,2025,2
55313,정현우,ㅈㅎㅇ,pitcher,투수,추정,키움,2025,2026,2
96462,정현욱,ㅈㅎㅇ,pitcher,투수,추정,LG,2013,2016,3
55926,정현창,ㅈㅎㅊ,hitter,내야수,네이버,KIA,2025,2026,2
79459,정형식,ㅈㅎㅅ,hitter,야수,추정,삼성,2013,2014,2
60342,정회찬,ㅈㅎㅊ,pitcher,투수,추정,넥센,2015,2016,2
60523,정훈,ㅈㅎ,hitter,야수,추정,롯데,2013,2025,13
54295,제러드,ㅈㄹㄷ,hitter,외야수,네이버,두산,2024,2024,1
72801,제춘모,ㅈㅊㅁ,pitcher,투수,추정,SK,2014,2014,1
50211,제환유,ㅈㅎㅇ,pitcher,투수,추정,두산,2023,2025,2
51163,조건희,ㅈㄱㅎ,pitcher,투수,추정,LG,2026,2026,1
63104,조근종,ㅈㄱㅈ,pitcher,투수,추정,KT,2017,2019,2
68089,조대현,ㅈㄷㅎ,hitter,포수,네이버,KT,2022,2026,4
54768,조동욱,ㅈㄷㅇ,pitcher,투수,추정,한화,2024,2026,3
72466,조동찬,ㅈㄷㅊ,hitter,야수,추정,삼성,2013,2018,5
71848,조동화,ㅈㄷㅎ,hitter,야수,추정,SK,2013,2016,4
65067,조무근,ㅈㅁㄱ,pitcher,투수,추정,롯데,2015,2022,6
52903,조민석,ㅈㅁㅅ,pitcher,투수,추정,NC,2022,2025,3
52405,조민성,ㅈㅁㅅ,hitter,내야수,네이버,삼성,2022,2023,2
55534,조민영,ㅈㅁㅇ,hitter,외야수,네이버,롯데,2026,2026,1
67045,조병욱,ㅈㅂㅇ,hitter,야수,추정,KT,2020,2020,1
51897,조병현,ㅈㅂㅎ,pitcher,투수,추정,SSG,2021,2026,4
63342,조상우,ㅈㅅㅇ,pitcher,투수,추정,KIA,2013,2026,11
64802,조성모,ㅈㅅㅁ,hitter,야수,추정,SK,2016,2016,1
60891,조성우,ㅈㅅㅇ,hitter,야수,추정,SK,2013,2014,2
63348,조성운,ㅈㅅㅇ,pitcher,투수,추정,키움,2018,2020,3
99543,조성환,ㅈㅅㅎ,hitter,야수,추정,롯데,2013,2014,2
68848,조성훈,ㅈㅅㅎ,pitcher,투수,추정,SSG,2018,2023,2
52516,조세진,ㅈㅅㅈ,hitter,외야수,네이버,롯데,2022,2026,3
69150,조셉,ㅈㅅ,hitter,야수,추정,LG,2019,2019,1
66209,조수행,ㅈㅅㅎ,hitter,외야수,네이버,두산,2016,2026,10
64154,조쉬벨,ㅈㅅㅂ,hitter,야수,추정,LG,2014,2014,1
79235,조승수,ㅈㅅㅅ,pitcher,투수,추정,두산,2015,2017,3
69360,조영건,ㅈㅇㄱ,pitcher,투수,추정,키움,2019,2026,7
75441,조영훈,ㅈㅇㅎ,hitter,야수,추정,NC,2013,2017,5
51809,조요한,ㅈㅇㅎ,hitter,투수,네이버,SSG,2021,2022,2
64868,조용호,ㅈㅇㅎ,hitter,야수,추정,KT,2017,2024,8
66992,조원빈,ㅈㅇㅂ,hitter,야수,추정,NC,2018,2018,1
52149,조원태,ㅈㅇㅌ,pitcher,투수,추정,LG,2022,2026,2
62147,조윤준,ㅈㅇㅈ,hitter,야수,추정,LG,2013,2017,5
64768,조이현,ㅈㅇㅎ,pitcher,투수,추정,KT,2014,2025,8
98144,조인성,ㅈㅇㅅ,hitter,야수,추정,한화,2013,2017,5
63792,조정원,ㅈㅈㅇ,hitter,야수,추정,한화,2013,2015,3
75537,조정훈,ㅈㅈㅎ,pitcher,투수,추정,롯데,2017,2018,2
71835,조중근,ㅈㅈㄱ,hitter,야수,추정,KT,2013,2015,2
63730,조지훈,ㅈㅈㅎ,pitcher,투수,추정,한화,2013,2014,2
74358,조평호,ㅈㅍㅎ,hitter,야수,추정,NC,2013,2017,5
69705,조한민,ㅈㅎㅁ,hitter,야수,추정,한화,2020,2021,2
65827,조한욱,ㅈㅎㅇ,pitcher,투수,추정,KT,2016,2019,2
75268,조현근,ㅈㅎㄱ,pitcher,투수,추정,삼성,2013,2016,4
64047,조현우,ㅈㅎㅇ,pitcher,투수,추정,KT,2015,2023,6
51701,조현진,ㅈㅎㅈ,hitter,내야수,네이버,NC,2023,2023,1
51865,조형우,ㅈㅎㅇ,hitter,포수,네이버,SSG,2022,2026,5
63593,조홍석,ㅈㅎㅅ,hitter,야수,추정,롯데,2013,2019,5
65060,주권,ㅈㄱ,pitcher,투수,추정,KT,2015,2026,12
69332,주성원,ㅈㅅㅇ,hitter,외야수,네이버,키움,2023,2026,4
52330,주승우,ㅈㅅㅇ,pitcher,투수,추정,키움,2022,2025,4
61154,주키치,ㅈㅋㅊ,pitcher,투수,추정,LG,2013,2013,1
65707,주현상,ㅈㅎㅅ,pitcher,투수,추정,한화,2021,2026,6
66354,주효상,ㅈㅎㅅ,hitter,포수,네이버,KIA,2016,2026,8
51060,지명성,ㅈㅁㅅ,pitcher,투수,추정,KT,2021,2022,2
73306,지석훈,ㅈㅅㅎ,hitter,야수,추정,NC,2013,2021,9
64717,지시완,ㅈㅅㅇ,hitter,야수,추정,롯데,2015,2023,8
62302,지재옥,ㅈㅈㅇ,hitter,야수,추정,넥센,2013,2016,2
66628,지크,ㅈㅋ,pitcher,투수,추정,KIA,2016,2016,1
56633,지현,ㅈㅎ,pitcher,투수,추정,KIA,2026,2026,1
97202,진갑용,ㅈㄱㅇ,hitter,야수,추정,삼성,2013,2015,3
79545,진명호,ㅈㅁㅎ,pitcher,투수,추정,롯데,2013,2022,7
52558,진승현,ㅈㅅㅎ,pitcher,투수,추정,롯데,2022,2024,3
78257,진야곱,ㅈㅇㄱ,hitter,야수,추정,두산,2015,2016,2
54148,진우영,ㅈㅇㅇ,hitter,투수,네이버,LG,2024,2024,1
76650,진해수,ㅈㅎㅅ,pitcher,투수,추정,롯데,2013,2024,12
56799,짐머맨,ㅈㅁㅁ,pitcher,투수,추정,한화,2026,2026,1
64615,차명진,ㅊㅁㅈ,pitcher,투수,추정,KIA,2019,2021,3
55435,차승준,ㅊㅅㅈ,hitter,내야수,네이버,삼성,2025,2026,2
76455,차우찬,ㅊㅇㅊ,pitcher,투수,추정,LG,2013,2021,9
73602,차일목,ㅊㅇㅁ,hitter,야수,추정,한화,2013,2017,5
65509,차재용,ㅊㅈㅇ,pitcher,투수,추정,키움,2015,2020,5
75307,차화준,ㅊㅎㅈ,hitter,야수,추정,NC,2013,2013,1
63939,찰리,ㅊㄹ,pitcher,투수,추정,NC,2013,2015,3
64085,채기영,ㅊㄱㅇ,hitter,야수,추정,한화,2015,2015,1
69748,채드벨,ㅊㄷㅂ,pitcher,투수,추정,한화,2019,2020,2
71845,채병용,ㅊㅂㅇ,pitcher,투수,추정,SK,2013,2019,7
66302,채상현,ㅊㅅㅎ,hitter,야수,추정,넥센,2017,2017,1
61929,채선관,ㅊㅅㄱ,pitcher,투수,추정,KT,2016,2016,1
65241,채원후,ㅊㅇㅎ,pitcher,투수,추정,NC,2020,2024,5
79192,채은성,ㅊㅇㅅ,hitter,외야수,네이버,한화,2014,2026,13
77463,채태인,ㅊㅌㅇ,hitter,야수,추정,SK,2013,2020,8
69804,채현우,ㅊㅎㅇ,hitter,외야수,네이버,SSG,2019,2026,6
50054,천성호,ㅊㅅㅎ,hitter,내야수,네이버,LG,2020,2026,5
67905,천재환,ㅊㅈㅎ,hitter,외야수,네이버,NC,2022,2026,5
52208,천현재,ㅊㅎㅈ,hitter,외야수,네이버,두산,2025,2025,1
67394,초이스,ㅊㅇㅅ,hitter,야수,추정,넥센,2017,2018,2
69802,최경모,ㅊㄱㅁ,hitter,야수,추정,SSG,2019,2024,4
73824,최경철,ㅊㄱㅊ,hitter,야수,추정,삼성,2013,2017,5
62966,최금강,ㅊㄱㄱ,pitcher,투수,추정,NC,2013,2021,7
74543,최대성,ㅊㄷㅅ,pitcher,투수,추정,두산,2013,2019,5
94132,최동수,ㅊㄷㅅ,hitter,야수,추정,LG,2013,2013,1
79140,최동환,ㅊㄷㅎ,pitcher,투수,추정,KT,2014,2025,12
54112,최명경,ㅊㅁㄱ,hitter,외야수,네이버,LG,2024,2024,1
65447,최민구,ㅊㅁㄱ,hitter,야수,추정,삼성,2015,2015,1
55268,최민석,ㅊㅁㅅ,pitcher,투수,추정,두산,2025,2026,2
63895,최민재,ㅊㅁㅈ,hitter,야수,추정,롯데,2019,2021,2
68856,최민준,ㅊㅁㅈ,pitcher,투수,추정,SSG,2018,2026,7
65157,최민창,ㅊㅁㅊ,hitter,야수,추정,SSG,2017,2024,4
60658,최병연,ㅊㅂㅇ,hitter,야수,추정,KIA,2015,2017,3
64259,최병욱,ㅊㅂㅇ,hitter,야수,추정,두산,2014,2014,1
68909,최보성,ㅊㅂㅅ,hitter,야수,추정,NC,2021,2023,2
68805,최상민,ㅊㅅㅁ,hitter,야수,추정,SSG,2022,2025,4
64493,최선호,ㅊㅅㅎ,hitter,야수,추정,삼성,2015,2019,3
64718,최설우,ㅊㅅㅇ,pitcher,투수,추정,롯데,2014,2023,7
51007,최성민,ㅊㅅㅁ,hitter,외야수,네이버,KT,2025,2025,1
66920,최성영,ㅊㅅㅇ,pitcher,투수,추정,NC,2016,2026,9
62146,최성훈,ㅊㅅㅎ,pitcher,투수,추정,삼성,2013,2025,10
65905,최승민,ㅊㅅㅁ,hitter,야수,추정,LG,2019,2025,6
51264,최승용,ㅊㅅㅇ,pitcher,투수,추정,두산,2021,2026,6
76158,최승준,ㅊㅅㅈ,hitter,야수,추정,한화,2013,2020,8
70122,최승환,ㅊㅅㅎ,hitter,야수,추정,한화,2013,2013,1
61197,최영진,ㅊㅇㅈ,hitter,야수,추정,삼성,2013,2022,9
97336,최영필,ㅊㅇㅍ,pitcher,투수,추정,KIA,2013,2017,5
56967,최요한,ㅊㅇㅎ,pitcher,투수,추정,NC,2026,2026,1
78666,최용규,ㅊㅇㄱ,hitter,야수,추정,KIA,2015,2015,1
64213,최용제,ㅊㅇㅈ,hitter,야수,추정,두산,2016,2022,4
50650,최용준,ㅊㅇㅈ,pitcher,투수,추정,SSG,2021,2026,3
54903,최우석,ㅊㅇㅅ,pitcher,투수,추정,NC,2024,2026,3
52103,최원영,ㅊㅇㅇ,hitter,외야수,네이버,LG,2024,2026,3
60848,최원재,ㅊㅇㅈ,pitcher,투수,추정,KT,2015,2017,3
77466,최원제,ㅊㅇㅈ,hitter,야수,추정,삼성,2017,2018,2
66606,최원준,ㅊㅇㅈ,hitter,외야수,네이버,KT,2016,2026,10
67263,최원준,ㅊㅇㅈ,pitcher,투수,추정,두산,2018,2026,9
65320,최원태,ㅊㅇㅌ,pitcher,투수,추정,삼성,2016,2026,11
56793,최유빈,ㅊㅇㅂ,hitter,내야수,네이버,한화,2026,2026,1
55894,최윤석,ㅊㅇㅅ,hitter,내야수,네이버,SSG,2026,2026,1
60805,최윤석,ㅊㅇㅅ,hitter,야수,추정,한화,2013,2019,5
68036,최이준,ㅊㅇㅈ,pitcher,투수,추정,롯데,2018,2026,6
50707,최인호,ㅊㅇㅎ,hitter,외야수,네이버,한화,2020,2026,6
56338,최재영,ㅊㅈㅇ,hitter,내야수,네이버,키움,2026,2026,1
63913,최재원,ㅊㅈㅇ,hitter,야수,추정,LG,2013,2020,6
78288,최재훈,ㅊㅈㅎ,hitter,포수,네이버,한화,2013,2026,14
75847,최정,ㅊㅈ,hitter,내야수,네이버,SSG,2013,2026,14
62893,최정민,ㅊㅈㅁ,hitter,야수,추정,KIA,2015,2021,7
65464,최정용,ㅊㅈㅇ,hitter,내야수,네이버,KIA,2016,2025,9
69992,최정원,ㅊㅈㅇ,hitter,내야수,네이버,NC,2020,2026,6
51574,최종은,ㅊㅈㅇ,hitter,야수,추정,롯데,2021,2021,1
50206,최종인,ㅊㅈㅇ,pitcher,투수,추정,두산,2024,2025,2
56215,최주형,ㅊㅈㅎ,hitter,투수,네이버,두산,2026,2026,1
76267,최주환,ㅊㅈㅎ,hitter,내야수,네이버,키움,2013,2026,14
71552,최준석,ㅊㅈㅅ,hitter,야수,추정,NC,2013,2018,6
50556,최준용,ㅊㅈㅇ,pitcher,투수,추정,롯데,2020,2026,7
68868,최준우,ㅊㅈㅇ,hitter,외야수,네이버,SSG,2019,2026,7
53259,최준호,ㅊㅈㅎ,pitcher,투수,추정,두산,2024,2026,3
52206,최지강,ㅊㅈㄱ,pitcher,투수,추정,두산,2022,2026,5
67421,최지광,ㅊㅈㄱ,pitcher,투수,추정,삼성,2017,2026,8
68419,최지명,ㅊㅈㅁ,pitcher,투수,추정,LG,2018,2026,8
52639,최지민,ㅊㅈㅁ,pitcher,투수,추정,KIA,2022,2026,5
50854,최지훈,ㅊㅈㅎ,hitter,외야수,네이버,SSG,2020,2026,7
74729,최진행,ㅊㅈㅎ,hitter,야수,추정,한화,2013,2020,8
66451,최충연,ㅊㅊㅇ,pitcher,투수,추정,롯데,2016,2026,8
68501,최하늘,ㅊㅎㄴ,pitcher,투수,추정,삼성,2019,2024,4
62884,최항,ㅊㅎ,hitter,야수,추정,롯데,2017,2026,10
90687,최향남,ㅊㅎㄴ,hitter,야수,추정,KIA,2013,2013,1
54803,최현석,ㅊㅎㅅ,pitcher,투수,추정,SSG,2024,2025,2
56312,최현우,ㅊㅎㅇ,pitcher,투수,추정,키움,2026,2026,1
61267,최현정,ㅊㅎㅈ,pitcher,투수,추정,KIA,2014,2014,1
72443,최형우,ㅊㅎㅇ,hitter,외야수,네이버,삼성,2013,2026,14
75608,최훈락,ㅊㅎㄹ,hitter,야수,추정,KIA,2013,2013,1
77623,최희섭,ㅊㅎㅅ,hitter,야수,추정,KIA,2013,2015,2
72139,추승우,ㅊㅅㅇ,hitter,야수,추정,한화,2013,2014,2
51817,추신수,ㅊㅅㅅ,hitter,야수,추정,SSG,2021,2024,4
68362,추재현,ㅊㅈㅎ,hitter,외야수,네이버,키움,2019,2026,7
55146,치리노스,ㅊㄹㄴㅅ,pitcher,투수,추정,LG,2025,2026,2
54444,카디네스,ㅋㄷㄴㅅ,hitter,야수,추정,키움,2024,2025,2
56103,카라스코,ㅋㄹㅅㅋ,pitcher,투수,추정,LG,2026,2026,1
63465,카리대,ㅋㄹㄷ,pitcher,투수,추정,삼성,2013,2013,1
56251,카메론,ㅋㅁㄹ,hitter,외야수,네이버,두산,2026,2026,1
54920,카스타노,ㅋㅅㅌㄴ,pitcher,투수,추정,NC,2024,2024,1
56626,카스트로,ㅋㅅㅌㄹ,hitter,외야수,네이버,KIA,2026,2026,1
66750,카스티요,ㅋㅅㅌㅇ,pitcher,투수,추정,한화,2016,2016,1
51722,카펜터,ㅋㅍㅌ,pitcher,투수,추정,한화,2021,2022,2
64203,칸투,ㅋㅌ,hitter,야수,추정,두산,2014,2014,1
55208,케이브,ㅋㅇㅂ,hitter,야수,추정,두산,2025,2025,1
69103,켈리,ㅋㄹ,pitcher,투수,추정,LG,2019,2024,6
65856,켈리,ㅋㄹ,pitcher,투수,추정,SK,2015,2018,4
54452,코너,ㅋㄴ,pitcher,투수,추정,삼성,2024,2024,1
55138,코엔 윈,ㅋㅇ ㅇ,pitcher,투수,추정,LG,2025,2025,1
66323,코엘로,ㅋㅇㄹ,pitcher,투수,추정,넥센,2016,2016,1
66154,코프랜드,ㅋㅍㄹㄷ,pitcher,투수,추정,LG,2016,2016,1
55257,콜어빈,ㅋㅇㅂ,pitcher,투수,추정,두산,2025,2025,1
56548,쿄야마,ㅋㅇㅁ,pitcher,투수,추정,롯데,2026,2026,1
56760,쿠싱,ㅋㅅ,hitter,투수,네이버,한화,2026,2026,1
69032,쿠에바스,ㅋㅇㅂㅅ,pitcher,투수,추정,KT,2019,2025,7
51309,크레익,ㅋㄹㅇ,hitter,야수,추정,키움,2021,2021,1
54612,크로우,ㅋㄹㅇ,pitcher,투수,추정,KIA,2024,2024,1
52827,크론,ㅋㄹ,hitter,내야수,네이버,SSG,2022,2022,1
64761,클레이,ㅋㄹㅇ,pitcher,투수,추정,한화,2014,2014,1
65425,클로이드,ㅋㄹㅇㄷ,pitcher,투수,추정,삼성,2015,2015,1
50815,킹험,ㅋㅎ,pitcher,투수,추정,한화,2020,2022,3
56218,타무라,ㅌㅁㄹ,pitcher,투수,추정,두산,2026,2026,1
56212,타카다,ㅌㅋㄷ,pitcher,투수,추정,두산,2026,2026,1
56823,타케다,ㅌㅋㄷ,pitcher,투수,추정,SSG,2026,2026,1
64762,타투스코,ㅌㅌㅅㅋ,pitcher,투수,추정,한화,2014,2014,1
62451,탈보트,ㅌㅂㅌ,hitter,야수,추정,한화,2015,2015,1
53909,태너,ㅌㄴ,pitcher,투수,추정,NC,2023,2023,1
69640,터너,ㅌㄴ,pitcher,투수,추정,KIA,2019,2019,1
69652,터커,ㅌㅋ,hitter,야수,추정,KIA,2019,2021,3
52712,터크먼,ㅌㅋㅁ,hitter,외야수,네이버,한화,2022,2022,1
56966,테일러,ㅌㅇㄹ,pitcher,투수,추정,NC,2026,2026,1
64914,테임즈,ㅌㅇㅈ,hitter,야수,추정,NC,2014,2016,3
56911,토다,ㅌㄷ,pitcher,투수,추정,NC,2026,2026,1
64659,토마스,ㅌㅁㅅ,pitcher,투수,추정,KIA,2014,2014,1
55130,톨허스트,ㅌㅎㅅㅌ,pitcher,투수,추정,LG,2025,2026,2
69550,톰슨,ㅌㅅ,pitcher,투수,추정,롯데,2019,2019,1
64136,티포드,ㅌㅍㄷ,pitcher,투수,추정,LG,2014,2014,1
52606,파노니,ㅍㄴㄴ,pitcher,투수,추정,KIA,2022,2023,2
68244,파레디스,ㅍㄹㄷㅅ,hitter,야수,추정,두산,2018,2018,1
51967,파슨스,ㅍㅅㅅ,pitcher,투수,추정,NC,2021,2022,2
50469,팔카,ㅍㅋ,hitter,야수,추정,삼성,2020,2020,1
55032,패트릭,ㅍㅌㄹ,pitcher,투수,추정,KT,2025,2025,1
67645,팻딘,ㅍㄷ,pitcher,투수,추정,KIA,2017,2018,2
69165,페게로,ㅍㄱㄹ,hitter,내야수,네이버,LG,2019,2019,1
52720,페냐,ㅍㄴ,pitcher,투수,추정,한화,2022,2024,3
56459,페덱,ㅍㄷ,pitcher,투수,추정,삼성,2026,2026,1
53913,페디,ㅍㄷ,pitcher,투수,추정,NC,2023,2023,1
54730,페라자,ㅍㄹㅈ,hitter,외야수,네이버,한화,2024,2026,2
51714,페레즈,ㅍㄹㅈ,hitter,내야수,네이버,한화,2021,2021,1
69209,페르난데스,ㅍㄹㄴㄷㅅ,hitter,야수,추정,두산,2019,2022,4
67435,페트릭,ㅍㅌㄹ,pitcher,투수,추정,삼성,2017,2017,1
65762,폭스,ㅍㅅ,hitter,야수,추정,한화,2015,2015,1
55730,폰세,ㅍㅅ,pitcher,투수,추정,한화,2025,2025,1
51863,폰트,ㅍㅌ,pitcher,투수,추정,SSG,2021,2022,2
52366,푸이그,ㅍㅇㄱ,hitter,야수,추정,키움,2022,2025,2
51567,프랑코,ㅍㄹㅋ,pitcher,투수,추정,롯데,2021,2021,1
51324,프레이타스,ㅍㄹㅇㅌㅅ,hitter,야수,추정,키움,2021,2021,1
69953,프리드릭,ㅍㄹㄷㄹ,pitcher,투수,추정,NC,2019,2019,1
66423,플란데,ㅍㄹㄷ,pitcher,투수,추정,삼성,2016,2016,1
52145,플럿코,ㅍㄹㅋ,pitcher,투수,추정,LG,2022,2023,2
50234,플렉센,ㅍㄹㅅ,pitcher,투수,추정,두산,2020,2026,2
55734,플로리얼,ㅍㄹㄹㅇ,hitter,야수,추정,한화,2025,2025,1
65444,피가로,ㅍㄱㄹ,pitcher,투수,추정,삼성,2015,2015,1
66032,피노,ㅍㄴ,pitcher,투수,추정,KT,2016,2016,1
51463,피렐라,ㅍㄹㄹ,hitter,야수,추정,삼성,2021,2023,3
65331,피어밴드,ㅍㅇㅂㄷ,pitcher,투수,추정,KT,2015,2018,4
64746,피에,ㅍㅇ,hitter,야수,추정,한화,2014,2014,1
52526,피터스,ㅍㅌㅅ,hitter,외야수,네이버,롯데,2022,2022,1
50835,핀토,ㅍㅌ,pitcher,투수,추정,SK,2020,2020,1
64699,필,ㅍ,hitter,야수,추정,KIA,2014,2016,3
64350,하영민,ㅎㅇㅁ,pitcher,투수,추정,키움,2014,2026,10
69813,하재훈,ㅎㅈㅎ,hitter,외야수,네이버,SSG,2020,2025,6
62700,하주석,ㅎㅈㅅ,hitter,내야수,네이버,KIA,2013,2026,13
69991,하준수,ㅎㅈㅅ,pitcher,투수,추정,NC,2022,2023,2
68639,하준영,ㅎㅈㅇ,pitcher,투수,추정,NC,2018,2026,6
78517,하준호,ㅎㅈㅎ,hitter,야수,추정,KT,2014,2023,8
54930,하트,ㅎㅌ,pitcher,투수,추정,NC,2024,2024,1
52710,한경빈,ㅎㄱㅂ,hitter,내야수,네이버,한화,2024,2024,1
76610,한기주,ㅎㄱㅈ,pitcher,투수,추정,삼성,2015,2018,3
65104,한나한,ㅎㄴㅎ,hitter,야수,추정,LG,2015,2015,1
68525,한동희,ㅎㄷㅎ,hitter,내야수,네이버,롯데,2018,2026,8
68092,한두솔,ㅎㄷㅅ,pitcher,투수,추정,SSG,2022,2026,5
73703,한상훈,ㅎㅅㅎ,hitter,야수,추정,한화,2013,2015,3
64101,한석현,ㅎㅅㅎ,hitter,외야수,네이버,NC,2020,2026,7
69111,한선태,ㅎㅅㅌ,pitcher,투수,추정,LG,2019,2020,2
52628,한승연,ㅎㅅㅇ,hitter,외야수,네이버,KIA,2026,2026,1
50726,한승주,ㅎㅅㅈ,pitcher,투수,추정,KT,2020,2026,5
66039,한승지,ㅎㅅㅈ,pitcher,투수,추정,KT,2020,2020,1
63722,한승택,ㅎㅅㅌ,hitter,포수,네이버,KT,2013,2026,12
61666,한승혁,ㅎㅅㅎ,pitcher,투수,추정,KT,2013,2026,12
66557,한승혁,ㅎㅅㅎ,pitcher,투수,추정,롯데,2020,2021,2
55506,한승현,ㅎㅅㅎ,hitter,외야수,네이버,롯데,2025,2025,1
62895,한유섬,ㅎㅇㅅ,hitter,외야수,네이버,SSG,2013,2026,13
51994,한재승,ㅎㅈㅅ,pitcher,투수,추정,KIA,2022,2026,5
50903,한재환,ㅎㅈㅎ,hitter,내야수,네이버,NC,2024,2026,3
64255,한주성,ㅎㅈㅅ,pitcher,투수,추정,두산,2018,2018,1
68646,한준수,ㅎㅈㅅ,hitter,포수,네이버,KIA,2019,2026,5
55767,한지윤,ㅎㅈㅇ,hitter,포수,네이버,한화,2026,2026,1
51058,한차현,ㅎㅊㅎ,pitcher,투수,추정,KT,2021,2026,4
52568,한태양,ㅎㅌㅇ,hitter,내야수,네이버,롯데,2022,2026,3
62363,한현희,ㅎㅎㅎ,pitcher,투수,추정,롯데,2013,2025,12
63248,함덕주,ㅎㄷㅈ,pitcher,투수,추정,LG,2013,2026,14
55440,함수호,ㅎㅅㅎ,hitter,외야수,네이버,삼성,2025,2026,2
50108,함창건,ㅎㅊㄱ,hitter,외야수,네이버,LG,2024,2025,2
69605,해즐베이커,ㅎㅈㅂㅇㅋ,hitter,외야수,네이버,KIA,2019,2019,1
56855,해치,ㅎㅊ,pitcher,투수,추정,SSG,2026,2026,1
63938,해커,ㅎㅋ,pitcher,투수,추정,넥센,2013,2018,6
63229,핸킨스,ㅎㅋㅅ,pitcher,투수,추정,두산,2013,2013,1
62892,허건엽,ㅎㄱㅇ,pitcher,투수,추정,SK,2014,2017,2
79240,허경민,ㅎㄱㅁ,hitter,내야수,네이버,KT,2013,2026,14
69706,허관회,ㅎㄱㅎ,hitter,포수,네이버,한화,2020,2023,4
77243,허도환,ㅎㄷㅎ,hitter,야수,추정,LG,2013,2024,12
72324,허웅,ㅎㅇ,hitter,야수,추정,SK,2014,2015,2
79746,허유강,ㅎㅇㄱ,pitcher,투수,추정,한화,2014,2015,2
56904,허윤,ㅎㅇ,hitter,내야수,네이버,NC,2026,2026,1
50449,허윤동,ㅎㅇㄷ,pitcher,투수,추정,삼성,2020,2023,4
52764,허인서,ㅎㅇㅅ,hitter,포수,네이버,한화,2022,2026,3
61566,허일,ㅎㅇ,hitter,야수,추정,롯데,2018,2020,3
65399,허정협,ㅎㅈㅎ,hitter,야수,추정,키움,2015,2021,7
75344,허준,ㅎㅈ,hitter,야수,추정,NC,2013,2014,2
52119,허준혁,ㅎㅈㅎ,hitter,투수,네이버,LG,2022,2022,1
79535,허준혁,ㅎㅈㅎ,pitcher,투수,추정,두산,2014,2018,4
74556,허준혁,ㅎㅈㅎ,pitcher,투수,추정,롯데,2013,2015,3
66138,허프,ㅎㅍ,pitcher,투수,추정,LG,2016,2017,2
65659,험버,ㅎㅂ,hitter,야수,추정,KIA,2015,2015,1
54354,헤이수스,ㅎㅇㅅㅅ,pitcher,투수,추정,KT,2024,2025,2
68794,헤일,ㅎㅇ,pitcher,투수,추정,한화,2018,2018,1
69435,헤일리,ㅎㅇㄹ,pitcher,투수,추정,삼성,2019,2019,1
66643,헥터,ㅎㅌ,pitcher,투수,추정,KIA,2016,2018,3
68260,현도훈,ㅎㄷㅎ,pitcher,투수,추정,롯데,2018,2026,4
50840,현원회,ㅎㅇㅎ,hitter,내야수,네이버,SSG,2020,2025,3
72427,현재윤,ㅎㅈㅇ,hitter,야수,추정,LG,2013,2014,2
68730,호잉,ㅎㅇ,hitter,야수,추정,KT,2018,2021,4
64658,홀튼,ㅎㅌ,pitcher,투수,추정,KIA,2014,2014,1
61643,홍건희,ㅎㄱㅎ,pitcher,투수,추정,KIA,2015,2026,12
55897,홍대인,ㅎㄷㅇ,hitter,내야수,네이버,SSG,2025,2026,2
76854,홍명찬,ㅎㅁㅊ,hitter,야수,추정,SK,2013,2015,3
55267,홍민규,ㅎㅁㄱ,hitter,투수,네이버,KIA,2025,2026,2
50596,홍민기,ㅎㅁㄱ,pitcher,투수,추정,롯데,2021,2026,4
78247,홍상삼,ㅎㅅㅅ,pitcher,투수,추정,KIA,2013,2022,9
61366,홍성갑,ㅎㅅㄱ,hitter,야수,추정,넥센,2014,2018,5
65042,홍성무,ㅎㅅㅁ,hitter,야수,추정,NC,2015,2020,5
62655,홍성민,ㅎㅅㅁ,pitcher,투수,추정,키움,2013,2023,9
75149,홍성용,ㅎㅅㅇ,hitter,야수,추정,KT,2014,2018,5
66233,홍성호,ㅎㅅㅎ,hitter,외야수,네이버,두산,2022,2026,5
99222,홍성흔,ㅎㅅㅎ,hitter,야수,추정,두산,2013,2016,4
64204,홍영현,ㅎㅇㅎ,pitcher,투수,추정,두산,2016,2016,1
69643,홍원빈,ㅎㅇㅂ,pitcher,투수,추정,KIA,2025,2025,1
50430,홍원표,ㅎㅇㅍ,pitcher,투수,추정,삼성,2020,2025,4
55996,홍재문,ㅎㅈㅁ,pitcher,투수,추정,NC,2026,2026,1
60605,홍재호,ㅎㅈㅎ,hitter,야수,추정,KIA,2013,2019,5
65496,홍정우,ㅎㅈㅇ,pitcher,투수,추정,삼성,2019,2024,6
50600,홍종표,ㅎㅈㅍ,hitter,내야수,네이버,NC,2020,2026,5
66108,홍창기,ㅎㅊㄱ,hitter,외야수,네이버,LG,2016,2026,10
67005,홍현빈,ㅎㅎㅂ,hitter,외야수,네이버,삼성,2017,2026,9
55855,화이트,ㅎㅇㅌ,pitcher,투수,추정,SSG,2025,2026,2
56724,화이트,ㅎㅇㅌ,pitcher,투수,추정,한화,2026,2026,1
50802,화이트,ㅎㅇㅌ,hitter,야수,추정,SK,2020,2020,1
66207,황경태,ㅎㄱㅌ,hitter,야수,추정,두산,2017,2021,3
65610,황대인,ㅎㄷㅇ,hitter,내야수,네이버,KIA,2015,2026,10
72261,황덕균,ㅎㄷㄱ,pitcher,투수,추정,넥센,2013,2017,4
50441,황동재,ㅎㄷㅈ,pitcher,투수,추정,삼성,2020,2025,5
76562,황동채,ㅎㄷㅊ,hitter,야수,추정,롯데,2013,2015,3
52641,황동하,ㅎㄷㅎ,pitcher,투수,추정,KIA,2023,2026,4
63077,황목치승,ㅎㅁㅊㅅ,hitter,야수,추정,LG,2014,2017,4
66469,황선도,ㅎㅅㄷ,hitter,야수,추정,삼성,2016,2016,1
76404,황선일,ㅎㅅㅇ,hitter,야수,추정,한화,2015,2015,1
50500,황성빈,ㅎㅅㅂ,hitter,외야수,네이버,롯데,2022,2026,5
61496,황수범,ㅎㅅㅂ,pitcher,투수,추정,삼성,2017,2018,2
63698,황수현,ㅎㅅㅎ,hitter,야수,추정,KIA,2015,2015,1
64760,황영국,ㅎㅇㄱ,pitcher,투수,추정,한화,2014,2021,4
54795,황영묵,ㅎㅇㅁ,hitter,내야수,네이버,한화,2024,2026,3
62908,황윤호,ㅎㅇㅎ,hitter,야수,추정,KIA,2015,2021,7
65618,황인준,ㅎㅇㅈ,pitcher,투수,추정,KIA,2018,2020,3
79758,황재규,ㅎㅈㄱ,pitcher,투수,추정,한화,2013,2016,3
76313,황재균,ㅎㅈㄱ,hitter,야수,추정,KT,2013,2025,12
62646,황정립,ㅎㅈㄹ,hitter,야수,추정,KIA,2013,2013,1
54729,황준서,ㅎㅈㅅ,pitcher,투수,추정,한화,2024,2026,3
78566,황진수,ㅎㅈㅅ,hitter,야수,추정,롯데,2013,2019,7
53375,후라도,ㅎㄹㄷ,pitcher,투수,추정,삼성,2023,2026,4
68240,후랭코프,ㅎㄹㅋㅍ,pitcher,투수,추정,두산,2018,2019,2
68742,휠러,ㅎㄹ,pitcher,투수,추정,한화,2018,2018,1
65103,히메네스,ㅎㅁㄴㅅ,hitter,야수,추정,LG,2015,2017,3
64553,히메네스,ㅎㅁㄴㅅ,hitter,야수,추정,롯데,2014,2014,1
56305,히우라,ㅎㅇㄹ,hitter,내야수,네이버,키움,2026,2026,1
51725,힐리,ㅎㄹ,hitter,내야수,네이버,한화,2021,2021,1
56034,힐리어드,ㅎㄹㅇㄷ,hitter,내야수,네이버,KT,2026,2026,1
