player_id,player_name,year,award
76100,이병규,1999,GG
95436,이승엽,1999,GG
51230,김동주,2000,GG
92809,박경완,2000,GG
96307,박진만,2000,GG
96761,송지만,2000,GG
76100,이병규,2000,GG
95436,이승엽,2000,GG
96307,박진만,2001,GG
94126,신윤호,2001,GG
76100,이병규,2001,GG
95436,이승엽,2001,GG
99222,홍성흔,2001,GG
96761,송지만,2002,GG
95436,이승엽,2002,GG
97202,진갑용,2002,GG
51230,김동주,2003,GG
95436,이승엽,2003,GG
76461,김기태,2004,GG
96307,박진만,2004,GG
71432,박한이,2004,GG
70425,배영수,2004,GG
76100,이병규,2004,GG
99222,홍성흔,2004,GG
76869,김재현,2005,GG
71752,김태균,2005,GG
97571,손민한,2005,GG
73213,손시헌,2005,GG
70756,이범호,2005,GG
76100,이병규,2005,GG
97202,진갑용,2005,GG
96307,박진만,2006,GG
71432,박한이,2006,GG
71564,이대호,2006,GG
70756,이범호,2006,GG
74163,이용규,2006,GG
73342,이택근,2006,GG
75808,정근우,2006,GG
97202,진갑용,2006,GG
72214,고영민,2007,GG
51230,김동주,2007,GG
92809,박경완,2007,GG
96307,박진만,2007,GG
73153,이대형,2007,GG
71564,이대호,2007,GG
73339,이종욱,2007,GG
68103,가르시아,2008,GG
74540,강민호,2008,GG
77829,김광현,2008,GG
51230,김동주,2008,GG
71752,김태균,2008,GG
76290,김현수,2008,GG
70553,박기혁,2008,GG
73339,이종욱,2008,GG
99543,조성환,2008,GG
99222,홍성흔,2008,GG
70646,김상현,2009,GG
70612,김상훈,2009,GG
76290,김현수,2009,GG
72133,박용택,2009,GG
73213,손시헌,2009,GG
73342,이택근,2009,GG
75808,정근우,2009,GG
77623,최희섭,2009,GG
99222,홍성흔,2009,GG
76325,강정호,2010,GG
71837,김강민,2010,GG
76290,김현수,2010,GG
76715,류현진,2010,GG
71564,이대호,2010,GG
73339,이종욱,2010,GG
99543,조성환,2010,GG
98144,조인성,2010,GG
71552,최준석,2010,GG
99222,홍성흔,2010,GG
74540,강민호,2011,GG
77532,손아섭,2011,GG
79608,안치홍,2011,GG
75620,윤석민,2011,GG
72860,이대수,2011,GG
71564,이대호,2011,GG
74163,이용규,2011,GG
75847,최정,2011,GG
72443,최형우,2011,GG
99222,홍성흔,2011,GG
74540,강민호,2012,GG
76325,강정호,2012,GG
75125,박병호,2012,GG
72133,박용택,2012,GG
78168,서건창,2012,GG
77532,손아섭,2012,GG
95436,이승엽,2012,GG
74163,이용규,2012,GG
76355,장원삼,2012,GG
75847,최정,2012,GG
74540,강민호,2013,GG
76325,강정호,2013,GG
75125,박병호,2013,GG
72133,박용택,2013,GG
75321,손승락,2013,GG
77532,손아섭,2013,GG
76100,이병규,2013,GG
75808,정근우,2013,GG
75847,최정,2013,GG
72443,최형우,2013,GG
76325,강정호,2014,GG
62947,나성범,2014,GG
75125,박병호,2014,GG
74465,박석민,2014,GG
78168,서건창,2014,GG
77532,손아섭,2014,GG
76232,양의지,2014,GG
95436,이승엽,2014,GG
72443,최형우,2014,GG
74206,김재호,2015,GG
76290,김현수,2015,GG
64440,나바로,2015,GG
62947,나성범,2015,GG
74465,박석민,2015,GG
76232,양의지,2015,GG
74339,유한준,2015,GG
95436,이승엽,2015,GG
64914,테임즈,2015,GG
63938,해커,2015,GG
74206,김재호,2016,GG
78224,김재환,2016,GG
70410,김주찬,2016,GG
71752,김태균,2016,GG
61240,니퍼트,2016,GG
78168,서건창,2016,GG
76232,양의지,2016,GG
75847,최정,2016,GG
72443,최형우,2016,GG
64914,테임즈,2016,GG
74540,강민호,2017,GG
78603,김선빈,2017,GG
72133,박용택,2017,GG
67650,버나디나,2017,GG
77532,손아섭,2017,GG
79608,안치홍,2017,GG
77637,양현종,2017,GG
71564,이대호,2017,GG
75847,최정,2017,GG
72443,최형우,2017,GG
78224,김재환,2018,GG
64300,김하성,2018,GG
65543,린드블럼,2018,GG
75125,박병호,2018,GG
79608,안치홍,2018,GG
76232,양의지,2018,GG
71564,이대호,2018,GG
67341,이정후,2018,GG
78513,전준우,2018,GG
79240,허경민,2018,GG
64300,김하성,2019,GG
67025,로하스,2019,GG
65543,린드블럼,2019,GG
62907,박민우,2019,GG
75125,박병호,2019,GG
68345,샌즈,2019,GG
76232,양의지,2019,GG
67341,이정후,2019,GG
75847,최정,2019,GG
69209,페르난데스,2019,GG
68050,강백호,2020,GG
64300,김하성,2020,GG
76290,김현수,2020,GG
67025,로하스,2020,GG
62907,박민우,2020,GG
69045,알칸타라,2020,GG
76232,양의지,2020,GG
67341,이정후,2020,GG
72443,최형우,2020,GG
76313,황재균,2020,GG
74540,강민호,2021,GG
68050,강백호,2021,GG
62404,구자욱,2021,GG
67304,김혜성,2021,GG
51257,미란다,2021,GG
76232,양의지,2021,GG
67341,이정후,2021,GG
68743,정은원,2021,GG
75847,최정,2021,GG
66108,홍창기,2021,GG
67304,김혜성,2022,GG
62947,나성범,2022,GG
75125,박병호,2022,GG
68341,안우진,2022,GG
76232,양의지,2022,GG
79109,오지환,2022,GG
71564,이대호,2022,GG
67341,이정후,2022,GG
75847,최정,2022,GG
51463,피렐라,2022,GG
62404,구자욱,2023,GG
67304,김혜성,2023,GG
69737,노시환,2023,GG
79215,박건우,2023,GG
77532,손아섭,2023,GG
76232,양의지,2023,GG
53123,오스틴,2023,GG
79109,오지환,2023,GG
53913,페디,2023,GG
66108,홍창기,2023,GG
74540,강민호,2024,GG
62404,구자욱,2024,GG
52605,김도영,2024,GG
67304,김혜성,2024,GG
54529,레이예스,2024,GG
67025,로하스,2024,GG
64646,박찬호,2024,GG
53123,오스틴,2024,GG
72443,최형우,2024,GG
54930,하트,2024,GG
62404,구자욱,2025,GG
51907,김주원,2025,GG
54400,디아즈,2025,GG
54529,레이예스,2025,GG
65357,송성문,2025,GG
65207,신민재,2025,GG
52001,안현민,2025,GG
76232,양의지,2025,GG
72443,최형우,2025,GG
55730,폰세,2025,GG
92809,박경완,2000,MVP
70425,배영수,2004,MVP
97571,손민한,2005,MVP
77829,김광현,2008,MVP
70646,김상현,2009,MVP
71564,이대호,2010,MVP
74215,윤석민,2011,MVP
75125,박병호,2012,MVP
75125,박병호,2013,MVP
78168,서건창,2014,MVP
77637,양현종,2017,MVP
78224,김재환,2018,MVP
67341,이정후,2022,MVP
52605,김도영,2024,MVP
74540,강민호,2013,NT
76325,강정호,2013,NT
71752,김태균,2013,NT
76290,김현수,2013,NT
73211,노경은,2013,NT
76858,박희수,2013,NT
78640,서재응,2013,NT
75321,손승락,2013,NT
73213,손시헌,2013,NT
77532,손아섭,2013,NT
77591,송승준,2013,NT
75421,오승환,2013,NT
76757,유원상,2013,NT
74215,윤석민,2013,NT
74838,윤희상,2013,NT
95436,이승엽,2013,NT
74163,이용규,2013,NT
99810,이진영,2013,NT
76355,장원삼,2013,NT
74513,장원준,2013,NT
78513,전준우,2013,NT
75808,정근우,2013,NT
71801,정대현,2013,NT
97202,진갑용,2013,NT
76455,차우찬,2013,NT
75847,최정,2013,NT
74540,강민호,2014,NT
76325,강정호,2014,NT
77829,김광현,2014,NT
77564,김민성,2014,NT
79402,김상수,2014,NT
76290,김현수,2014,NT
62947,나성범,2014,NT
78629,나지완,2014,NT
76249,민병헌,2014,NT
75125,박병호,2014,NT
77147,봉중근,2014,NT
77532,손아섭,2014,NT
72463,안지만,2014,NT
77637,양현종,2014,NT
77248,오재원,2014,NT
76757,유원상,2014,NT
76812,이재원,2014,NT
60263,이재학,2014,NT
60768,이태양,2014,NT
95657,임창용,2014,NT
76455,차우찬,2014,NT
62363,한현희,2014,NT
65042,홍성무,2014,NT
76313,황재균,2014,NT
74540,강민호,2015,NT
77829,김광현,2015,NT
79402,김상수,2015,NT
74206,김재호,2015,NT
76290,김현수,2015,NT
62947,나성범,2015,NT
76249,민병헌,2015,NT
75125,박병호,2015,NT
77532,손아섭,2015,NT
61411,심창민,2015,NT
76232,양의지,2015,NT
77248,오재원,2015,NT
73117,우규민,2015,NT
71564,이대호,2015,NT
74163,이용규,2015,NT
60768,이태양,2015,NT
76329,이현승,2015,NT
78352,임창민,2015,NT
74513,장원준,2015,NT
75808,정근우,2015,NT
71801,정대현,2015,NT
74857,정우람,2015,NT
65067,조무근,2015,NT
63342,조상우,2015,NT
76455,차우찬,2015,NT
79240,허경민,2015,NT
76313,황재균,2015,NT
62404,구자욱,2017,NT
65933,구창모,2017,NT
66145,김대현,2017,NT
67246,김명신,2017,NT
62934,김성욱,2017,NT
62648,김윤동,2017,NT
74206,김재호,2017,NT
78122,김태군,2017,NT
71752,김태균,2017,NT
64300,김하성,2017,NT
66508,나경민,2017,NT
62234,류지혁,2017,NT
76249,민병헌,2017,NT
79215,박건우,2017,NT
62907,박민우,2017,NT
74465,박석민,2017,NT
64021,박세웅,2017,NT
63512,박진형,2017,NT
76858,박희수,2017,NT
78168,서건창,2017,NT
77532,손아섭,2017,NT
64017,심재민,2017,NT
61411,심창민,2017,NT
65115,안익훈,2017,NT
76232,양의지,2017,NT
77637,양현종,2017,NT
77248,오재원,2017,NT
73117,우규민,2017,NT
76118,원종현,2017,NT
67008,이대은,2017,NT
71564,이대호,2017,NT
74163,이용규,2017,NT
67341,이정후,2017,NT
76329,이현승,2017,NT
62754,임기영,2017,NT
61891,임정우,2017,NT
78352,임창민,2017,NT
95657,임창용,2017,NT
63202,장승현,2017,NT
77318,장시환,2017,NT
74513,장원준,2017,NT
77927,장필준,2017,NT
63950,장현식,2017,NT
75808,정근우,2017,NT
63450,정현,2017,NT
65060,주권,2017,NT
76455,차우찬,2017,NT
66606,최원준,2017,NT
72443,최형우,2017,NT
62700,하주석,2017,NT
63722,한승택,2017,NT
63248,함덕주,2017,NT
79240,허경민,2017,NT
78224,김재환,2018,NT
64300,김하성,2018,NT
76290,김현수,2018,NT
62907,박민우,2018,NT
75125,박병호,2018,NT
60841,박종훈,2018,NT
67266,박치국,2018,NT
62415,박해민,2018,NT
77532,손아섭,2018,NT
79608,안치홍,2018,NT
76232,양의지,2018,NT
77637,양현종,2018,NT
79109,오지환,2018,NT
77211,이용찬,2018,NT
76812,이재원,2018,NT
67341,이정후,2018,NT
62754,임기영,2018,NT
61101,임찬규,2018,NT
77927,장필준,2018,NT
74857,정우람,2018,NT
65320,최원태,2018,NT
66451,최충연,2018,NT
63248,함덕주,2018,NT
76313,황재균,2018,NT
68050,강백호,2019,NT
67119,고우석,2019,NT
77829,김광현,2019,NT
79402,김상수,2019,NT
78224,김재환,2019,NT
64300,김하성,2019,NT
76290,김현수,2019,NT
65643,문경찬,2019,NT
76249,민병헌,2019,NT
79215,박건우,2019,NT
62907,박민우,2019,NT
75125,박병호,2019,NT
62244,박세혁,2019,NT
60841,박종훈,2019,NT
76232,양의지,2019,NT
77637,양현종,2019,NT
76118,원종현,2019,NT
67603,이승호,2019,NT
66291,이영하,2019,NT
77211,이용찬,2019,NT
67341,이정후,2019,NT
63342,조상우,2019,NT
76455,차우찬,2019,NT
75847,최정,2019,NT
69813,하재훈,2019,NT
63248,함덕주,2019,NT
79240,허경민,2019,NT
76313,황재균,2019,NT
74540,강민호,2021,NT
68050,강백호,2021,NT
64001,고영표,2021,NT
67119,고우석,2021,NT
65764,김민우,2021,NT
51516,김진욱,2021,NT
76290,김현수,2021,NT
67304,김혜성,2021,NT
79215,박건우,2021,NT
64021,박세웅,2021,NT
62415,박해민,2021,NT
76232,양의지,2021,NT
75421,오승환,2021,NT
75334,오재일,2021,NT
79109,오지환,2021,NT
69446,원태인,2021,NT
51648,이의리,2021,NT
67341,이정후,2021,NT
63342,조상우,2021,NT
76455,차우찬,2021,NT
66606,최원준,2021,NT
76267,최주환,2021,NT
79240,허경민,2021,NT
76313,황재균,2021,NT
68050,강백호,2022,NT
67119,고우석,2022,NT
68220,곽빈,2022,NT
53344,김동헌,2022,NT
67449,김성윤,2022,NT
68900,김영규,2022,NT
51907,김주원,2022,NT
50458,김지찬,2022,NT
68912,김형준,2022,NT
67304,김혜성,2022,NT
67539,나균안,2022,NT
69737,노시환,2022,NT
52701,문동주,2022,NT
69102,문보경,2022,NT
67893,박성한,2022,NT
64021,박세웅,2022,NT
52060,박영현,2022,NT
69446,원태인,2022,NT
52591,윤동희,2022,NT
69159,정우영,2022,NT
66606,최원준,2022,NT
52639,최지민,2022,NT
50854,최지훈,2022,NT
68050,강백호,2023,NT
64001,고영표,2023,NT
67119,고우석,2023,NT
68220,곽빈,2023,NT
65933,구창모,2023,NT
77829,김광현,2023,NT
62528,김원중,2023,NT
50157,김윤식,2023,NT
51907,김주원,2023,NT
76290,김현수,2023,NT
67304,김혜성,2023,NT
51344,김휘집,2023,NT
62947,나성범,2023,NT
69737,노시환,2023,NT
52701,문동주,2023,NT
79215,박건우,2023,NT
75125,박병호,2023,NT
64021,박세웅,2023,NT
62415,박해민,2023,NT
50030,소형준,2023,NT
76232,양의지,2023,NT
77637,양현종,2023,NT
79109,오지환,2023,NT
69446,원태인,2023,NT
77211,이용찬,2023,NT
51648,이의리,2023,NT
67341,이정후,2023,NT
79456,이지영,2023,NT
69159,정우영,2023,NT
68242,정철원,2023,NT
50662,정해영,2023,NT
65060,주권,2023,NT
75847,최정,2023,NT
50854,최지훈,2023,NT
64001,고영표,2024,NT
53609,곽도규,2024,NT
68220,곽빈,2024,NT
52605,김도영,2024,NT
53754,김서현,2024,NT
51907,김주원,2024,NT
54263,김택연,2024,NT
68912,김형준,2024,NT
51344,김휘집,2024,NT
51551,나승엽,2024,NT
69102,문보경,2024,NT
79365,박동원,2024,NT
67893,박성한,2024,NT
52060,박영현,2024,NT
50030,소형준,2024,NT
65357,송성문,2024,NT
65207,신민재,2024,NT
50106,유영찬,2024,NT
52591,윤동희,2024,NT
66291,이영하,2024,NT
50167,이주형,2024,NT
61101,임찬규,2024,NT
50662,정해영,2024,NT
51897,조병현,2024,NT
51264,최승용,2024,NT
66606,최원준,2024,NT
52639,최지민,2024,NT
66108,홍창기,2024,NT
64001,고영표,2026,NT
68220,곽빈,2026,NT
62404,구자욱,2026,NT
68900,김영규,2026,NT
51907,김주원,2026,NT
68912,김형준,2026,NT
67304,김혜성,2026,NT
73211,노경은,2026,NT
69737,노시환,2026,NT
76715,류현진,2026,NT
69102,문보경,2026,NT
53764,문현빈,2026,NT
79365,박동원,2026,NT
62415,박해민,2026,NT
50030,소형준,2026,NT
67143,손주영,2026,NT
65207,신민재,2026,NT
52001,안현민,2026,NT
50106,유영찬,2026,NT
55743,정우주,2026,NT
51897,조병현,2026,NT
